34.102,1,12,222,12
61.054,1,12,222,12
72.8,3,12,222,12
2.5934,2,12,222,12
75.948,3,12,222,12
71.484,1,12,222,12
60.256,1,12,222,12
59.621,1,12,222,12
111.52,0,12,222,12
56.492,3,12,222,12
67.977,1,12,222,12
91.294,2,12,222,12
52.513,3,12,222,12
65.058,3,12,222,12
38.322,1,12,222,12
0.84456,1,12,222,12
124.43,0,12,222,12
44.314,2,12,222,12
83.453,1,12,222,12
77.192,3,12,222,12
55.42,3,12,222,12
106.4,3,12,222,12
51.189,2,12,222,12
159.76,0,12,222,12
119.67,0,12,222,12
109.2,0,12,222,12
23.002,3,12,222,12
5.9624,2,12,222,12
22.842,1,12,222,12
30.701,2,12,222,12
19.225,3,12,222,12
42.169,2,12,222,12
37.311,1,12,222,12
31.15,1,12,222,12
60.344,2,12,222,12
26.522,1,12,222,12
23.526,3,12,222,12
11.182,2,12,222,12
125.64,0,12,222,12
8.1468,1,12,222,12
98.022,3,12,222,12
19.489,2,12,222,12
28.68,3,12,222,12
46.513,3,12,222,12
24.595,1,12,222,12
4.3178,1,12,222,12
127.59,0,12,222,12
7.2574,3,12,222,12
17.069,2,12,222,12
26.5,2,12,222,12
36.807,1,12,222,12
26.391,3,12,222,12
82.549,2,12,222,12
47.381,2,12,222,12
49.732,2,12,222,12
23.38,2,12,222,12
8.914,1,12,222,12
34.001,2,12,222,12
0.22381,1,12,226,12
28.729,1,12,226,12
0.96113,3,12,226,12
60.668,2,12,226,12
75.065,3,12,226,12
117.6,0,12,226,12
16.575,1,12,226,12
31.954,1,12,226,12
51.357,1,12,226,12
40.526,3,12,226,12
15.772,3,12,226,12
87.695,1,12,226,12
94.195,2,12,226,12
5.2695,3,12,226,12
35.654,3,12,226,12
32.705,1,12,226,12
21.259,1,12,226,12
80.187,2,12,226,12
4.2503,2,12,226,12
15.568,1,12,226,12
2.9428,3,12,226,12
55,3,12,226,12
6.8024,1,12,226,12
59.863,3,12,226,12
22.492,2,12,226,12
138.17,0,12,226,12
97.423,1,12,226,12
62.559,3,12,226,12
35.266,2,12,226,12
31.266,2,12,226,12
87.57,3,12,226,12
16.691,2,12,226,12
12.975,1,12,226,12
56.949,1,12,226,12
40.417,2,12,226,12
30.829,1,12,226,12
34.417,3,12,226,12
10.332,2,12,226,12
30.83,3,12,226,12
27.937,1,12,226,12
20.992,3,12,226,12
35.306,2,12,226,12
6.0073,3,12,226,12
48.408,3,12,226,12
16.609,1,12,226,12
13.245,1,12,226,12
23.566,2,12,226,12
46.405,3,12,226,12
12.162,2,12,226,12
21.125,2,12,226,12
26.361,1,12,226,12
83.372,3,12,226,12
101.13,2,12,226,12
38.307,2,12,226,12
1.9887,2,12,226,12
3.214,2,12,226,12
48.774,1,12,226,12
9.3341,2,12,226,12
91.286,1,7.8,231,8
31.954,1,7.8,231,8
14.338,3,7.8,231,8
85.99,2,7.8,231,8
22.217,3,7.8,231,8
29.519,1,7.8,231,8
126.29,1,7.8,231,8
47.711,1,7.8,231,8
27.521,3,7.8,231,8
61.759,3,7.8,231,8
84.38,1,7.8,231,8
35.513,2,7.8,231,8
83.425,3,7.8,231,8
10.863,1,7.8,231,8
13.618,1,7.8,231,8
81.153,2,7.8,231,8
12.649,2,7.8,231,8
108.15,1,7.8,231,8
59.709,3,7.8,231,8
7.9486,3,7.8,231,8
56.844,2,7.8,231,8
42.725,2,7.8,231,8
10.112,1,7.8,231,8
235.05,2,7.8,231,8
115.43,2,7.8,231,8
28.03,3,7.8,231,8
133.82,3,7.8,231,8
87.546,1,7.8,231,8
97.427,3,7.8,231,8
60.691,2,7.8,231,8
6.3177,2,7.8,231,8
15.727,1,7.8,231,8
210.82,2,7.8,231,8
59.012,3,7.8,231,8
69.838,2,7.8,231,8
113.65,1,7.8,231,8
179.14,3,7.8,231,8
12.365,2,7.8,231,8
102.33,1,7.8,231,8
1.6051,1,7.8,231,8
32.107,3,7.8,231,8
72.316,1,7.8,231,8
33.134,1,7.8,231,8
46.177,2,7.8,231,8
13.812,2,7.8,231,8
71.509,3,7.8,231,8
89.09,2,7.8,231,8
126.05,1,9.1,235,10
201.66,3,9.1,235,10
57.77,2,9.1,235,10
4.8735,3,9.1,235,10
73.641,1,9.1,235,10
52.658,1,9.1,235,10
20.284,1,9.1,235,10
56.122,1,9.1,235,10
202.59,3,9.1,235,10
215.36,3,9.1,235,10
22.054,1,9.1,235,10
120.02,2,9.1,235,10
52.025,3,9.1,235,10
23.739,3,9.1,235,10
132.61,1,9.1,235,10
86.608,1,9.1,235,10
11.948,2,9.1,235,10
98.919,2,9.1,235,10
67.042,1,9.1,235,10
55.915,3,9.1,235,10
126.21,3,9.1,235,10
16.589,1,9.1,235,10
108.39,3,9.1,235,10
85.141,2,9.1,235,10
51.609,2,9.1,235,10
172.9,1,9.1,235,10
47.126,2,9.1,235,10
18.009,3,9.1,235,10
28.869,2,9.1,235,10
23.048,1,9.1,235,10
54.912,2,9.1,235,10
104.82,3,9.1,235,10
9.9295,2,9.1,235,10
12.843,1,9.1,235,10
77.46,1,9.1,235,10
4.4953,2,9.1,235,10
49.559,1,9.1,235,10
92.425,3,9.1,235,10
218.24,2,9.1,235,10
6.5281,3,9.1,235,10
128.79,1,9.1,235,10
62.845,3,9.1,235,10
46.732,2,9.1,235,10
49.567,3,9.1,235,10
5.5536,3,9.1,235,10
24.738,1,9.1,235,10
32.34,1,9.1,235,10
12.723,2,9.1,235,10
112.04,3,9.1,235,10
61.744,2,9.1,235,10
127.04,2,9.1,235,10
7.9022,1,9.1,235,10
34.463,3,9.1,235,10
20.15,2,9.1,235,10
79.044,2,9.1,235,10
12.884,2,9.1,235,10
67.48,2,9.1,235,10
0.9529,1,9.1,235,10
36.577,2,9.1,235,10
146.95,3,9.2,251,10
23.353,1,9.2,251,10
12.582,2,9.2,251,10
30.206,2,9.2,251,10
20.98,2,9.2,251,10
104.81,3,9.2,251,10
62.599,1,9.2,251,10
2.9327,3,9.2,251,10
87.77,2,9.2,251,10
97.471,1,9.2,251,10
39.56,1,9.2,251,10
18.927,3,9.2,251,10
12.292,2,9.2,251,10
66.698,3,9.2,251,10
47.109,1,9.2,251,10
14.066,1,9.2,251,10
46.783,1,9.2,251,10
17.689,1,9.2,251,10
58.672,3,9.2,251,10
50.886,1,9.2,251,10
71.739,2,9.2,251,10
42.236,3,9.2,251,10
2.0839,3,9.2,251,10
110.66,1,9.2,251,10
100.57,1,9.2,251,10
0.67597,2,9.2,251,10
8.7129,1,9.2,251,10
109.03,1,9.2,251,10
52.56,2,9.2,251,10
66.113,3,9.2,251,10
24.131,2,9.2,251,10
25.057,1,9.2,251,10
8.5432,1,9.2,251,10
82.75,2,9.2,251,10
50.47,1,9.2,251,10
51.756,3,9.2,251,10
9.9469,2,9.2,251,10
48.31,3,9.2,251,10
53.817,1,9.2,251,10
48.913,3,9.2,251,10
88.345,2,9.2,251,10
64.548,3,9.2,251,10
46.363,3,9.2,251,10
37.422,1,9.2,251,10
26.836,1,9.2,251,10
13.85,2,9.2,251,10
39.7,3,9.2,251,10
15.315,2,9.2,251,10
5.4918,2,9.2,251,10
4.5776,1,9.2,251,10
140.29,3,9.2,251,10
0.00097414,2,9.2,251,10
6.9386,2,9.2,251,10
15.016,2,9.2,251,10
37.551,2,9.2,251,10
47.93,1,9.2,251,10
17.154,2,9.2,251,10
53.382,3,9.6,253,10
37.928,1,9.6,253,10
11.865,2,9.6,253,10
96.878,2,9.6,253,10
80.682,2,9.6,253,10
74.975,3,9.6,253,10
81.831,1,9.6,253,10
6.3455,3,9.6,253,10
34.469,2,9.6,253,10
35.627,1,9.6,253,10
106.15,1,9.6,253,10
15.321,3,9.6,253,10
0.0054616,2,9.6,253,10
23.021,3,9.6,253,10
9.3538,1,9.6,253,10
4.9432,1,9.6,253,10
71.052,1,9.6,253,10
25.368,1,9.6,253,10
65.375,3,9.6,253,10
18.199,3,9.6,253,10
108.56,1,9.6,253,10
74.176,2,9.6,253,10
4.7821,3,9.6,253,10
26.492,3,9.6,253,10
72.358,1,9.6,253,10
142.24,1,9.6,253,10
56.264,2,9.6,253,10
44.618,2,9.6,253,10
21.362,1,9.6,253,10
68.857,2,9.6,253,10
62.569,3,9.6,253,10
43.288,2,9.6,253,10
102.07,1,9.6,253,10
46.4,1,9.6,253,10
31.95,2,9.6,253,10
54.975,1,9.6,253,10
24.696,3,9.6,253,10
10.57,2,9.6,253,10
93.569,3,9.6,253,10
71.18,1,9.6,253,10
106.7,3,9.6,253,10
106.18,2,9.6,253,10
123.76,3,9.6,253,10
113.15,3,9.6,253,10
19.015,1,9.6,253,10
53.898,1,9.6,253,10
40.445,2,9.6,253,10
57.004,3,9.6,253,10
113,2,9.6,253,10
21.131,1,9.6,253,10
43.853,3,9.6,253,10
114.02,2,9.6,253,10
70.123,2,9.6,253,10
130.06,2,9.6,253,10
77.708,2,9.6,253,10
14.406,1,9.6,253,10
9.6472,2,9.6,253,10
55.531,3,10.3,232,10
63.64,1,10.3,232,10
22.525,2,10.3,232,10
33.76,2,10.3,232,10
33.049,2,10.3,232,10
45.883,3,10.3,232,10
2.6591,1,10.3,232,10
123.27,3,10.3,232,10
86.965,2,10.3,232,10
46.193,1,10.3,232,10
74.611,1,10.3,232,10
9.4509,1,10.3,232,10
34.666,3,10.3,232,10
11.858,2,10.3,232,10
46.486,3,10.3,232,10
126.63,1,10.3,232,10
7.0421,1,10.3,232,10
88.43,1,10.3,232,10
5.1149,1,10.3,232,10
19.064,3,10.3,232,10
67.987,3,10.3,232,10
6.5691,1,10.3,232,10
29.912,2,10.3,232,10
52.079,3,10.3,232,10
5.6804,3,10.3,232,10
3.3852,1,10.3,232,10
6.4045,1,10.3,232,10
73.365,2,10.3,232,10
56.064,2,10.3,232,10
28.005,1,10.3,232,10
109.81,1,10.3,232,10
2.0987,2,10.3,232,10
113.57,3,10.3,232,10
17.403,2,10.3,232,10
81.316,1,10.3,232,10
55.243,1,10.3,232,10
113.45,2,10.3,232,10
23.018,1,10.3,232,10
13.235,3,10.3,232,10
20.566,2,10.3,232,10
35.02,3,10.3,232,10
18.812,1,10.3,232,10
90.403,3,10.3,232,10
78.433,2,10.3,232,10
78.041,3,10.3,232,10
55.781,3,10.3,232,10
83.75,1,10.3,232,10
29.507,1,10.3,232,10
73.113,2,10.3,232,10
35.57,3,10.3,232,10
33.216,2,10.3,232,10
75.711,2,10.3,232,10
3.4613,1,10.3,232,10
15.299,3,10.3,232,10
9.9414,2,10.3,232,10
12.147,2,10.3,232,10
56.482,2,10.3,232,10
16.423,2,10.3,232,10
51.282,1,10.3,232,10
50.559,2,10.3,232,10
55.841,1,11.2,116,12
65.521,2,11.2,116,12
60.673,2,11.2,116,12
54.092,2,11.2,116,12
48.088,3,11.2,116,12
21.82,3,11.2,116,12
87.137,2,11.2,116,12
5.4116,1,11.2,116,12
101.53,1,11.2,116,12
11.902,1,11.2,116,12
79.751,3,11.2,116,12
10.954,2,11.2,116,12
27.432,3,11.2,116,12
28.266,1,11.2,116,12
85.534,1,11.2,116,12
59.876,1,11.2,116,12
70.145,1,11.2,116,12
64.128,3,11.2,116,12
54.592,3,11.2,116,12
18.624,1,11.2,116,12
86.476,2,11.2,116,12
49.143,3,11.2,116,12
42.517,3,11.2,116,12
154.2,1,11.2,116,12
140.52,1,11.2,116,12
47.952,2,11.2,116,12
57.041,2,11.2,116,12
82.701,1,11.2,116,12
43.212,2,11.2,116,12
34.641,3,11.2,116,12
100.95,2,11.2,116,12
91.367,1,11.2,116,12
71.062,1,11.2,116,12
108.24,2,11.2,116,12
145.31,3,11.2,116,12
5.2067,1,11.2,116,12
19.27,3,11.2,116,12
52.651,2,11.2,116,12
48.271,3,11.2,116,12
63.942,3,11.2,116,12
52.167,1,11.2,116,12
15.521,1,11.2,116,12
120.98,2,11.2,116,12
90.229,3,11.2,116,12
12.116,2,11.2,116,12
78.042,2,11.2,116,12
23.381,1,11.2,116,12
42.674,3,11.2,116,12
67.603,2,11.2,116,12
30.456,2,11.2,116,12
8.6294,2,11.2,116,12
13.643,2,11.2,116,12
37.655,1,11.2,116,12
64.842,2,11.2,116,12
71.194,3,7.1,263,8
27.149,1,7.1,263,8
47.676,2,7.1,263,8
22.137,2,7.1,263,8
19.347,2,7.1,263,8
6.1459,3,7.1,263,8
116.17,1,7.1,263,8
89.11,3,7.1,263,8
41.465,2,7.1,263,8
68.808,1,7.1,263,8
56.835,1,7.1,263,8
88.467,1,7.1,263,8
12.425,3,7.1,263,8
105.23,2,7.1,263,8
70.257,3,7.1,263,8
24.245,1,7.1,263,8
7.3665,1,7.1,263,8
31.047,1,7.1,263,8
15.83,1,7.1,263,8
44.779,3,7.1,263,8
38.914,3,7.1,263,8
122.53,1,7.1,263,8
29.878,2,7.1,263,8
57.403,3,7.1,263,8
150.1,3,7.1,263,8
10.667,1,7.1,263,8
163.14,1,7.1,263,8
32.64,2,7.1,263,8
62.438,2,7.1,263,8
21.591,1,7.1,263,8
122.98,1,7.1,263,8
57.757,2,7.1,263,8
20.423,3,7.1,263,8
105.96,2,7.1,263,8
11.012,1,7.1,263,8
30.729,1,7.1,263,8
8.9414,2,7.1,263,8
17.406,1,7.1,263,8
25.747,3,7.1,263,8
135.06,2,7.1,263,8
51.842,3,7.1,263,8
28.326,1,7.1,263,8
3.9382,3,7.1,263,8
77.252,2,7.1,263,8
39.098,3,7.1,263,8
21.073,3,7.1,263,8
76.31,1,7.1,263,8
56.79,1,7.1,263,8
0.043067,2,7.1,263,8
88.502,3,7.1,263,8
1.1715,2,7.1,263,8
10.224,2,7.1,263,8
15.324,1,7.1,263,8
82.174,3,7.1,263,8
6.3776,2,7.1,263,8
40.14,2,7.1,263,8
27.764,2,7.1,263,8
24.336,2,7.1,263,8
12.94,1,7.1,263,8
4.1001,2,7.1,263,8
4.9885,3,9.9,258,10
14.407,1,9.9,258,10
9.2048,2,9.9,258,10
5.0446,2,9.9,258,10
40.988,2,9.9,258,10
65.925,3,9.9,258,10
7.5674,1,9.9,258,10
133.7,3,9.9,258,10
84.092,2,9.9,258,10
77.037,1,9.9,258,10
86.209,1,9.9,258,10
99.194,3,9.9,258,10
5.1188,2,9.9,258,10
28.412,3,9.9,258,10
105.24,1,9.9,258,10
77.493,1,9.9,258,10
38.014,1,9.9,258,10
107.41,1,9.9,258,10
37.362,3,9.9,258,10
64.509,3,9.9,258,10
89.654,1,9.9,258,10
50.465,2,9.9,258,10
142.94,3,9.9,258,10
21.68,3,9.9,258,10
71.684,1,9.9,258,10
37.97,1,9.9,258,10
88.289,2,9.9,258,10
35.996,1,9.9,258,10
60.93,1,9.9,258,10
40.708,2,9.9,258,10
27.136,3,9.9,258,10
59.894,2,9.9,258,10
54.845,1,9.9,258,10
67.591,1,9.9,258,10
13.944,2,9.9,258,10
23.022,1,9.9,258,10
37.232,3,9.9,258,10
47.169,2,9.9,258,10
43.799,3,9.9,258,10
13.792,1,9.9,258,10
20.127,3,9.9,258,10
28.82,2,9.9,258,10
34.676,3,9.9,258,10
21.896,1,9.9,258,10
29.971,1,9.9,258,10
6.702,2,9.9,258,10
15.017,3,9.9,258,10
56.293,2,9.9,258,10
44.388,2,9.9,258,10
11.476,1,9.9,258,10
43.652,3,9.9,258,10
4.287,2,9.9,258,10
8.2512,2,9.9,258,10
17.864,2,9.9,258,10
87.78,2,9.9,258,10
4.6362,1,9.9,258,10
55.951,2,9.9,258,10
70.847,2,9.6,266,10
39.208,2,9.6,266,10
81.942,2,9.6,266,10
220.59,3,9.6,266,10
117.25,1,9.6,266,10
171.48,1,9.6,266,10
122.25,1,9.6,266,10
0.46481,3,9.6,266,10
83.544,2,9.6,266,10
82.953,3,9.6,266,10
157.84,1,9.6,266,10
251.82,1,9.6,266,10
90.526,1,9.6,266,10
16.309,3,9.6,266,10
55.29,2,9.6,266,10
165.06,3,9.6,266,10
45.912,3,9.6,266,10
75.152,1,9.6,266,10
126.5,1,9.6,266,10
144.96,2,9.6,266,10
78.537,2,9.6,266,10
108.66,1,9.6,266,10
27.423,2,9.6,266,10
123.34,3,9.6,266,10
52.158,1,9.6,266,10
13.446,1,9.6,266,10
161.82,2,9.6,266,10
25.393,1,9.6,266,10
144.62,2,9.6,266,10
58.229,1,9.6,266,10
109.96,3,9.6,266,10
76.935,2,9.6,266,10
23.662,3,9.6,266,10
109.29,2,9.6,266,10
69.428,3,9.6,266,10
93.016,2,9.6,266,10
137.9,1,9.6,266,10
83.939,3,9.6,266,10
215.31,2,9.6,266,10
132.47,2,9.6,266,10
114.53,2,9.6,266,10
32.086,2,9.6,266,10
93.632,1,9.6,266,10
34.241,3,7.6,265,8
104.02,1,7.6,265,8
130.9,2,7.6,265,8
4.7255,2,7.6,265,8
68.676,2,7.6,265,8
122.99,3,7.6,265,8
19.383,1,7.6,265,8
190,3,7.6,265,8
98.986,1,7.6,265,8
24.614,1,7.6,265,8
16.397,1,7.6,265,8
164.47,3,7.6,265,8
21.945,2,7.6,265,8
82.871,3,7.6,265,8
127.41,1,7.6,265,8
104,1,7.6,265,8
52.622,1,7.6,265,8
77.281,1,7.6,265,8
1.4144,1,7.6,265,8
141.47,2,7.6,265,8
127.45,3,7.6,265,8
84.696,3,7.6,265,8
121.95,1,7.6,265,8
119.14,1,7.6,265,8
75.098,2,7.6,265,8
34.141,2,7.6,265,8
121.96,1,7.6,265,8
249.71,1,7.6,265,8
138.99,3,7.6,265,8
162.97,2,7.6,265,8
219.57,1,7.6,265,8
71.234,2,7.6,265,8
26.186,2,7.6,265,8
147.74,3,7.6,265,8
59.141,1,7.6,265,8
107.47,3,7.6,265,8
47.331,2,7.6,265,8
82.559,3,7.6,265,8
103.31,3,7.6,265,8
19.387,1,7.6,265,8
77.432,1,7.6,265,8
3.5994,2,7.6,265,8
62.957,3,7.6,265,8
219.97,2,7.6,265,8
184.29,2,7.6,265,8
197.37,1,7.6,265,8
23.04,3,7.6,265,8
200.73,2,7.6,265,8
39.958,2,7.6,265,8
105.86,2,7.6,265,8
204.77,2,7.6,265,8
61.226,1,7.6,265,8
52.449,2,7.6,265,8
92.048,3,10.9,271,10
2.9482,1,10.9,271,10
95.877,2,10.9,271,10
54.065,2,10.9,271,10
0.13558,2,10.9,271,10
20.868,3,10.9,271,10
40.877,1,10.9,271,10
144.12,3,10.9,271,10
172.62,2,10.9,271,10
135.22,1,10.9,271,10
18.478,1,10.9,271,10
42.513,3,10.9,271,10
183.65,2,10.9,271,10
182.87,3,10.9,271,10
70.718,1,10.9,271,10
87.55,1,10.9,271,10
93.063,1,10.9,271,10
137.11,3,10.9,271,10
21.223,3,10.9,271,10
59.891,1,10.9,271,10
42.968,3,10.9,271,10
53.978,3,10.9,271,10
49.635,1,10.9,271,10
46.952,2,10.9,271,10
137.24,2,10.9,271,10
54.938,1,10.9,271,10
55.669,1,10.9,271,10
61.682,2,10.9,271,10
55.001,2,10.9,271,10
6.3167,1,10.9,271,10
61.46,1,10.9,271,10
13.443,2,10.9,271,10
80.447,1,10.9,271,10
38.226,3,10.9,271,10
14.819,2,10.9,271,10
116.24,3,10.9,271,10
92.543,1,10.9,271,10
97.928,2,10.9,271,10
14.934,3,10.9,271,10
22.53,3,10.9,271,10
56.859,1,10.9,271,10
111.61,1,10.9,271,10
27.265,2,10.9,271,10
114.36,3,10.9,271,10
43.42,2,10.9,271,10
90.392,2,10.9,271,10
95.884,1,10.9,271,10
25.785,3,10.9,271,10
102.29,2,10.9,271,10
113.97,2,10.9,271,10
96.566,2,10.9,271,10
80.79,2,10.9,271,10
25.459,1,10.9,271,10
41.86,2,10.9,271,10
73.846,3,12,280,12
7.7115,1,12,280,12
76.512,2,12,280,12
0.60958,2,12,280,12
10.42,2,12,280,12
81.584,3,12,280,12
12.588,1,12,280,12
35.772,3,12,280,12
4.2837,2,12,280,12
42.267,1,12,280,12
65.715,1,12,280,12
7.9725,1,12,280,12
65.035,3,12,280,12
13.723,2,12,280,12
53.474,3,12,280,12
9.1722,1,12,280,12
33.295,1,12,280,12
16.854,1,12,280,12
4.6772,1,12,280,12
3.9388,3,12,280,12
30.791,3,12,280,12
16.221,1,12,280,12
33.984,2,12,280,12
8.7337,3,12,280,12
29.833,3,12,280,12
19.323,1,12,280,12
14.729,1,12,280,12
63.323,2,12,280,12
55.46,2,12,280,12
90.021,1,12,280,12
60.818,2,12,280,12
17.669,3,12,280,12
13.327,2,12,280,12
12.479,1,12,280,12
1.2708,1,12,280,12
49.049,2,12,280,12
32.763,1,12,280,12
28.621,3,12,280,12
17.074,2,12,280,12
77.626,3,12,280,12
30.069,1,12,280,12
50.416,3,12,280,12
58.873,2,12,280,12
78.775,3,12,280,12
84.574,3,12,280,12
15.101,1,12,280,12
62.587,1,12,280,12
43.327,3,12,280,12
52.179,2,12,280,12
10.448,2,12,280,12
0.30509,1,12,280,12
46.249,3,12,280,12
50.73,2,12,280,12
11.574,2,12,280,12
20.851,2,12,280,12
7.659,2,12,280,12
18.76,1,12,280,12
55.763,2,12,280,12
35.512,3,12.2,279,12
61.331,1,12.2,279,12
20.42,2,12.2,279,12
11.694,2,12.2,279,12
6.4846,2,12.2,279,12
38.617,3,12.2,279,12
29.116,1,12.2,279,12
55.428,3,12.2,279,12
28.188,2,12.2,279,12
13.438,1,12.2,279,12
46.595,1,12.2,279,12
21.299,1,12.2,279,12
7.3378,3,12.2,279,12
9.641,2,12.2,279,12
21.431,3,12.2,279,12
55.727,1,12.2,279,12
63.435,1,12.2,279,12
162.34,1,12.2,279,12
69.443,3,12.2,279,12
103.68,3,12.2,279,12
64.591,1,12.2,279,12
107.89,2,12.2,279,12
41.811,3,12.2,279,12
44.054,3,12.2,279,12
24.758,1,12.2,279,12
66.698,2,12.2,279,12
52.108,2,12.2,279,12
128.89,1,12.2,279,12
52.086,1,12.2,279,12
1.508,2,12.2,279,12
3.1662,3,12.2,279,12
9.9616,2,12.2,279,12
45.259,1,12.2,279,12
63.652,1,12.2,279,12
71.513,2,12.2,279,12
84.294,1,12.2,279,12
18.231,3,12.2,279,12
79.365,2,12.2,279,12
17.504,3,12.2,279,12
28.733,1,12.2,279,12
19.885,3,12.2,279,12
59.127,2,12.2,279,12
23.15,3,12.2,279,12
49.889,3,12.2,279,12
9.332,1,12.2,279,12
31.35,1,12.2,279,12
26.275,2,12.2,279,12
50.003,3,12.2,279,12
93.123,2,12.2,279,12
27.478,2,12.2,279,12
92.91,1,12.2,279,12
83.203,3,12.2,279,12
38.112,2,12.2,279,12
5.4049,2,12.2,279,12
120.06,2,12.2,279,12
7.9818,2,12.2,279,12
45.178,1,12.2,279,12
29.832,2,12.2,279,12
3.5572,1,10.2,276,10
49.625,2,10.2,276,10
106.73,2,10.2,276,10
52.883,2,10.2,276,10
47.685,3,10.2,276,10
31.802,1,10.2,276,10
51.192,3,10.2,276,10
61.664,2,10.2,276,10
48.91,1,10.2,276,10
101.69,1,10.2,276,10
17.37,1,10.2,276,10
78.948,3,10.2,276,10
27.179,2,10.2,276,10
79.335,3,10.2,276,10
93.042,1,10.2,276,10
27.712,1,10.2,276,10
34.191,1,10.2,276,10
44.138,1,10.2,276,10
12.288,3,10.2,276,10
48.454,3,10.2,276,10
84.515,1,10.2,276,10
73.906,2,10.2,276,10
115.43,3,10.2,276,10
46.157,3,10.2,276,10
105.05,1,10.2,276,10
17.579,1,10.2,276,10
75.505,2,10.2,276,10
9.3238,2,10.2,276,10
68.048,1,10.2,276,10
51.235,1,10.2,276,10
8.3536,2,10.2,276,10
61.279,3,10.2,276,10
82.942,2,10.2,276,10
64.19,1,10.2,276,10
58.264,1,10.2,276,10
48.579,2,10.2,276,10
21.331,1,10.2,276,10
55.216,3,10.2,276,10
38.84,2,10.2,276,10
113.58,3,10.2,276,10
68.873,1,10.2,276,10
34.926,3,10.2,276,10
5.3086,2,10.2,276,10
89.768,3,10.2,276,10
69.54,3,10.2,276,10
141.58,1,10.2,276,10
56.434,1,10.2,276,10
70.856,2,10.2,276,10
45.055,3,10.2,276,10
72.836,2,10.2,276,10
35.367,2,10.2,276,10
15.386,1,10.2,276,10
36.077,3,10.2,276,10
34.593,2,10.2,276,10
23.835,2,10.2,276,10
16.159,2,10.2,276,10
55.721,2,10.2,276,10
6.2591,1,10.2,276,10
15.66,2,10.2,276,10
95.598,3,10,282,10
33.492,1,10,282,10
111.43,2,10,282,10
35.807,2,10,282,10
24.818,2,10,282,10
28.385,3,10,282,10
108.69,1,10,282,10
78.554,3,10,282,10
64.476,2,10,282,10
86.743,1,10,282,10
97.373,1,10,282,10
41.399,3,10,282,10
8.6851,2,10,282,10
142.5,3,10,282,10
48.491,1,10,282,10
23.838,1,10,282,10
108.42,1,10,282,10
146.13,3,10,282,10
83.285,3,10,282,10
62.326,1,10,282,10
81.152,2,10,282,10
73.385,3,10,282,10
8.3814,3,10,282,10
23.496,1,10,282,10
68.828,2,10,282,10
82.292,2,10,282,10
41.329,2,10,282,10
43.866,3,10,282,10
11.401,2,10,282,10
39.603,1,10,282,10
32.016,1,10,282,10
87.385,2,10,282,10
68.087,2,10,282,10
15.248,3,10,282,10
22.775,1,10,282,10
9.2302,3,10,282,10
3.846,2,10,282,10
69.006,3,10,282,10
24.781,3,10,282,10
119.5,1,10,282,10
75.378,2,10,282,10
69.26,3,10,282,10
18.065,2,10,282,10
86.737,2,10,282,10
5.29,2,10,282,10
72.874,2,10,282,10
82.119,2,10,282,10
38.778,1,10,282,10
85.509,2,10,282,10
4.0865,1,10.8,223,10
16.354,1,10.8,223,10
20.525,3,10.8,223,10
128.04,0,10.8,223,10
106.5,3,10.8,223,10
62.527,1,10.8,223,10
30.578,1,10.8,223,10
86.391,1,10.8,223,10
18.061,1,10.8,223,10
55.443,3,10.8,223,10
11.472,3,10.8,223,10
124.61,0,10.8,223,10
102.49,2,10.8,223,10
0.83065,3,10.8,223,10
21.689,3,10.8,223,10
2.255,1,10.8,223,10
33.248,1,10.8,223,10
73.254,2,10.8,223,10
20.524,2,10.8,223,10
55.93,1,10.8,223,10
58.813,3,10.8,223,10
29.726,3,10.8,223,10
39.307,1,10.8,223,10
20.051,3,10.8,223,10
96.425,2,10.8,223,10
95.019,2,10.8,223,10
50.994,1,10.8,223,10
5.2399,2,10.8,223,10
104.51,3,10.8,223,10
106.07,2,10.8,223,10
16.274,2,10.8,223,10
72.91,3,10.8,223,10
57.601,2,10.8,223,10
33.636,1,10.8,223,10
62.836,1,10.8,223,10
20.859,2,10.8,223,10
32.5,1,10.8,223,10
24.042,3,10.8,223,10
76.155,2,10.8,223,10
34.75,3,10.8,223,10
36.242,1,10.8,223,10
37.139,3,10.8,223,10
10.756,2,10.8,223,10
13.429,3,10.8,223,10
38.133,3,10.8,223,10
7.2254,1,10.8,223,10
62.916,1,10.8,223,10
9.5376,2,10.8,223,10
0.12342,3,10.8,223,10
12.021,2,10.8,223,10
16.915,2,10.8,223,10
18.984,1,10.8,223,10
1.2785,3,10.8,223,10
43.477,2,10.8,223,10
50.703,2,10.8,223,10
81.724,2,10.8,223,10
82.53,2,10.8,223,10
18.389,1,10.8,223,10
30.835,2,10.8,223,10
51.685,1,10.4,230,10
57.829,1,10.4,230,10
114.1,3,10.4,230,10
52.984,2,10.4,230,10
48.289,3,10.4,230,10
7.262,1,10.4,230,10
54.04,1,10.4,230,10
18.316,1,10.4,230,10
76.34,1,10.4,230,10
17.237,3,10.4,230,10
47.559,3,10.4,230,10
23.149,1,10.4,230,10
37,2,10.4,230,10
38.379,3,10.4,230,10
66.936,3,10.4,230,10
33.944,1,10.4,230,10
3.5221,1,10.4,230,10
37.603,2,10.4,230,10
40.397,2,10.4,230,10
60.182,1,10.4,230,10
14.489,3,10.4,230,10
136.52,3,10.4,230,10
24.532,1,10.4,230,10
60.697,3,10.4,230,10
129.69,2,10.4,230,10
18.613,2,10.4,230,10
46.495,1,10.4,230,10
98.828,2,10.4,230,10
1.1661,3,10.4,230,10
1.8694,2,10.4,230,10
80.47,1,10.4,230,10
44.412,2,10.4,230,10
46.685,3,10.4,230,10
72.572,2,10.4,230,10
17.641,1,10.4,230,10
60.268,1,10.4,230,10
32.956,2,10.4,230,10
72.117,1,10.4,230,10
121.18,3,10.4,230,10
20.341,2,10.4,230,10
10.911,3,10.4,230,10
66.431,1,10.4,230,10
32.988,2,10.4,230,10
67.538,3,10.4,230,10
20.993,3,10.4,230,10
1.8374,1,10.4,230,10
40.062,1,10.4,230,10
54.659,2,10.4,230,10
24.174,3,10.4,230,10
96.066,2,10.4,230,10
145.73,2,10.4,230,10
173.36,1,10.4,230,10
141.82,3,10.4,230,10
81.579,2,10.4,230,10
72.362,2,10.4,230,10
99.642,2,10.4,230,10
83.448,2,10.4,230,10
48.445,1,10.4,230,10
73.037,2,10.4,230,10
102.1,1,7.6,234,8
88.927,1,7.6,234,8
153.57,0,7.6,234,8
142.04,0,7.6,234,8
91.614,3,7.6,234,8
30.193,1,7.6,234,8
80.295,1,7.6,234,8
206.08,0,7.6,234,8
26.603,1,7.6,234,8
1.6339,3,7.6,234,8
181.83,0,7.6,234,8
70.152,3,7.6,234,8
51.312,3,7.6,234,8
199.82,0,7.6,234,8
49.623,1,7.6,234,8
93.264,2,7.6,234,8
45.766,2,7.6,234,8
127.76,0,7.6,234,8
106.29,1,7.6,234,8
122.08,0,7.6,234,8
213.36,0,7.6,234,8
93.547,2,7.6,234,8
102.76,1,7.6,234,8
59.099,2,7.6,234,8
3.447,3,7.6,234,8
55.465,2,7.6,234,8
26.042,1,7.6,234,8
163.97,0,7.6,234,8
54.2,3,7.6,234,8
41.942,2,7.6,234,8
72.042,1,7.6,234,8
75.296,1,7.6,234,8
51.42,2,7.6,234,8
78.892,1,7.6,234,8
226.45,0,7.6,234,8
19.377,2,7.6,234,8
203.52,0,7.6,234,8
13.489,1,7.6,234,8
70.184,3,7.6,234,8
50.402,3,7.6,234,8
208.68,0,7.6,234,8
36.574,1,7.6,234,8
115.25,0,7.6,234,8
67.15,2,7.6,234,8
78.261,3,7.6,234,8
137.4,0,7.6,234,8
88.538,2,7.6,234,8
82.638,1,7.6,234,8
57.86,3,7.6,234,8
105.63,2,7.6,234,8
10.424,2,7.6,234,8
2.945,2,7.6,234,8
64.639,2,7.6,234,8
37.149,1,7.6,234,8
25.589,2,7.6,234,8
91.413,1,7.8,239,8
107,1,7.8,239,8
134.01,3,7.8,239,8
82.094,2,7.8,239,8
28.737,3,7.8,239,8
140.17,1,7.8,239,8
72.294,1,7.8,239,8
86.601,1,7.8,239,8
163.36,1,7.8,239,8
219.25,3,7.8,239,8
87.346,3,7.8,239,8
73.67,1,7.8,239,8
18.591,2,7.8,239,8
30.586,3,7.8,239,8
153.54,3,7.8,239,8
88.931,1,7.8,239,8
1.9695,1,7.8,239,8
41.396,2,7.8,239,8
38.935,2,7.8,239,8
98.529,1,7.8,239,8
130.7,3,7.8,239,8
21.431,1,7.8,239,8
83.476,3,7.8,239,8
64.493,2,7.8,239,8
37.429,2,7.8,239,8
30.384,1,7.8,239,8
31.404,2,7.8,239,8
118.3,2,7.8,239,8
106.85,1,7.8,239,8
176.15,2,7.8,239,8
167.25,3,7.8,239,8
57.11,2,7.8,239,8
183.38,1,7.8,239,8
17.748,2,7.8,239,8
44.201,1,7.8,239,8
203.47,3,7.8,239,8
160.29,2,7.8,239,8
15.634,3,7.8,239,8
16.51,1,7.8,239,8
19.518,3,7.8,239,8
25.044,2,7.8,239,8
50.945,3,7.8,239,8
46.42,3,7.8,239,8
45.645,1,7.8,239,8
121.62,1,7.8,239,8
45.047,2,7.8,239,8
29.875,3,7.8,239,8
58.974,2,7.8,239,8
40.636,2,7.8,239,8
53.721,1,7.8,239,8
79.505,3,7.8,239,8
145.03,2,7.8,239,8
72.448,2,7.8,239,8
33.192,2,7.8,239,8
57.457,2,7.8,239,8
1.1921,1,7.8,239,8
34.195,2,7.8,239,8
82.88,3,7.5,250,8
42.615,1,7.5,250,8
15.344,2,7.5,250,8
111.67,2,7.5,250,8
72.284,1,7.5,250,8
171.93,3,7.5,250,8
119.01,2,7.5,250,8
100.52,1,7.5,250,8
17.739,1,7.5,250,8
34.805,1,7.5,250,8
46.631,3,7.5,250,8
190.43,2,7.5,250,8
83.686,3,7.5,250,8
125.03,1,7.5,250,8
78.196,1,7.5,250,8
22.039,1,7.5,250,8
16.65,1,7.5,250,8
2.24,3,7.5,250,8
69.066,3,7.5,250,8
77.042,1,7.5,250,8
14.45,2,7.5,250,8
76.37,3,7.5,250,8
28.37,3,7.5,250,8
107.74,1,7.5,250,8
142.54,1,7.5,250,8
120.74,2,7.5,250,8
8.2194,1,7.5,250,8
97.199,1,7.5,250,8
29.344,2,7.5,250,8
153.16,3,7.5,250,8
113.81,2,7.5,250,8
116.02,1,7.5,250,8
28.732,2,7.5,250,8
60.372,1,7.5,250,8
17.833,3,7.5,250,8
51.027,2,7.5,250,8
27.874,3,7.5,250,8
23.442,1,7.5,250,8
83.49,3,7.5,250,8
81.793,2,7.5,250,8
204.27,3,7.5,250,8
142.63,3,7.5,250,8
148.69,1,7.5,250,8
70.407,1,7.5,250,8
127.2,2,7.5,250,8
15.75,3,7.5,250,8
9.825,2,7.5,250,8
65.824,1,7.5,250,8
51.866,3,7.5,250,8
87.402,2,7.5,250,8
62.683,2,7.5,250,8
60.288,2,7.5,250,8
178.29,2,7.5,250,8
173.2,1,7.5,250,8
153.48,2,7.5,250,8
140.26,3,7.9,254,8
2.4103,2,7.9,254,8
41.468,2,7.9,254,8
111.91,2,7.9,254,8
209.54,3,7.9,254,8
17.355,1,7.9,254,8
41.136,3,7.9,254,8
98.982,2,7.9,254,8
27.497,1,7.9,254,8
53.976,1,7.9,254,8
52.654,1,7.9,254,8
71.608,3,7.9,254,8
21.602,2,7.9,254,8
43.118,3,7.9,254,8
71.548,1,7.9,254,8
143.99,1,7.9,254,8
179.02,3,7.9,254,8
99.842,3,7.9,254,8
117.18,1,7.9,254,8
91.932,2,7.9,254,8
18.293,3,7.9,254,8
51.52,3,7.9,254,8
81.599,1,7.9,254,8
41.235,2,7.9,254,8
0.35316,2,7.9,254,8
16.908,1,7.9,254,8
48.068,2,7.9,254,8
159.26,3,7.9,254,8
162.67,1,7.9,254,8
58.268,1,7.9,254,8
112.21,2,7.9,254,8
115.01,1,7.9,254,8
173.35,3,7.9,254,8
57.623,2,7.9,254,8
137.03,3,7.9,254,8
27.44,1,7.9,254,8
139.06,3,7.9,254,8
46.949,2,7.9,254,8
154.14,3,7.9,254,8
99.637,1,7.9,254,8
36.845,1,7.9,254,8
104.13,2,7.9,254,8
106.89,3,7.9,254,8
57.339,2,7.9,254,8
2.1016,2,7.9,254,8
7.4781,1,7.9,254,8
112.21,3,7.9,254,8
14.716,2,7.9,254,8
60.37,2,7.9,254,8
47.721,2,7.9,254,8
69.404,2,7.9,254,8
147.17,1,7.9,254,8
140.68,2,7.9,254,8
155.89,3,10,256,10
145.77,1,10,256,10
39.472,2,10,256,10
47.156,2,10,256,10
22.077,2,10,256,10
89.742,3,10,256,10
106.38,1,10,256,10
105.11,3,10,256,10
80.868,2,10,256,10
45.702,1,10,256,10
25.168,1,10,256,10
0.30917,1,10,256,10
57.111,3,10,256,10
92.608,2,10,256,10
28.869,3,10,256,10
60.13,1,10,256,10
56.269,1,10,256,10
146.28,1,10,256,10
33.798,1,10,256,10
32.966,3,10,256,10
76.324,3,10,256,10
11.908,2,10,256,10
1.1405,3,10,256,10
95.445,3,10,256,10
85.591,1,10,256,10
31.404,1,10,256,10
35.909,2,10,256,10
118.63,2,10,256,10
16.485,1,10,256,10
29.036,1,10,256,10
14.733,2,10,256,10
57.03,3,10,256,10
118.74,2,10,256,10
34.568,1,10,256,10
16.54,1,10,256,10
10.6,2,10,256,10
60.461,1,10,256,10
33.38,3,10,256,10
20.61,2,10,256,10
69.757,1,10,256,10
44.481,3,10,256,10
113.47,2,10,256,10
84.206,3,10,256,10
97.384,3,10,256,10
80.942,1,10,256,10
18.574,1,10,256,10
9.1996,2,10,256,10
38.225,3,10,256,10
17.432,2,10,256,10
69.775,2,10,256,10
52.799,1,10,256,10
51.636,3,10,256,10
44.402,2,10,256,10
38.774,2,10,256,10
153.11,2,10,256,10
34.925,2,10,256,10
91.979,1,10,256,10
57.37,2,10,256,10
51.599,3,8.5,257,8
137.67,1,8.5,257,8
114.17,2,8.5,257,8
50.878,2,8.5,257,8
252.89,2,8.5,257,8
71.595,3,8.5,257,8
115.03,1,8.5,257,8
125.2,3,8.5,257,8
3.097,2,8.5,257,8
52.642,1,8.5,257,8
150.99,1,8.5,257,8
118.73,1,8.5,257,8
55.164,3,8.5,257,8
129.62,2,8.5,257,8
73.559,3,8.5,257,8
51.81,1,8.5,257,8
198.96,1,8.5,257,8
120.63,1,8.5,257,8
77.394,1,8.5,257,8
149.29,3,8.5,257,8
141.31,3,8.5,257,8
113.93,1,8.5,257,8
108.63,2,8.5,257,8
106.59,3,8.5,257,8
83.526,3,8.5,257,8
47.176,1,8.5,257,8
43.289,1,8.5,257,8
72.617,2,8.5,257,8
26.471,2,8.5,257,8
60.938,1,8.5,257,8
100.65,1,8.5,257,8
83.574,2,8.5,257,8
22.263,3,8.5,257,8
89.801,2,8.5,257,8
174.94,1,8.5,257,8
71.025,1,8.5,257,8
62.563,2,8.5,257,8
121.8,1,8.5,257,8
6.67,3,8.5,257,8
39.913,2,8.5,257,8
75.582,3,8.5,257,8
142.12,1,8.5,257,8
33.017,3,8.5,257,8
12.594,2,8.5,257,8
71.268,3,8.5,257,8
94.313,3,8.5,257,8
61.956,1,8.5,257,8
23.045,1,8.5,257,8
181.43,2,8.5,257,8
33.323,3,8.5,257,8
125.11,2,8.5,257,8
109.08,2,8.5,257,8
253.39,1,8.5,257,8
98.49,3,8.5,257,8
48.501,2,8.5,257,8
98.825,2,8.5,257,8
215.24,2,8.5,257,8
72.288,2,8.5,257,8
88.32,1,8.5,257,8
70.64,2,8.5,257,8
111,3,12.7,259,12
49.712,1,12.7,259,12
19.027,2,12.7,259,12
44.684,2,12.7,259,12
109.02,2,12.7,259,12
6.999,3,12.7,259,12
69.574,1,12.7,259,12
63.108,3,12.7,259,12
20.409,2,12.7,259,12
2.4104,1,12.7,259,12
81.021,1,12.7,259,12
90.125,1,12.7,259,12
32.821,3,12.7,259,12
71.54,2,12.7,259,12
29.074,1,12.7,259,12
131.11,1,12.7,259,12
159,1,12.7,259,12
32.579,1,12.7,259,12
86.163,3,12.7,259,12
29.136,3,12.7,259,12
165.91,1,12.7,259,12
15.767,2,12.7,259,12
69.444,3,12.7,259,12
104.92,3,12.7,259,12
57.591,1,12.7,259,12
116.08,1,12.7,259,12
42.601,2,12.7,259,12
40.261,2,12.7,259,12
129.18,1,12.7,259,12
113.49,1,12.7,259,12
22.892,2,12.7,259,12
54.116,3,12.7,259,12
122.89,2,12.7,259,12
14.774,1,12.7,259,12
23.16,1,12.7,259,12
23.688,2,12.7,259,12
30.363,1,12.7,259,12
52.968,3,12.7,259,12
66.358,2,12.7,259,12
31.017,1,12.7,259,12
35.851,3,12.7,259,12
114.23,2,12.7,259,12
60.503,3,12.7,259,12
45.83,3,12.7,259,12
5.7381,1,12.7,259,12
9.3718,1,12.7,259,12
18.769,2,12.7,259,12
151.55,3,12.7,259,12
21.077,2,12.7,259,12
63.054,2,12.7,259,12
10.207,1,12.7,259,12
77.792,3,12.7,259,12
17.172,2,12.7,259,12
13.305,2,12.7,259,12
2.952,2,12.7,259,12
57.926,2,12.7,259,12
25.779,1,12.7,259,12
132.64,2,12.7,259,12
1.2747,3,7.1,244,8
207.32,1,7.1,244,8
51.077,2,7.1,244,8
0.58392,2,7.1,244,8
62.178,2,7.1,244,8
242.81,3,7.1,244,8
130.9,1,7.1,244,8
55.754,3,7.1,244,8
15.753,2,7.1,244,8
3.9997,1,7.1,244,8
117.33,1,7.1,244,8
45.706,1,7.1,244,8
243.56,3,7.1,244,8
37.12,2,7.1,244,8
61.729,3,7.1,244,8
151.56,1,7.1,244,8
101.18,1,7.1,244,8
99.037,1,7.1,244,8
66.047,1,7.1,244,8
135.49,3,7.1,244,8
105.25,3,7.1,244,8
0.17962,1,7.1,244,8
164.99,2,7.1,244,8
13.689,3,7.1,244,8
57.348,3,7.1,244,8
42.459,1,7.1,244,8
103.21,1,7.1,244,8
60.1,2,7.1,244,8
9.2809,2,7.1,244,8
128.23,1,7.1,244,8
63.284,1,7.1,244,8
204.53,2,7.1,244,8
120.88,3,7.1,244,8
2.2834,2,7.1,244,8
105.81,1,7.1,244,8
26.599,1,7.1,244,8
132.77,2,7.1,244,8
125.9,1,7.1,244,8
249.48,3,7.1,244,8
119.48,3,7.1,244,8
159.56,3,7.1,244,8
39.884,2,7.1,244,8
60.384,3,7.1,244,8
145.21,3,7.1,244,8
114.06,1,7.1,244,8
70.891,1,7.1,244,8
42.793,2,7.1,244,8
242.38,3,7.1,244,8
98.488,2,7.1,244,8
104.26,2,7.1,244,8
84.123,1,7.1,244,8
166.32,3,7.1,244,8
50.683,2,7.1,244,8
87.947,2,7.1,244,8
137.7,2,7.1,244,8
8.9773,1,7.1,244,8
131.64,2,7.1,244,8
219.55,3,7.4,252,8
64.575,1,7.4,252,8
120.97,2,7.4,252,8
20.106,2,7.4,252,8
74.421,2,7.4,252,8
44.368,3,7.4,252,8
13.378,1,7.4,252,8
113.2,3,7.4,252,8
10.739,2,7.4,252,8
98.779,1,7.4,252,8
123.57,1,7.4,252,8
160.04,1,7.4,252,8
111.25,3,7.4,252,8
112.07,2,7.4,252,8
7.7323,3,7.4,252,8
87.625,1,7.4,252,8
132.75,1,7.4,252,8
94.761,1,7.4,252,8
114.18,1,7.4,252,8
44.047,3,7.4,252,8
244.42,3,7.4,252,8
103.37,1,7.4,252,8
15.782,2,7.4,252,8
212.91,3,7.4,252,8
174.96,3,7.4,252,8
45.381,1,7.4,252,8
46.258,1,7.4,252,8
4.4207,2,7.4,252,8
82.567,2,7.4,252,8
4.1715,1,7.4,252,8
57.128,2,7.4,252,8
122.02,3,7.4,252,8
79.468,2,7.4,252,8
37.938,1,7.4,252,8
48.967,1,7.4,252,8
138.96,2,7.4,252,8
27.92,1,7.4,252,8
6.9582,3,7.4,252,8
46.707,2,7.4,252,8
192.07,3,7.4,252,8
118.33,1,7.4,252,8
42.637,3,7.4,252,8
173.85,2,7.4,252,8
17.525,3,7.4,252,8
46.797,3,7.4,252,8
14.121,1,7.4,252,8
26.084,1,7.4,252,8
56.372,2,7.4,252,8
116.35,3,7.4,252,8
99.712,2,7.4,252,8
25.903,2,7.4,252,8
87.499,1,7.4,252,8
43.371,3,7.4,252,8
107.57,2,7.4,252,8
40.847,2,7.4,252,8
53.327,2,7.4,252,8
233.49,2,7.4,252,8
34.914,1,7.4,252,8
23.889,2,7.4,252,8
152.1,3,8.6,229,8
51.573,1,8.6,229,8
77.88,2,8.6,229,8
92.817,2,8.6,229,8
44.263,2,8.6,229,8
94.913,3,8.6,229,8
7.8081,1,8.6,229,8
73.499,3,8.6,229,8
5.6393,2,8.6,229,8
55.854,1,8.6,229,8
104.39,1,8.6,229,8
52.739,1,8.6,229,8
37.955,3,8.6,229,8
28.004,2,8.6,229,8
99.524,1,8.6,229,8
26.437,1,8.6,229,8
37.131,1,8.6,229,8
65.137,1,8.6,229,8
57.598,3,8.6,229,8
1.3627,3,8.6,229,8
5.2782,1,8.6,229,8
137.3,2,8.6,229,8
88.043,3,8.6,229,8
43.482,3,8.6,229,8
17.21,1,8.6,229,8
27.601,1,8.6,229,8
89.879,2,8.6,229,8
28.032,2,8.6,229,8
9.3491,1,8.6,229,8
78.983,1,8.6,229,8
40.116,2,8.6,229,8
28.534,3,8.6,229,8
44.706,2,8.6,229,8
41.937,1,8.6,229,8
25.583,1,8.6,229,8
27.055,2,8.6,229,8
37.45,1,8.6,229,8
148.22,3,8.6,229,8
51.46,2,8.6,229,8
13.988,3,8.6,229,8
87.145,1,8.6,229,8
77.004,3,8.6,229,8
43.09,2,8.6,229,8
152.58,3,8.6,229,8
125.86,3,8.6,229,8
65.94,1,8.6,229,8
19.523,1,8.6,229,8
15.107,2,8.6,229,8
49.309,3,8.6,229,8
31.412,2,8.6,229,8
123.34,2,8.6,229,8
62.377,1,8.6,229,8
147.24,3,8.6,229,8
42.598,2,8.6,229,8
98.876,2,8.6,229,8
45.226,2,8.6,229,8
67.357,2,8.6,229,8
65.424,1,8.6,229,8
92.492,2,8.6,229,8
3.0976,1,8,264,8
111.44,2,8,264,8
116.91,2,8,264,8
67.082,2,8,264,8
95.214,3,8,264,8
5.0358,1,8,264,8
37.508,1,8,264,8
12.09,1,8,264,8
56.56,1,8,264,8
25.023,3,8,264,8
38.392,2,8,264,8
144.5,3,8,264,8
17.162,1,8,264,8
199.57,1,8,264,8
39.446,1,8,264,8
171.25,3,8,264,8
124.29,3,8,264,8
49.326,1,8,264,8
36.326,2,8,264,8
192.23,3,8,264,8
66.383,3,8,264,8
2.5565,1,8,264,8
26.906,2,8,264,8
23.57,3,8,264,8
18.725,2,8,264,8
92.048,1,8,264,8
78.197,1,8,264,8
156.28,2,8,264,8
54.166,3,8,264,8
33.826,2,8,264,8
1.4328,3,8,264,8
67.27,1,8,264,8
0.2992,1,8,264,8
70.037,2,8,264,8
8.082,2,8,264,8
2.3475,1,8,264,8
4.3519,3,8,264,8
39.914,2,8,264,8
121.35,2,8,264,8
120.79,2,8,264,8
7.8308,2,8,264,8
28.043,1,8,264,8
157,2,8,264,8
37.26,1,18.2,2,0
4.3302,1,18.2,2,0
48.893,3,18.2,2,0
16.225,2,18.2,2,0
11.955,3,18.2,2,0
37.233,1,18.2,2,0
10.854,1,18.2,2,0
6.81,1,18.2,2,0
30.442,1,18.2,2,0
10.232,1,18.2,2,0
8.1461,2,18.2,2,0
40.385,3,18.2,2,0
24.676,3,18.2,2,0
57.224,1,18.2,2,0
38.796,1,18.2,2,0
25.449,2,18.2,2,0
31.041,2,18.2,2,0
3.9143,1,18.2,2,0
34.523,3,18.2,2,0
26.374,3,18.2,2,0
38.88,1,18.2,2,0
70.256,3,18.2,2,0
20.176,2,18.2,2,0
21.23,2,18.2,2,0
25.483,1,18.2,2,0
26.632,2,18.2,2,0
39.805,3,18.2,2,0
79.201,2,18.2,2,0
15.719,1,18.2,2,0
25.289,2,18.2,2,0
35.895,3,18.2,2,0
9.7093,2,18.2,2,0
28.209,1,18.2,2,0
30.207,1,18.2,2,0
36.937,2,18.2,2,0
38.319,1,18.2,2,0
2.5843,3,18.2,2,0
37.597,2,18.2,2,0
27.126,3,18.2,2,0
15.59,1,18.2,2,0
46.36,3,18.2,2,0
26.24,2,18.2,2,0
57.444,3,18.2,2,0
18.022,3,18.2,2,0
70.893,1,18.2,2,0
19.77,1,18.2,2,0
45.761,2,18.2,2,0
33.375,3,18.2,2,0
10.282,2,18.2,2,0
29.386,2,18.2,2,0
1.1856,1,18.2,2,0
38.474,3,18.2,2,0
4.733,2,18.2,2,0
6.6713,2,18.2,2,0
12.34,2,18.2,2,0
29.583,2,18.2,2,0
7.751,1,18.2,2,0
29.616,2,18.2,2,0
24.663,1,20.4,7,0
17.801,1,20.4,7,0
37.511,3,20.4,7,0
10.286,2,20.4,7,0
41.904,1,20.4,7,0
10.395,1,20.4,7,0
86.471,1,20.4,7,0
11.565,1,20.4,7,0
12.911,3,20.4,7,0
48.517,3,20.4,7,0
8.0681,1,20.4,7,0
36.909,2,20.4,7,0
20.468,3,20.4,7,0
114.48,0,20.4,7,0
16.079,1,20.4,7,0
37.282,2,20.4,7,0
3.3952,2,20.4,7,0
16.2,1,20.4,7,0
10.262,3,20.4,7,0
85.125,3,20.4,7,0
15.12,1,20.4,7,0
6.7757,3,20.4,7,0
0.22691,2,20.4,7,0
41.356,2,20.4,7,0
5.5388,1,20.4,7,0
23.847,2,20.4,7,0
61.976,3,20.4,7,0
40.288,1,20.4,7,0
37.387,2,20.4,7,0
24.822,3,20.4,7,0
16.884,2,20.4,7,0
32.126,1,20.4,7,0
28.612,1,20.4,7,0
41.126,2,20.4,7,0
7.2629,1,20.4,7,0
56.111,3,20.4,7,0
11.324,2,20.4,7,0
55.188,3,20.4,7,0
30.958,1,20.4,7,0
12.553,3,20.4,7,0
12.26,2,20.4,7,0
14.986,3,20.4,7,0
3.0567,3,20.4,7,0
5.5824,1,20.4,7,0
30.149,1,20.4,7,0
2.6094,2,20.4,7,0
95.623,3,20.4,7,0
38.322,2,20.4,7,0
9.318,2,20.4,7,0
37.053,1,20.4,7,0
23.917,3,20.4,7,0
17.083,2,20.4,7,0
39.601,2,20.4,7,0
7.2698,2,20.4,7,0
24.644,2,20.4,7,0
7.541,1,20.4,7,0
2.7058,2,20.4,7,0
52.117,1,19.1,8,0
50.054,1,19.1,8,0
2.0204,3,19.1,8,0
51.514,2,19.1,8,0
34.157,3,19.1,8,0
8.2924,1,19.1,8,0
13.333,1,19.1,8,0
29.807,1,19.1,8,0
77.131,1,19.1,8,0
28.633,3,19.1,8,0
16.149,3,19.1,8,0
22.737,1,19.1,8,0
40.879,2,19.1,8,0
7.4596,3,19.1,8,0
1.4173,3,19.1,8,0
54.022,1,19.1,8,0
15.456,1,19.1,8,0
40.072,2,19.1,8,0
70.636,2,19.1,8,0
3.5294,1,19.1,8,0
17.435,3,19.1,8,0
9.7133,3,19.1,8,0
16.91,1,19.1,8,0
11.959,2,19.1,8,0
39.316,2,19.1,8,0
0.23236,1,19.1,8,0
8.1902,2,19.1,8,0
13.288,3,19.1,8,0
16.259,2,19.1,8,0
19.652,2,19.1,8,0
60.458,3,19.1,8,0
59.527,2,19.1,8,0
11.394,1,19.1,8,0
20.484,1,19.1,8,0
27.576,2,19.1,8,0
52.263,1,19.1,8,0
23.837,3,19.1,8,0
49.935,2,19.1,8,0
53.119,3,19.1,8,0
2.9263,1,19.1,8,0
2.3851,3,19.1,8,0
13.6,2,19.1,8,0
42.664,3,19.1,8,0
15.047,3,19.1,8,0
42.399,1,19.1,8,0
24.17,1,19.1,8,0
24.761,2,19.1,8,0
11.648,3,19.1,8,0
51.916,2,19.1,8,0
19.848,2,19.1,8,0
35.74,1,19.1,8,0
34.435,3,19.1,8,0
23.087,2,19.1,8,0
31.776,2,19.1,8,0
22.887,2,19.1,8,0
9.077,2,19.1,8,0
4.4065,1,19.1,8,0
14.027,2,19.1,8,0
25.44,1,21,9,0
52.098,1,21,9,0
63.936,2,21,9,0
7.4707,3,21,9,0
36.583,1,21,9,0
26.067,1,21,9,0
82.818,1,21,9,0
21.231,1,21,9,0
28.774,3,21,9,0
66.671,3,21,9,0
35.643,1,21,9,0
22.642,2,21,9,0
6.8879,1,21,9,0
55.929,3,21,9,0
41.42,2,21,9,0
10.14,2,21,9,0
31.454,1,21,9,0
76.464,2,21,9,0
6.4765,3,21,9,0
19.769,2,21,9,0
95,1,21,9,0
43.211,2,21,9,0
86.137,3,21,9,0
37.463,2,21,9,0
18.061,1,21,9,0
17.945,1,21,9,0
13.219,2,21,9,0
18.703,1,21,9,0
45.723,3,21,9,0
12.339,2,21,9,0
33.196,3,21,9,0
47.904,1,21,9,0
11.118,3,21,9,0
13.231,2,21,9,0
33.761,3,21,9,0
18.24,3,21,9,0
30.913,1,21,9,0
38.508,1,21,9,0
35.716,2,21,9,0
30.253,3,21,9,0
24.149,2,21,9,0
54.732,2,21,9,0
29.352,1,21,9,0
75.24,3,21,9,0
15.512,2,21,9,0
12.152,2,21,9,0
36.236,2,21,9,0
53.342,2,21,9,0
16.707,1,21,9,0
4.1189,2,21,9,0
66.685,1,19.5,15,0
25.528,1,19.5,15,0
14.368,3,19.5,15,0
3.1485,2,19.5,15,0
35.17,3,19.5,15,0
6.3951,1,19.5,15,0
8.6291,1,19.5,15,0
5.6927,1,19.5,15,0
9.3593,1,19.5,15,0
68.365,3,19.5,15,0
23.404,3,19.5,15,0
1.6478,1,19.5,15,0
11.083,2,19.5,15,0
20.831,3,19.5,15,0
16.833,3,19.5,15,0
45.774,1,19.5,15,0
13.007,1,19.5,15,0
33.005,2,19.5,15,0
49.251,2,19.5,15,0
20.174,1,19.5,15,0
51.15,3,19.5,15,0
10.657,3,19.5,15,0
10.955,1,19.5,15,0
0.82035,3,19.5,15,0
67.723,2,19.5,15,0
21.226,2,19.5,15,0
7.0557,1,19.5,15,0
12.582,2,19.5,15,0
50.238,3,19.5,15,0
33.15,2,19.5,15,0
52.41,2,19.5,15,0
8.8039,3,19.5,15,0
4.9097,2,19.5,15,0
15.53,1,19.5,15,0
30.982,1,19.5,15,0
33.448,2,19.5,15,0
20.013,1,19.5,15,0
18.593,3,19.5,15,0
8.3528,2,19.5,15,0
41.822,3,19.5,15,0
8.918,1,19.5,15,0
5.498,3,19.5,15,0
16.102,2,19.5,15,0
31.924,3,19.5,15,0
38.991,3,19.5,15,0
27.264,1,19.5,15,0
26.995,1,19.5,15,0
16.309,2,19.5,15,0
17.086,3,19.5,15,0
0.33358,2,19.5,15,0
4.3043,2,19.5,15,0
32.72,1,19.5,15,0
15.23,3,19.5,15,0
30.978,2,19.5,15,0
11.45,2,19.5,15,0
46.337,2,19.5,15,0
12.981,2,19.5,15,0
3.62,1,19.5,15,0
71.401,2,19.5,15,0
39.532,1,19.1,16,0
48.974,1,19.1,16,0
13.322,3,19.1,16,0
74.112,2,19.1,16,0
15.141,3,19.1,16,0
39.439,1,19.1,16,0
1.9436,1,19.1,16,0
43.489,1,19.1,16,0
49.926,1,19.1,16,0
18.165,3,19.1,16,0
25.623,3,19.1,16,0
93.53,1,19.1,16,0
26.856,2,19.1,16,0
28.847,3,19.1,16,0
27.184,3,19.1,16,0
3.7178,1,19.1,16,0
7.1674,1,19.1,16,0
1.2515,2,19.1,16,0
51.367,2,19.1,16,0
40.212,1,19.1,16,0
70.307,3,19.1,16,0
76.161,3,19.1,16,0
27.013,1,19.1,16,0
4.0493,3,19.1,16,0
58.552,2,19.1,16,0
10.751,2,19.1,16,0
8.0075,1,19.1,16,0
30.374,2,19.1,16,0
31.898,3,19.1,16,0
0.5677,2,19.1,16,0
54.793,1,19.1,16,0
6.6236,2,19.1,16,0
6.7019,1,19.1,16,0
74.531,1,19.1,16,0
42.571,2,19.1,16,0
37.744,1,19.1,16,0
20.694,3,19.1,16,0
1.4332,2,19.1,16,0
79.325,3,19.1,16,0
14.734,1,19.1,16,0
59.194,3,19.1,16,0
19.411,2,19.1,16,0
24.215,1,19.1,16,0
94.706,2,19.1,16,0
41.22,2,19.1,16,0
28.542,2,19.1,16,0
26.719,2,19.1,16,0
32.711,1,19.1,16,0
40.673,2,19.1,16,0
40.895,1,19.9,17,0
142.63,1,19.9,17,0
0.84101,3,19.9,17,0
69.198,2,19.9,17,0
11.963,3,19.9,17,0
29.908,1,19.9,17,0
1.9926,1,19.9,17,0
44.423,1,19.9,17,0
88.261,1,19.9,17,0
10.524,3,19.9,17,0
79.986,1,19.9,17,0
90.093,3,19.9,17,0
49.623,3,19.9,17,0
116.56,1,19.9,17,0
6.2122,1,19.9,17,0
81.375,1,19.9,17,0
14.369,3,19.9,17,0
19.702,3,19.9,17,0
81.296,1,19.9,17,0
71.551,3,19.9,17,0
13.824,2,19.9,17,0
74.917,2,19.9,17,0
18.87,1,19.9,17,0
54.459,2,19.9,17,0
37.985,3,19.9,17,0
60.847,2,19.9,17,0
63.1,1,19.9,17,0
25.492,2,19.9,17,0
69.72,3,19.9,17,0
25.944,2,19.9,17,0
8.2515,1,19.9,17,0
10.182,1,19.9,17,0
3.3565,2,19.9,17,0
70.188,1,19.9,17,0
45.984,3,19.9,17,0
52.836,2,19.9,17,0
16.518,3,19.9,17,0
76.111,1,19.9,17,0
4.7004,3,19.9,17,0
101.79,2,19.9,17,0
10.972,3,19.9,17,0
40.405,3,19.9,17,0
23.972,1,19.9,17,0
42.363,1,19.9,17,0
100.28,2,19.9,17,0
101.28,3,19.9,17,0
37.352,2,19.9,17,0
66.76,2,19.9,17,0
26.735,1,19.9,17,0
60.539,3,19.9,17,0
22.294,2,19.9,17,0
21.747,2,19.9,17,0
11.317,2,19.9,17,0
40.862,2,19.9,17,0
18.918,1,19.9,17,0
101.05,2,19.9,17,0
18.465,3,19.8,500,0
83.353,1,19.8,500,0
26.815,2,19.8,500,0
149.44,2,19.8,500,0
22.437,2,19.8,500,0
22.292,3,19.8,500,0
87.729,1,19.8,500,0
9.5449,3,19.8,500,0
9.9803,2,19.8,500,0
58.523,1,19.8,500,0
99.082,1,19.8,500,0
143.08,3,19.8,500,0
29.544,2,19.8,500,0
67.653,3,19.8,500,0
59.467,1,19.8,500,0
59.967,1,19.8,500,0
33.008,1,19.8,500,0
120.49,1,19.8,500,0
99.363,3,19.8,500,0
42.751,3,19.8,500,0
15.395,1,19.8,500,0
95.025,2,19.8,500,0
162.7,3,19.8,500,0
55.624,3,19.8,500,0
18.752,1,19.8,500,0
2.2494,1,19.8,500,0
37.532,2,19.8,500,0
25.493,2,19.8,500,0
25.901,1,19.8,500,0
51.373,1,19.8,500,0
28.154,2,19.8,500,0
45.18,3,19.8,500,0
81.161,2,19.8,500,0
52.058,1,19.8,500,0
25.501,1,19.8,500,0
31.041,2,19.8,500,0
50.383,1,19.8,500,0
23.962,3,19.8,500,0
76.213,2,19.8,500,0
64.243,3,19.8,500,0
116.23,1,19.8,500,0
61.829,3,19.8,500,0
19.117,2,19.8,500,0
20.129,3,19.8,500,0
32.705,3,19.8,500,0
41.067,1,19.8,500,0
17.849,1,19.8,500,0
14.909,2,19.8,500,0
11.468,3,19.8,500,0
13.911,2,19.8,500,0
44.391,2,19.8,500,0
58.543,1,19.8,500,0
24.094,3,19.8,500,0
43.663,2,19.8,500,0
30.776,2,19.8,500,0
62.937,2,19.8,500,0
46.583,2,19.8,500,0
29.075,1,19.8,500,0
40.722,2,19.8,500,0
100.64,1,18.4,1,0
65.853,1,18.4,1,0
90.926,3,18.4,1,0
19.916,2,18.4,1,0
38.331,3,18.4,1,0
73.815,1,18.4,1,0
36.012,1,18.4,1,0
38.728,1,18.4,1,0
85.864,1,18.4,1,0
82.446,3,18.4,1,0
77.621,3,18.4,1,0
63.063,1,18.4,1,0
48.235,2,18.4,1,0
11.548,3,18.4,1,0
33.567,3,18.4,1,0
41.048,1,18.4,1,0
2.1856,1,18.4,1,0
17.151,2,18.4,1,0
43.538,2,18.4,1,0
5.9913,1,18.4,1,0
94.386,3,18.4,1,0
77.985,1,18.4,1,0
20.913,3,18.4,1,0
6.1554,2,18.4,1,0
45.974,2,18.4,1,0
72.144,1,18.4,1,0
14.508,2,18.4,1,0
72.159,3,18.4,1,0
31.329,2,18.4,1,0
65.407,1,18.4,1,0
46.786,2,18.4,1,0
73.219,3,18.4,1,0
17.591,2,18.4,1,0
51.313,1,18.4,1,0
20.868,1,18.4,1,0
66.015,2,18.4,1,0
36.005,1,18.4,1,0
23.212,3,18.4,1,0
72.783,2,18.4,1,0
34.45,3,18.4,1,0
15.792,1,18.4,1,0
4.0748,3,18.4,1,0
42.387,2,18.4,1,0
65.093,3,18.4,1,0
14.681,3,18.4,1,0
16.45,1,18.4,1,0
23.165,1,18.4,1,0
59.222,2,18.4,1,0
42.799,3,18.4,1,0
55.566,2,18.4,1,0
20.432,2,18.4,1,0
17.003,1,18.4,1,0
31.401,3,18.4,1,0
81.785,2,18.4,1,0
42.729,2,18.4,1,0
1.9705,2,18.4,1,0
9.1104,2,18.4,1,0
73.639,1,18.4,1,0
10.038,2,18.4,1,0
73.245,1,18.6,3,0
26.368,1,18.6,3,0
93.067,3,18.6,3,0
42.571,2,18.6,3,0
1.2265,3,18.6,3,0
38.023,1,18.6,3,0
68.29,1,18.6,3,0
37.12,1,18.6,3,0
18.722,1,18.6,3,0
32.285,3,18.6,3,0
37.36,3,18.6,3,0
30.798,1,18.6,3,0
15.928,2,18.6,3,0
23.255,3,18.6,3,0
20.75,3,18.6,3,0
25.175,1,18.6,3,0
3.6566,1,18.6,3,0
68.269,2,18.6,3,0
36.787,2,18.6,3,0
20.043,1,18.6,3,0
65.509,3,18.6,3,0
34.539,3,18.6,3,0
23.059,1,18.6,3,0
3.5361,3,18.6,3,0
12.356,2,18.6,3,0
3.5634,2,18.6,3,0
100.57,1,18.6,3,0
26.979,2,18.6,3,0
46.764,3,18.6,3,0
24.677,2,18.6,3,0
112.62,0,18.6,3,0
8.77,2,18.6,3,0
23.889,3,18.6,3,0
22.174,2,18.6,3,0
62.393,1,18.6,3,0
14.722,1,18.6,3,0
17.951,2,18.6,3,0
8.1015,1,18.6,3,0
44.385,3,18.6,3,0
9.222,2,18.6,3,0
60.809,3,18.6,3,0
41.714,1,18.6,3,0
3.3696,3,18.6,3,0
28.53,2,18.6,3,0
36.722,3,18.6,3,0
23.292,3,18.6,3,0
11.816,1,18.6,3,0
10.618,1,18.6,3,0
60.107,2,18.6,3,0
75.874,3,18.6,3,0
80.341,2,18.6,3,0
90.181,2,18.6,3,0
58.05,1,18.6,3,0
18.824,3,18.6,3,0
11.593,2,18.6,3,0
13.487,2,18.6,3,0
53.166,2,18.6,3,0
17.697,2,18.6,3,0
37.161,1,18.6,3,0
10.162,2,18.6,3,0
43.993,1,20.1,4,0
57.518,1,20.1,4,0
70.066,3,20.1,4,0
1.0211,2,20.1,4,0
122.26,0,20.1,4,0
87.751,1,20.1,4,0
41.837,1,20.1,4,0
46.586,1,20.1,4,0
32.611,1,20.1,4,0
19.493,3,20.1,4,0
30.434,3,20.1,4,0
15.751,1,20.1,4,0
36.544,2,20.1,4,0
84.342,3,20.1,4,0
45.408,3,20.1,4,0
44.154,1,20.1,4,0
10.301,1,20.1,4,0
43.239,2,20.1,4,0
55.702,2,20.1,4,0
5.4595,1,20.1,4,0
61.732,3,20.1,4,0
47.732,3,20.1,4,0
50.06,1,20.1,4,0
34.017,3,20.1,4,0
38.06,2,20.1,4,0
84.615,2,20.1,4,0
18.013,1,20.1,4,0
3.5328,2,20.1,4,0
96.673,3,20.1,4,0
102.34,2,20.1,4,0
120.25,0,20.1,4,0
0.94089,2,20.1,4,0
25.051,3,20.1,4,0
75.381,2,20.1,4,0
36.526,1,20.1,4,0
4.2227,1,20.1,4,0
35.691,2,20.1,4,0
47.241,1,20.1,4,0
1.0104,3,20.1,4,0
11.336,2,20.1,4,0
28.455,3,20.1,4,0
41.255,1,20.1,4,0
88.131,3,20.1,4,0
11.262,2,20.1,4,0
56.772,3,20.1,4,0
39.802,3,20.1,4,0
81.127,1,20.1,4,0
33.261,1,20.1,4,0
11.757,2,20.1,4,0
63.342,3,20.1,4,0
69.241,2,20.1,4,0
3.9325,2,20.1,4,0
74.585,1,20.1,4,0
101.14,3,20.1,4,0
12.382,2,20.1,4,0
19.201,2,20.1,4,0
31.715,2,20.1,4,0
4.8591,2,20.1,4,0
63.021,1,20.1,4,0
37.143,2,20.1,4,0
54.405,1,22,6,0
36.672,1,22,6,0
43.132,3,22,6,0
18.437,2,22,6,0
92.014,3,22,6,0
107.67,1,22,6,0
55.71,1,22,6,0
35.432,1,22,6,0
35.259,1,22,6,0
66.692,3,22,6,0
43.28,3,22,6,0
37.597,1,22,6,0
9.1924,2,22,6,0
86.224,3,22,6,0
82.622,3,22,6,0
67.018,1,22,6,0
40.465,1,22,6,0
41.035,2,22,6,0
47.133,2,22,6,0
79.343,1,22,6,0
68.813,3,22,6,0
128.6,0,22,6,0
18.935,1,22,6,0
108.38,0,22,6,0
18.734,2,22,6,0
48.716,2,22,6,0
55.427,1,22,6,0
27.135,2,22,6,0
43.494,3,22,6,0
19.727,2,22,6,0
43.767,1,22,6,0
41.595,2,22,6,0
54.806,3,22,6,0
109.38,2,22,6,0
45.37,1,22,6,0
4.2959,1,22,6,0
47.193,2,22,6,0
29.029,1,22,6,0
23.492,3,22,6,0
5.8818,2,22,6,0
39.923,3,22,6,0
8.6398,1,22,6,0
80.88,3,22,6,0
4.225,2,22,6,0
77.143,3,22,6,0
79.715,3,22,6,0
1.4495,1,22,6,0
69.71,1,22,6,0
18.205,2,22,6,0
69.608,3,22,6,0
45.815,2,22,6,0
4.1837,2,22,6,0
40.106,1,22,6,0
78.288,3,22,6,0
28.605,2,22,6,0
1.5306,2,22,6,0
4.6371,2,22,6,0
46.549,2,22,6,0
19.358,1,22,6,0
7.8948,2,22,6,0
57.347,1,20.6,18,0
42.446,1,20.6,18,0
11.386,3,20.6,18,0
37.781,2,20.6,18,0
34.384,3,20.6,18,0
88.038,1,20.6,18,0
39.108,1,20.6,18,0
53.541,1,20.6,18,0
44.441,1,20.6,18,0
33.379,3,20.6,18,0
84.182,3,20.6,18,0
20.982,1,20.6,18,0
13.547,2,20.6,18,0
55.644,3,20.6,18,0
19.298,3,20.6,18,0
67.182,1,20.6,18,0
28.179,1,20.6,18,0
35.5,2,20.6,18,0
40.202,2,20.6,18,0
8.8412,1,20.6,18,0
105.31,3,20.6,18,0
65.4,3,20.6,18,0
54.779,1,20.6,18,0
56.468,2,20.6,18,0
52.246,2,20.6,18,0
47.258,1,20.6,18,0
25.664,2,20.6,18,0
7.1301,3,20.6,18,0
46.851,2,20.6,18,0
53.143,1,20.6,18,0
9.2946,2,20.6,18,0
61.696,3,20.6,18,0
15.629,2,20.6,18,0
82.855,1,20.6,18,0
50.36,1,20.6,18,0
12.476,2,20.6,18,0
28.251,1,20.6,18,0
9.8148,3,20.6,18,0
15.92,2,20.6,18,0
66.795,3,20.6,18,0
32.757,1,20.6,18,0
0.98797,3,20.6,18,0
68.897,2,20.6,18,0
11.029,3,20.6,18,0
50.234,3,20.6,18,0
21.579,1,20.6,18,0
16.509,1,20.6,18,0
16.515,2,20.6,18,0
75.582,3,20.6,18,0
6.9534,2,20.6,18,0
10.752,2,20.6,18,0
7.081,1,20.6,18,0
29.769,3,20.6,18,0
7.9307,2,20.6,18,0
15.051,2,20.6,18,0
70.667,2,20.6,18,0
1.7092,2,20.6,18,0
68.851,1,20.6,18,0
12.431,2,20.6,18,0
97.88,1,20.8,19,0
10.565,1,20.8,19,0
76.062,3,20.8,19,0
58.111,2,20.8,19,0
3.8905,3,20.8,19,0
61.879,1,20.8,19,0
12.34,1,20.8,19,0
2.0213,1,20.8,19,0
106.77,1,20.8,19,0
13.646,3,20.8,19,0
4.3514,3,20.8,19,0
106.05,1,20.8,19,0
31.772,2,20.8,19,0
59.608,3,20.8,19,0
17.034,3,20.8,19,0
52.299,1,20.8,19,0
28.037,1,20.8,19,0
94.734,2,20.8,19,0
104.67,2,20.8,19,0
49.162,1,20.8,19,0
86.828,3,20.8,19,0
54.098,3,20.8,19,0
72.652,1,20.8,19,0
87.495,3,20.8,19,0
7.0221,2,20.8,19,0
1.6611,2,20.8,19,0
23.703,1,20.8,19,0
11.623,2,20.8,19,0
33.663,3,20.8,19,0
1.5688,2,20.8,19,0
52.26,1,20.8,19,0
27.382,2,20.8,19,0
98.053,3,20.8,19,0
12.287,2,20.8,19,0
6.4575,1,20.8,19,0
39.522,1,20.8,19,0
57.817,2,20.8,19,0
6.005,1,20.8,19,0
147.61,3,20.8,19,0
63.879,2,20.8,19,0
25.158,3,20.8,19,0
17.011,1,20.8,19,0
66.977,3,20.8,19,0
51.925,2,20.8,19,0
59.132,3,20.8,19,0
34.822,3,20.8,19,0
53.902,1,20.8,19,0
6.3448,1,20.8,19,0
15.127,2,20.8,19,0
88.083,3,20.8,19,0
69.008,2,20.8,19,0
71.915,2,20.8,19,0
62.801,1,20.8,19,0
62.05,3,20.8,19,0
70.518,2,20.8,19,0
74.816,2,20.8,19,0
81.078,2,20.8,19,0
35.936,2,20.8,19,0
33.697,1,20.8,19,0
27.68,2,20.8,19,0
