16.331,3,8.8,6,9
95.945,1,8.8,6,9
69.633,2,8.8,6,9
10.684,3,8.8,6,9
143.3,3,8.8,6,9
75.413,1,8.8,6,9
60.218,2,8.8,6,9
54.775,2,8.8,6,9
8.6057,3,8.8,6,9
17.872,3,8.8,6,9
3.3309,1,8.8,6,9
41.295,3,8.8,6,9
83.986,2,8.8,6,9
77.304,2,8.8,6,9
66.573,1,8.8,6,9
129.68,3,8.8,6,9
22.55,2,8.8,6,9
124.95,1,8.8,6,9
95.764,3,8.8,6,9
41.891,2,8.8,6,9
24.34,1,8.8,6,9
12.017,1,8.8,6,9
32.973,3,8.8,6,9
143.34,1,8.8,6,9
96.521,1,8.8,6,9
3.0995,2,8.8,6,9
72.562,2,8.8,6,9
238.32,3,11.6,7,9
86.742,1,11.6,7,9
213.97,2,11.6,7,9
3.0494,3,11.6,7,9
58.844,3,11.6,7,9
141.13,1,11.6,7,9
265.27,1,11.6,7,9
22.786,2,11.6,7,9
150.6,2,11.6,7,9
103.44,1,11.6,7,9
72.448,3,11.6,7,9
139.22,3,11.6,7,9
77.855,1,11.6,7,9
61.431,3,11.6,7,9
48.144,2,11.6,7,9
72.576,2,11.6,7,9
81.772,1,11.6,7,9
24.786,2,11.6,7,9
17.979,3,11.6,7,9
95.272,2,11.6,7,9
91.426,1,11.6,7,9
209.06,3,11.6,7,9
106.31,2,11.6,7,9
92.689,1,11.6,7,9
225.01,1,11.6,7,9
158.03,3,11.6,7,9
8.237,1,11.6,7,9
144.68,1,11.6,7,9
131.09,2,11.6,7,9
74.567,2,11.6,7,9
50.106,1,7.7,17,9
183.22,3,7.7,17,9
86.277,2,7.7,17,9
93.483,3,7.7,17,9
26.05,1,7.7,17,9
71.003,1,7.7,17,9
109.31,1,7.7,17,9
167.31,1,7.7,17,9
89.818,3,7.7,17,9
84.892,3,7.7,17,9
10.317,1,7.7,17,9
122.94,2,7.7,17,9
13.783,3,7.7,17,9
13.254,3,7.7,17,9
69.458,1,7.7,17,9
6.1818,1,7.7,17,9
65.248,2,7.7,17,9
15.476,2,7.7,17,9
108.51,1,7.7,17,9
105.4,1,10.1,20,9
83.603,1,10.1,20,9
247.92,3,10.1,20,9
1.7528,2,10.1,20,9
93.468,3,10.1,20,9
86.342,1,10.1,20,9
44.708,1,10.1,20,9
38.999,1,10.1,20,9
54.293,3,10.1,20,9
93.403,3,10.1,20,9
66.144,1,10.1,20,9
8.0248,2,10.1,20,9
176.73,3,10.1,20,9
29.747,3,10.1,20,9
198.66,1,10.1,20,9
48.052,2,10.1,20,9
124.95,2,10.1,20,9
40.72,1,10.1,20,9
164.21,3,10.5,25,9
65.343,1,10.5,25,9
12.013,2,10.5,25,9
27.296,2,10.5,25,9
30.818,2,10.5,25,9
2.1827,3,10.5,25,9
57.917,1,10.5,25,9
89.754,3,10.5,25,9
65.759,1,10.5,25,9
103.49,1,10.5,25,9
103.41,1,10.5,25,9
82.901,3,10.5,25,9
100.83,3,10.5,25,9
105.93,3,10.9,26,9
56.257,1,10.9,26,9
62.692,2,10.9,26,9
93.017,2,10.9,26,9
47.138,2,10.9,26,9
18.145,3,10.9,26,9
61.262,1,10.9,26,9
114.47,3,10.9,26,9
67.252,2,10.9,26,9
56.546,1,10.9,26,9
71.203,1,10.9,26,9
102.55,3,10.9,26,9
85.881,2,10.9,26,9
92.45,3,10.9,26,9
245.05,3,11,29,9
74.87,1,11,29,9
187.82,2,11,29,9
66.976,2,11,29,9
112.38,2,11,29,9
109.47,1,11,29,9
154.63,3,11,29,9
67.8,2,11,29,9
161.33,1,11,29,9
81.278,1,11,29,9
85.515,3,11,29,9
275.25,2,11,29,9
63.907,3,11,29,9
147.54,3,10.6,30,9
36.933,1,10.6,30,9
6.3604,2,10.6,30,9
46.82,2,10.6,30,9
31.278,2,10.6,30,9
51.514,3,10.6,30,9
11.263,1,10.6,30,9
15.275,3,10.6,30,9
100.07,2,10.6,30,9
28.302,1,10.6,30,9
64.805,1,10.6,30,9
5.5159,1,10.6,30,9
122.27,3,10.6,30,9
11.589,2,10.6,30,9
166.04,3,10.6,30,9
59.831,3,9.6,44,9
44.922,1,9.6,44,9
26.751,2,9.6,44,9
105.73,2,9.6,44,9
51.228,2,9.6,44,9
22.827,3,9.6,44,9
52.52,1,9.6,44,9
11.593,3,9.6,44,9
79.368,2,9.6,44,9
57.938,1,9.6,44,9
47.085,1,9.6,44,9
177.86,1,9.6,44,9
13.351,2,9.6,44,9
20.732,3,9.6,44,9
54.794,1,9.6,45,9
82.985,2,9.6,45,9
46.642,2,9.6,45,9
17.953,2,9.6,45,9
59.478,3,9.6,45,9
82.252,1,9.6,45,9
108.31,3,9.6,45,9
33.899,2,9.6,45,9
1.9527,1,9.6,45,9
23.681,1,9.6,45,9
37.851,1,9.6,45,9
44.843,3,9.6,45,9
20.358,2,9.6,45,9
24.408,3,9.6,45,9
98.424,3,10.1,47,9
148.83,1,10.1,47,9
17.651,2,10.1,47,9
22.475,2,10.1,47,9
69.418,2,10.1,47,9
4.4724,3,10.1,47,9
60.979,1,10.1,47,9
2.6066,2,10.1,47,9
23.757,1,10.1,47,9
27.51,1,10.1,47,9
61.031,1,10.1,47,9
1.6027,3,10.1,47,9
130.79,2,10.1,47,9
70.092,3,10.1,47,9
25.416,3,6.6,49,9
9.2408,1,6.6,49,9
113.44,1,6.6,49,9
30.572,1,6.6,49,9
4.2437,3,6.6,49,9
87.122,3,9.7,50,9
48.038,1,9.7,50,9
73.482,2,9.7,50,9
30.514,2,9.7,50,9
49.77,2,9.7,50,9
62.249,3,9.7,50,9
78.493,1,9.7,50,9
6.9356,3,9.7,50,9
72.032,2,9.7,50,9
93.924,1,9.7,50,9
55.775,1,9.7,50,9
104.28,1,9.7,50,9
3.4154,3,9.7,50,9
160.07,2,9.7,50,9
3.3754,3,9.7,50,9
8.2359,3,7.6,51,9
34.26,1,7.6,51,9
140,2,7.6,51,9
67.799,2,7.6,51,9
170.58,2,7.6,51,9
10.437,3,7.6,51,9
196.63,1,7.6,51,9
169.98,3,7.6,51,9
87.635,2,7.6,51,9
64.33,1,7.6,51,9
53.401,1,7.6,51,9
75.2,1,7.6,51,9
91.835,3,7.6,51,9
5.4659,2,7.6,51,9
20.991,3,7.6,51,9
136.75,3,5.3,52,9
242.43,1,5.3,52,9
2.8877,2,5.3,52,9
33.515,2,5.3,52,9
31.908,2,5.3,52,9
20.154,3,5.3,52,9
176.08,1,5.3,52,9
82.454,3,5.3,52,9
46.875,2,5.3,52,9
8.055,1,5.3,52,9
29.738,1,5.3,52,9
23.59,1,5.3,52,9
24.529,3,5.3,52,9
106.88,2,5.3,52,9
56.699,3,5.3,52,9
14.464,2,11.6,53,9
22.421,2,11.6,53,9
150.3,3,11.6,53,9
69.71,1,11.6,53,9
23.499,3,11.6,53,9
149.88,2,11.6,53,9
153.78,1,11.6,53,9
47.514,1,11.6,53,9
68.099,3,11.6,53,9
81.759,2,11.6,53,9
5.0791,3,11.6,53,9
107.59,3,11.9,56,9
137.25,1,11.9,56,9
175.24,2,11.9,56,9
9.243,2,11.9,56,9
247.57,2,11.9,56,9
104.3,3,11.9,56,9
48.947,1,11.9,56,9
15.882,3,11.9,56,9
53.295,2,11.9,56,9
96.63,1,11.9,56,9
61.812,1,11.9,56,9
4.5966,1,11.9,56,9
159.54,3,11.9,56,9
62.448,2,11.9,56,9
33.469,3,11.9,56,9
120.13,3,11.3,66,9
51.941,1,11.3,66,9
2.6385,2,11.3,66,9
3.3766,2,11.3,66,9
231.16,2,11.3,66,9
9.778,3,11.3,66,9
106.7,1,11.3,66,9
35.374,3,11.3,66,9
58.584,2,11.3,66,9
82.839,1,11.3,66,9
38.036,1,11.3,66,9
18.836,1,11.3,66,9
4.3201,3,11.3,66,9
63.853,2,11.3,66,9
60.433,3,11.3,66,9
26.422,3,8.8,67,9
35.532,1,8.8,67,9
20.689,2,8.8,67,9
158.09,2,8.8,67,9
124.43,2,8.8,67,9
45.082,3,8.8,67,9
135.65,1,8.8,67,9
15.412,3,8.8,67,9
23.56,2,8.8,67,9
20.386,1,8.8,67,9
89.711,3,8.8,67,9
135.45,2,8.8,67,9
1.6919,3,8.8,67,9
7.2798,3,7.2,68,9
50.165,1,7.2,68,9
105.66,2,7.2,68,9
161.31,2,7.2,68,9
0.43469,2,7.2,68,9
104.17,3,7.2,68,9
67.772,1,7.2,68,9
63.938,3,7.2,68,9
18.419,2,7.2,68,9
160.24,1,7.2,68,9
45.969,1,7.2,68,9
84.071,3,7.2,68,9
156.57,2,7.2,68,9
46.569,3,7.2,68,9
137.48,3,8.8,69,9
142.08,1,8.8,69,9
60.62,2,8.8,69,9
27.541,2,8.8,69,9
21.182,2,8.8,69,9
17.234,3,8.8,69,9
66.811,1,8.8,69,9
80.713,3,8.8,69,9
14.644,2,8.8,69,9
67.068,1,8.8,69,9
54.059,1,8.8,69,9
117.12,1,8.8,69,9
35.143,3,8.8,69,9
87.103,2,8.8,69,9
185.69,3,8.8,69,9
168.92,3,10.3,70,9
22.352,1,10.3,70,9
102.37,2,10.3,70,9
66.56,2,10.3,70,9
62.488,2,10.3,70,9
137.23,3,10.3,70,9
58.854,1,10.3,70,9
167.31,3,10.3,70,9
54.638,2,10.3,70,9
21.461,1,10.3,70,9
15.16,1,10.3,70,9
155.98,1,10.3,70,9
58.785,3,10.3,70,9
32.149,2,10.3,70,9
78.047,3,10.3,70,9
197.25,3,12.1,74,9
101.56,1,12.1,74,9
61.833,2,12.1,74,9
53.369,2,12.1,74,9
72.557,2,12.1,74,9
4.8671,3,12.1,74,9
19.863,1,12.1,74,9
136.96,3,12.1,74,9
66.988,2,12.1,74,9
85.15,1,12.1,74,9
63.535,1,12.1,74,9
4.3778,1,12.1,74,9
112.06,3,12.1,74,9
52.872,2,12.1,74,9
5.1645,3,12.1,74,9
212.92,3,6,80,9
69.023,1,6,80,9
252.2,2,6,80,9
217.16,2,6,80,9
238.79,2,6,80,9
223.79,3,6,80,9
32.727,1,6,80,9
51.171,3,6,80,9
134.92,2,6,80,9
128.43,1,6,80,9
5.5269,1,6,80,9
106.41,1,6,80,9
76.701,3,6,80,9
106.24,2,6,80,9
109.9,3,6,80,9
51.841,3,6.8,81,9
22.823,1,6.8,81,9
8.6138,2,6.8,81,9
84.534,2,6.8,81,9
41.38,2,6.8,81,9
34.824,3,6.8,81,9
15.421,1,6.8,81,9
126.03,3,6.8,81,9
130.97,2,6.8,81,9
133.11,1,6.8,81,9
30.273,1,6.8,81,9
4.7754,1,6.8,81,9
102.23,3,6.8,81,9
230.86,2,6.8,81,9
27.513,3,6.8,81,9
41.38,2,11.2,83,9
79.756,2,11.2,83,9
81.772,2,11.2,83,9
73.038,3,11.2,83,9
96.763,1,11.2,83,9
102.72,1,11.2,83,9
1.6816,1,11.2,83,9
40.783,1,11.2,83,9
62.189,3,11.2,83,9
49.543,2,11.2,83,9
50.645,3,11.2,83,9
19.61,3,8.3,84,9
27.962,1,8.3,84,9
33.522,2,8.3,84,9
50.247,2,8.3,84,9
16.513,2,8.3,84,9
104.17,3,8.3,84,9
76.85,1,8.3,84,9
30.829,3,8.3,84,9
182.79,2,8.3,84,9
208.13,1,8.3,84,9
167.93,1,8.3,84,9
222.14,3,8.3,84,9
200.2,2,8.3,84,9
31.073,3,8.3,84,9
29.195,3,11.8,86,9
60.306,1,11.8,86,9
96.525,2,11.8,86,9
102.13,2,11.8,86,9
36.557,2,11.8,86,9
56.609,3,11.8,86,9
46.211,1,11.8,86,9
34.905,3,11.8,86,9
18.463,2,11.8,86,9
104.63,1,11.8,86,9
106.31,1,11.8,86,9
96.404,1,11.8,86,9
72.414,3,11.8,86,9
39.46,2,11.8,86,9
125.31,3,9.9,87,9
35.305,1,9.9,87,9
89.271,2,9.9,87,9
49.332,2,9.9,87,9
8.5051,2,9.9,87,9
65.17,3,9.9,87,9
117.74,1,9.9,87,9
64.777,3,9.9,87,9
80.282,2,9.9,87,9
52.035,1,9.9,87,9
5.3847,1,9.9,87,9
133.08,1,9.9,87,9
56.246,3,9.9,87,9
85.509,2,9.9,87,9
30.005,3,9.9,87,9
66.231,3,6.4,92,9
79.269,1,6.4,92,9
245.27,2,6.4,92,9
41.26,2,6.4,92,9
45.502,2,6.4,92,9
3.8743,3,6.4,92,9
19.587,1,6.4,92,9
52.336,3,6.4,92,9
18.469,2,6.4,92,9
60.814,1,6.4,92,9
71.692,1,6.4,92,9
117.6,1,6.4,92,9
87.836,3,6.4,92,9
100.5,2,6.4,92,9
104.41,3,6.4,92,9
108.09,3,9.9,93,9
82.332,1,9.9,93,9
11.137,2,9.9,93,9
66.468,3,9.9,93,9
8.6014,1,9.9,93,9
154.91,3,9.9,93,9
29.211,2,9.9,93,9
29.142,1,9.9,93,9
59.397,1,9.9,93,9
36.862,1,9.9,93,9
52.372,3,9.9,93,9
29.376,2,9.9,93,9
43.109,3,9.9,93,9
66.099,1,6.9,94,9
0.10634,2,6.9,94,9
171.62,2,6.9,94,9
37.644,2,6.9,94,9
91.121,3,6.9,94,9
243.37,1,6.9,94,9
112.21,3,6.9,94,9
11.486,2,6.9,94,9
15.312,1,6.9,94,9
6.4731,1,6.9,94,9
92.595,1,6.9,94,9
34.575,3,6.9,94,9
67.248,2,6.9,94,9
18.074,3,6.9,94,9
221.79,3,10.6,98,9
21.935,1,10.6,98,9
58.858,2,10.6,98,9
24.032,2,10.6,98,9
133.45,2,10.6,98,9
66.468,3,10.6,98,9
57.558,1,10.6,98,9
5.9137,3,10.6,98,9
21.206,2,10.6,98,9
24.869,1,10.6,98,9
56.5,1,10.6,98,9
83.948,1,10.6,98,9
26.969,3,10.6,98,9
75.344,2,10.6,98,9
46.113,3,10.6,98,9
119.74,2,6.5,126,9
11.093,2,6.5,126,9
64.794,2,6.5,126,9
60.96,3,6.5,126,9
35.669,1,6.5,126,9
68.02,3,6.5,126,9
74.615,2,6.5,126,9
95.711,1,6.5,126,9
241.42,3,6.5,126,9
49.258,2,6.5,126,9
217.29,3,6.5,126,9
207.09,3,6.5,126,9
14.115,1,6.5,126,9
69.641,2,6.5,126,9
26.139,2,6.5,126,9
43.768,2,6.5,126,9
75.7,3,6.5,126,9
72.585,1,6.5,126,9
121.02,3,6.5,126,9
163.95,2,6.5,126,9
106.76,1,6.5,126,9
6.9038,1,6.5,126,9
3.3601,1,6.5,126,9
23.19,3,6.5,126,9
96.879,2,6.5,126,9
98.771,3,6.5,126,9
32.632,1,11.3,128,9
52.065,2,11.3,128,9
65.264,2,11.3,128,9
16.084,2,11.3,128,9
52.946,3,11.3,128,9
10.758,1,11.3,128,9
20.934,3,11.3,128,9
46.675,2,11.3,128,9
72.377,1,11.3,128,9
123.96,1,11.3,128,9
70.72,1,11.3,128,9
74.254,3,11.3,128,9
178.57,2,11.3,128,9
110.26,3,11.3,128,9
167.04,3,8.1,148,9
60.907,2,8.1,148,9
10.24,3,8.1,148,9
78.233,2,8.1,148,9
99.55,1,8.1,148,9
53.003,3,10.4,154,9
75.389,1,10.4,154,9
52.738,2,10.4,154,9
76.037,2,10.4,154,9
56.405,2,10.4,154,9
1.5427,3,10.4,154,9
132.58,1,10.4,154,9
38.783,3,10.4,154,9
88.59,2,10.4,154,9
47.786,1,10.4,154,9
45.196,1,10.4,154,9
0.4461,1,10.4,154,9
177.5,3,10.4,154,9
47.399,2,10.4,154,9
86.469,3,10.4,154,9
52.703,3,6.9,155,9
82.598,1,6.9,155,9
64.789,2,6.9,155,9
68.414,2,6.9,155,9
47.349,2,6.9,155,9
15.503,3,6.9,155,9
5.8142,1,6.9,155,9
40.997,2,6.9,155,9
74.342,1,6.9,155,9
53.417,1,6.9,155,9
19.062,1,6.9,155,9
101.61,3,6.9,155,9
28.578,2,6.9,155,9
24.208,3,6.9,155,9
90.881,1,6.3,165,9
88.336,2,6.3,165,9
75.201,2,6.3,165,9
120.98,2,6.3,165,9
27.436,3,6.3,165,9
14.599,1,6.3,165,9
185.09,3,6.3,165,9
108.55,2,6.3,165,9
117.15,1,6.3,165,9
101.6,1,6.3,165,9
16.782,1,6.3,165,9
245.83,3,6.3,165,9
5.6461,3,6.3,165,9
93.111,2,7.9,171,9
200.07,2,7.9,171,9
120.17,3,7.9,171,9
32.79,1,7.9,171,9
0.59999,1,7.9,171,9
217.93,3,7.9,171,9
15.146,2,7.9,171,9
228.66,3,7.9,171,9
34.917,1,6.9,186,9
6.0038,2,6.9,186,9
53.959,2,6.9,186,9
41.558,2,6.9,186,9
41.505,3,6.9,186,9
43.443,1,6.9,186,9
108.64,3,6.9,186,9
117.52,2,6.9,186,9
90.059,1,6.9,186,9
56.797,1,6.9,186,9
35.96,1,6.9,186,9
139.02,3,6.9,186,9
115.54,2,6.9,186,9
75.977,3,6.9,186,9
118.75,3,8.8,187,9
24.044,1,8.8,187,9
55.805,2,8.8,187,9
23.631,2,8.8,187,9
74.733,2,8.8,187,9
80.249,3,8.8,187,9
190.09,1,8.8,187,9
51.125,3,8.8,187,9
1.3264,2,8.8,187,9
24.878,1,8.8,187,9
78.984,1,8.8,187,9
51.228,1,8.8,187,9
9.9374,3,8.8,187,9
104.66,2,8.8,187,9
12.531,3,8.8,187,9
124.48,3,6.9,192,9
2.9397,1,6.9,192,9
45.283,2,6.9,192,9
28.322,2,6.9,192,9
29.514,2,6.9,192,9
83.768,3,6.9,192,9
57.472,1,6.9,192,9
93.348,3,6.9,192,9
201.77,2,6.9,192,9
29.052,1,6.9,192,9
148.84,1,6.9,192,9
53.295,1,6.9,192,9
52.04,3,6.9,192,9
158.68,2,6.9,192,9
88.159,3,6.9,192,9
67.931,1,6,195,9
23.269,2,6,195,9
90.458,2,6,195,9
105.58,3,6,195,9
47.752,1,6,195,9
118.34,2,6,195,9
245.48,1,6,195,9
74.633,1,6,195,9
245.24,1,6,195,9
174.63,3,6,195,9
99.823,2,6,195,9
56.372,3,6,195,9
57.619,3,8.7,197,9
7.2908,1,8.7,197,9
28.518,2,8.7,197,9
4.6541,2,8.7,197,9
64.094,2,8.7,197,9
58.285,3,8.7,197,9
14.542,1,8.7,197,9
20.237,3,8.7,197,9
102.26,2,8.7,197,9
34.802,1,8.7,197,9
10.252,1,8.7,197,9
12.925,1,8.7,197,9
73.638,3,8.7,197,9
62.258,2,8.7,197,9
39.554,3,8.7,197,9
19.261,3,11.7,199,9
11.394,1,11.7,199,9
98.806,2,11.7,199,9
71.629,2,11.7,199,9
0.43742,2,11.7,199,9
51.048,1,11.7,199,9
31.668,3,11.7,199,9
34.371,2,11.7,199,9
29.405,1,11.7,199,9
74.22,2,11.7,199,9
47.258,3,11.7,199,9
68.248,3,11.9,203,9
35.291,1,11.9,203,9
11.71,2,11.9,203,9
88.984,2,11.9,203,9
102.6,2,11.9,203,9
104.25,3,11.9,203,9
177.71,3,11.9,203,9
163.86,2,11.9,203,9
49.604,1,11.9,203,9
82.892,1,11.9,203,9
148.11,1,11.9,203,9
18.467,2,11.9,203,9
65.681,3,11.9,203,9
98.874,3,10,205,9
102.4,1,10,205,9
23.131,2,10,205,9
30.438,2,10,205,9
43.874,3,10,205,9
42.475,1,10,205,9
47.794,3,10,205,9
41.249,2,10,205,9
58.84,1,10,205,9
123.44,1,10,205,9
103.03,1,10,205,9
69.642,3,10,205,9
2.4524,2,10,205,9
76.906,3,10,205,9
48.852,2,7.7,220,9
2.5187,2,7.7,220,9
85.937,2,7.7,220,9
111.13,3,7.7,220,9
173.9,1,7.7,220,9
10.209,3,7.7,220,9
80.747,2,7.7,220,9
12.089,1,7.7,220,9
73.387,1,7.7,220,9
90.821,1,7.7,220,9
32.148,3,7.7,220,9
44.595,2,7.7,220,9
16.997,3,7.7,220,9
37.084,3,8.5,223,9
59.098,2,8.5,223,9
0.27777,2,8.5,223,9
109.79,2,8.5,223,9
58.351,3,8.5,223,9
3.0805,1,8.5,223,9
102.17,3,8.5,223,9
95.824,2,8.5,223,9
14.876,1,8.5,223,9
64.257,1,8.5,223,9
7.6062,1,8.5,223,9
90.049,3,8.5,223,9
135.22,2,8.5,223,9
56.623,3,8.5,223,9
2.0125,2,6,224,9
8.1216,2,6,224,9
77.473,2,6,224,9
24.769,3,6,224,9
59.642,1,6,224,9
15.54,3,6,224,9
129.71,2,6,224,9
239.8,1,6,224,9
10.686,3,6,224,9
142.52,3,6,225,9
139.14,2,6,225,9
211.91,3,6,225,9
68.262,3,6,225,9
55.809,2,6,225,9
88.052,3,9.3,231,9
2.7863,1,9.3,231,9
85.764,2,9.3,231,9
62.24,2,9.3,231,9
41.127,2,9.3,231,9
19.91,3,9.3,231,9
15,1,9.3,231,9
20.673,3,9.3,231,9
85.162,2,9.3,231,9
52.994,1,9.3,231,9
102.63,1,9.3,231,9
107.41,1,9.3,231,9
158,3,9.3,231,9
5.7509,2,9.3,231,9
73.391,3,9.3,231,9
39.95,3,7.3,236,9
37.444,1,7.3,236,9
24.733,2,7.3,236,9
23.349,2,7.3,236,9
26.37,2,7.3,236,9
1.4824,3,7.3,236,9
45.915,1,7.3,236,9
66.59,3,7.3,236,9
30.842,2,7.3,236,9
60.999,1,7.3,236,9
4.4091,1,7.3,236,9
56.065,1,7.3,236,9
25.624,3,7.3,236,9
41.978,2,7.3,236,9
16.933,3,7.3,236,9
58.002,3,9,237,9
31.782,1,9,237,9
61.94,2,9,237,9
109.07,2,9,237,9
55.486,2,9,237,9
213.67,3,9,237,9
33.602,1,9,237,9
70.962,3,9,237,9
163.99,2,9,237,9
29.064,1,9,237,9
25.808,1,9,237,9
17.847,1,9,237,9
102.2,3,9,237,9
133.44,2,9,237,9
42.555,3,9,237,9
255.26,3,10.9,245,9
3.285,1,10.9,245,9
146.71,2,10.9,245,9
135.53,2,10.9,245,9
57.74,2,10.9,245,9
19.355,3,10.9,245,9
94.948,1,10.9,245,9
23.877,3,10.9,245,9
97.6,2,10.9,245,9
63.681,1,10.9,245,9
112.93,1,10.9,245,9
22.359,1,10.9,245,9
27.837,3,10.9,245,9
26.647,2,10.9,245,9
31.752,3,10.9,245,9
46.005,3,11.9,250,9
81.984,1,11.9,250,9
107.39,2,11.9,250,9
70.486,2,11.9,250,9
31.254,2,11.9,250,9
5.2312,3,11.9,250,9
13.99,1,11.9,250,9
105.13,3,11.9,250,9
142.47,2,11.9,250,9
60.883,1,11.9,250,9
42.837,1,11.9,250,9
34.007,1,11.9,250,9
41.308,3,11.9,250,9
14.523,2,11.9,250,9
15.565,3,11.9,250,9
20.765,3,7.2,253,9
79.667,1,7.2,253,9
47.979,2,7.2,253,9
44.574,2,7.2,253,9
66.633,2,7.2,253,9
83.752,3,7.2,253,9
55.426,1,7.2,253,9
140.37,3,7.2,253,9
56.536,2,7.2,253,9
29.175,1,7.2,253,9
18.844,1,7.2,253,9
67.223,1,7.2,253,9
104.92,3,7.2,253,9
38.702,2,7.2,253,9
67.967,3,7.2,253,9
33.335,3,12.7,257,9
41.635,1,12.7,257,9
33.018,2,12.7,257,9
85.315,2,12.7,257,9
4.5795,2,12.7,257,9
65.69,3,12.7,257,9
91.95,1,12.7,257,9
35.226,3,12.7,257,9
8.3493,2,12.7,257,9
54.312,1,12.7,257,9
3.6011,1,12.7,257,9
5.1325,1,12.7,257,9
32.996,3,12.7,257,9
0.95478,2,12.7,257,9
97.985,3,12.7,257,9
168.88,3,9.3,260,9
139.1,1,9.3,260,9
78.306,2,9.3,260,9
144.42,2,9.3,260,9
74.897,2,9.3,260,9
66.195,3,9.3,260,9
27.97,1,9.3,260,9
30.221,3,9.3,260,9
31.213,2,9.3,260,9
28.539,1,9.3,260,9
19.22,1,9.3,260,9
18.765,1,9.3,260,9
139.9,3,9.3,260,9
5.0157,2,9.3,260,9
34.36,3,9.3,260,9
62.234,3,8,261,9
37.894,1,8,261,9
55.275,2,8,261,9
3.0394,2,8,261,9
15.413,2,8,261,9
45.341,3,8,261,9
29.993,1,8,261,9
55.49,3,8,261,9
41.744,2,8,261,9
38.729,1,8,261,9
42.544,1,8,261,9
84.505,1,8,261,9
10.347,3,8,261,9
39.954,2,8,261,9
38.098,3,8,261,9
106.99,3,5.2,263,9
152.82,1,5.2,263,9
43.97,2,5.2,263,9
261.75,2,5.2,263,9
199.84,2,5.2,263,9
166.11,3,5.2,263,9
56.246,3,5.2,263,9
71.118,1,5.2,263,9
13.638,1,5.2,263,9
11.512,1,5.2,263,9
3.9311,3,5.2,263,9
325.37,2,5.2,263,9
23.741,3,5.2,263,9
81.188,3,12.8,265,9
20.03,1,12.8,265,9
7.3277,2,12.8,265,9
26.158,2,12.8,265,9
73.442,2,12.8,265,9
96.673,3,12.8,265,9
48.755,1,12.8,265,9
10.164,3,12.8,265,9
5.7377,2,12.8,265,9
54.995,1,12.8,265,9
51.09,1,12.8,265,9
73.791,1,12.8,265,9
52.88,3,12.8,265,9
49.77,2,12.8,265,9
5.6183,3,12.8,265,9
43.144,3,5.1,270,9
74.274,1,5.1,270,9
34.002,2,5.1,270,9
24.371,2,5.1,270,9
10.09,2,5.1,270,9
109.74,3,5.1,270,9
5.4911,1,5.1,270,9
243.83,3,5.1,270,9
84.203,2,5.1,270,9
320.47,1,5.1,270,9
25.292,1,5.1,270,9
43.392,1,5.1,270,9
43.341,2,5.1,270,9
3.8465,3,5.1,270,9
256.58,3,7.3,271,9
138.64,1,7.3,271,9
102.92,2,7.3,271,9
57.031,2,7.3,271,9
148.23,2,7.3,271,9
85.131,3,7.3,271,9
163.01,1,7.3,271,9
2.0797,3,7.3,271,9
145.92,2,7.3,271,9
52.83,1,7.3,271,9
64.503,1,7.3,271,9
183.08,1,7.3,271,9
31.576,3,7.3,271,9
76.008,2,7.3,271,9
167.48,3,7.3,271,9
92.112,1,7.2,280,9
112.46,2,7.2,280,9
75.174,2,7.2,280,9
133.09,2,7.2,280,9
146.43,3,7.2,280,9
8.8548,2,7.2,280,9
31.373,1,7.2,280,9
38.817,1,7.2,280,9
96.915,1,7.2,280,9
22.188,3,7.2,280,9
9.3418,2,7.2,280,9
2.5412,3,7.2,280,9
145.44,3,5.8,281,9
108.01,3,5.8,281,9
7.4656,1,5.8,281,9
108.09,3,5.8,281,9
12.852,2,5.8,281,9
39.715,1,5.8,281,9
20.049,1,5.8,281,9
28.998,1,5.8,281,9
65.234,3,5.8,281,9
55.792,2,5.8,281,9
68.704,3,5.8,281,9
91.886,3,7.8,282,9
70.856,3,7.8,282,9
204.26,2,7.8,282,9
138.26,1,7.8,282,9
8.1677,1,7.8,282,9
207.34,1,7.8,282,9
12.128,3,7.8,282,9
67.925,2,7.8,282,9
56.233,3,7.8,282,9
75.979,3,11.4,283,9
21.893,1,11.4,283,9
84.303,2,11.4,283,9
79.85,2,11.4,283,9
11.307,2,11.4,283,9
60.961,3,11.4,283,9
16.232,1,11.4,283,9
94.27,3,11.4,283,9
100.37,2,11.4,283,9
50.746,1,11.4,283,9
38.141,1,11.4,283,9
20.285,1,11.4,283,9
28.189,3,11.4,283,9
8.1046,2,11.4,283,9
54.772,3,11.4,283,9
63.556,1,8.3,286,9
96.484,2,8.3,286,9
109.07,2,8.3,286,9
43.092,2,8.3,286,9
107.83,3,8.3,286,9
69.288,1,8.3,286,9
79.35,3,8.3,286,9
51.518,2,8.3,286,9
94.901,1,8.3,286,9
80.917,1,8.3,286,9
15.424,1,8.3,286,9
67.757,3,8.3,286,9
45.49,2,8.3,286,9
73.366,3,8.3,286,9
151.74,1,6.6,289,9
126.34,2,6.6,289,9
151.98,2,6.6,289,9
109.92,2,6.6,289,9
43.455,3,6.6,289,9
18.098,1,6.6,289,9
165.71,3,6.6,289,9
46.207,2,6.6,289,9
75.727,1,6.6,289,9
31.961,1,6.6,289,9
59.604,1,6.6,289,9
184.25,3,6.6,289,9
40.035,2,6.6,289,9
25.911,3,6.6,289,9
99.508,2,7.4,290,9
60.093,2,7.4,290,9
16.342,1,7.4,290,9
112.64,3,7.4,290,9
14.677,2,7.4,290,9
10.841,1,7.4,290,9
180.64,1,7.4,290,9
73.681,1,7.4,290,9
1.4792,3,7.4,290,9
49.213,2,7.4,290,9
71.328,3,7.4,290,9
86.897,3,10.5,291,9
74.495,2,10.5,291,9
20.449,2,10.5,291,9
93.733,2,10.5,291,9
34.184,3,10.5,291,9
61.428,1,10.5,291,9
89.392,3,10.5,291,9
101.82,2,10.5,291,9
121.51,1,10.5,291,9
36.736,1,10.5,291,9
76.731,1,10.5,291,9
4.4327,3,10.5,291,9
38.399,3,10.5,293,9
86.806,1,10.5,293,9
90.951,2,10.5,293,9
102.03,2,10.5,293,9
13.815,2,10.5,293,9
26.827,3,10.5,293,9
87.435,1,10.5,293,9
52.449,3,10.5,293,9
33.857,2,10.5,293,9
54.28,1,10.5,293,9
73.416,1,10.5,293,9
144.94,1,10.5,293,9
10.033,3,10.5,293,9
42.586,2,10.5,293,9
81.234,3,10.5,293,9
29.995,3,10.2,294,9
43.977,1,10.2,294,9
104.91,2,10.2,294,9
10.621,2,10.2,294,9
4.0001,2,10.2,294,9
106.14,3,10.2,294,9
182.55,1,10.2,294,9
25.559,3,10.2,294,9
92,2,10.2,294,9
114.16,1,10.2,294,9
7.43,1,10.2,294,9
55.948,1,10.2,294,9
9.6283,3,10.2,294,9
37.972,2,10.2,294,9
48.6,3,10.2,294,9
158.63,1,6,295,9
82.58,2,6,295,9
28.666,2,6,295,9
204.08,2,6,295,9
88.835,3,6,295,9
208.67,1,6,295,9
58.499,3,6,295,9
61.978,2,6,295,9
154.59,1,6,295,9
11.475,1,6,295,9
178.99,1,6,295,9
248.03,3,6,295,9
93.312,2,6,295,9
39.761,3,6,295,9
102.76,3,8.6,297,9
127.63,1,8.6,297,9
84.611,2,8.6,297,9
108.3,2,8.6,297,9
30.776,2,8.6,297,9
50.28,3,8.6,297,9
47.14,1,8.6,297,9
11.311,3,8.6,297,9
7.2421,2,8.6,297,9
59.117,1,8.6,297,9
116.87,1,8.6,297,9
68.111,1,8.6,297,9
41.468,3,8.6,297,9
131.81,2,8.6,297,9
126.32,3,8.6,297,9
197.8,1,8.7,298,9
125.04,2,8.7,298,9
13.898,2,8.7,298,9
155.22,2,8.7,298,9
71.012,3,8.7,298,9
2.8685,1,8.7,298,9
152.37,3,8.7,298,9
36.389,2,8.7,298,9
28.158,1,8.7,298,9
101.86,1,8.7,298,9
75.972,1,8.7,298,9
29.678,3,8.7,298,9
56.826,2,8.7,298,9
91.713,3,8.7,298,9
75.861,3,10.3,301,9
106.54,1,10.3,301,9
23.497,2,10.3,301,9
146.19,2,10.3,301,9
39.439,3,10.3,301,9
54.043,1,10.3,301,9
19.458,3,10.3,301,9
35.674,2,10.3,301,9
54.444,1,10.3,301,9
38.91,1,10.3,301,9
142.66,1,10.3,301,9
43.837,3,10.3,301,9
107.84,2,10.3,301,9
85.01,3,10.3,301,9
80.844,1,11.5,303,9
25.391,2,11.5,303,9
35.098,2,11.5,303,9
62.615,2,11.5,303,9
104.45,3,11.5,303,9
40.777,1,11.5,303,9
0.93292,3,11.5,303,9
4.1125,2,11.5,303,9
28.619,1,11.5,303,9
14.117,1,11.5,303,9
23.111,1,11.5,303,9
55.911,3,11.5,303,9
181.63,2,11.5,303,9
12.296,3,11.5,303,9
116.74,3,9.1,304,9
28.143,1,9.1,304,9
102.64,2,9.1,304,9
103.07,2,9.1,304,9
79.967,2,9.1,304,9
131.32,3,9.1,304,9
27.581,2,9.1,304,9
106.63,1,9.1,304,9
61.771,1,9.1,304,9
35.275,1,9.1,304,9
124.5,3,9.1,304,9
39.692,2,9.1,304,9
30.903,3,9.1,304,9
36.873,3,9.2,308,9
26.019,1,9.2,308,9
47.768,2,9.2,308,9
40.853,2,9.2,308,9
52.608,3,9.2,308,9
14.136,1,9.2,308,9
60.043,3,9.2,308,9
35.141,2,9.2,308,9
109.38,1,9.2,308,9
50.531,1,9.2,308,9
2.0218,1,9.2,308,9
2.1708,3,9.2,308,9
46.409,2,9.2,308,9
35.966,3,9.2,308,9
31.246,2,11.3,309,9
25.635,2,11.3,309,9
76.315,2,11.3,309,9
9.7723,3,11.3,309,9
74.936,1,11.3,309,9
39.912,3,11.3,309,9
35.194,2,11.3,309,9
68.572,1,11.3,309,9
105.88,1,11.3,309,9
36.862,1,11.3,309,9
63.464,3,11.3,309,9
1.3432,3,11.3,309,9
16.623,3,9.8,310,9
83.523,1,9.8,310,9
79.862,2,9.8,310,9
6.9869,2,9.8,310,9
6.5166,2,9.8,310,9
99.497,3,9.8,310,9
125.98,1,9.8,310,9
155.99,3,9.8,310,9
125.73,2,9.8,310,9
98.631,1,9.8,310,9
96.97,1,9.8,310,9
54.997,1,9.8,310,9
96.999,3,9.8,310,9
42.807,2,9.8,310,9
26.208,3,9.8,310,9
138.41,3,11.3,311,9
72.772,1,11.3,311,9
2.1318,2,11.3,311,9
94.398,2,11.3,311,9
3.3684,2,11.3,311,9
80.744,3,11.3,311,9
15.499,1,11.3,311,9
3.0422,3,11.3,311,9
51.548,2,11.3,311,9
54.64,1,11.3,311,9
8.6563,1,11.3,311,9
68.196,1,11.3,311,9
83.575,2,11.3,311,9
230.31,3,11.3,311,9
101.84,2,7.6,315,9
38.603,2,7.6,315,9
58.426,3,7.6,315,9
16.262,1,7.6,315,9
171.22,3,7.6,315,9
9.058,2,7.6,315,9
2.2017,1,7.6,315,9
65.95,1,7.6,315,9
43.447,1,7.6,315,9
55.437,3,7.6,315,9
15.538,2,7.6,315,9
28.758,3,7.6,315,9
61.211,3,9.6,342,9
77.389,1,9.6,342,9
78.498,2,9.6,342,9
36.192,2,9.6,342,9
71.524,2,9.6,342,9
48.609,3,9.6,342,9
112.82,1,9.6,342,9
93.743,2,9.6,342,9
83.073,1,9.6,342,9
41.969,1,9.6,342,9
19.498,3,9.6,342,9
1.8557,2,9.6,342,9
19.617,3,9.6,342,9
1.0947,3,5.8,344,9
76.954,1,5.8,344,9
129.76,2,5.8,344,9
117.21,2,5.8,344,9
123.18,2,5.8,344,9
108.33,3,5.8,344,9
63.73,1,5.8,344,9
176.55,3,5.8,344,9
106.26,2,5.8,344,9
58.284,1,5.8,344,9
132.7,1,5.8,344,9
236.64,1,5.8,344,9
174.67,3,5.8,344,9
61.75,3,5.8,344,9
7,3,7.8,346,9
74.728,1,7.8,346,9
6.4661,2,7.8,346,9
53.324,2,7.8,346,9
14.754,2,7.8,346,9
173,3,7.8,346,9
147.47,1,7.8,346,9
100.22,3,7.8,346,9
6.141,2,7.8,346,9
16.222,1,7.8,346,9
8.051,1,7.8,346,9
58.114,1,7.8,346,9
14.168,3,7.8,346,9
52.795,2,7.8,346,9
90.492,3,7.8,346,9
105.71,3,7.2,347,9
112.38,1,7.2,347,9
37.819,2,7.2,347,9
60.161,2,7.2,347,9
76.113,2,7.2,347,9
2.1614,3,7.2,347,9
31.705,1,7.2,347,9
4.1714,3,7.2,347,9
155.38,2,7.2,347,9
72.889,1,7.2,347,9
142.43,1,7.2,347,9
119.73,1,7.2,347,9
4.1576,3,7.2,347,9
14.521,2,7.2,347,9
3.8498,3,7.2,347,9
180.33,3,9.2,348,9
125.66,2,9.2,348,9
251.94,3,9.2,348,9
113.49,3,9.2,348,9
9.457,2,9.2,348,9
52.83,1,9.2,348,9
49.378,1,9.2,348,9
102.72,1,9.2,348,9
122.44,3,9.2,348,9
134.77,2,9.2,348,9
39.944,3,12.1,357,9
90.067,1,12.1,357,9
8.145,2,12.1,357,9
73.909,2,12.1,357,9
3.6749,2,12.1,357,9
46.896,3,12.1,357,9
128.21,3,12.1,357,9
29.238,2,12.1,357,9
7.3434,1,12.1,357,9
53.272,1,12.1,357,9
21.323,1,12.1,357,9
77.237,3,12.1,357,9
82.025,2,12.1,357,9
45.948,3,12.1,357,9
13.848,3,6.5,366,9
79.479,1,6.5,366,9
190.04,2,6.5,366,9
301.17,2,6.5,366,9
385.57,2,6.5,366,9
140.32,3,6.5,366,9
34.503,1,6.5,366,9
18.459,3,6.5,366,9
6.3818,2,6.5,366,9
48.46,1,6.5,366,9
73.175,1,6.5,366,9
47.278,1,6.5,366,9
46.264,3,6.5,366,9
78.883,2,6.5,366,9
106.15,3,6.5,366,9
47.33,3,10.6,367,9
77.33,1,10.6,367,9
0.82362,2,10.6,367,9
10.187,2,10.6,367,9
35.282,2,10.6,367,9
218.66,3,10.6,367,9
3.097,1,10.6,367,9
40.384,3,10.6,367,9
92.66,2,10.6,367,9
107.59,1,10.6,367,9
9.0289,1,10.6,367,9
51.449,1,10.6,367,9
24.925,3,10.6,367,9
86.225,2,10.6,367,9
41.35,3,10.6,367,9
81.028,3,12.2,369,9
185.25,1,12.2,369,9
158.4,2,12.2,369,9
54.875,2,12.2,369,9
253.26,2,12.2,369,9
97.786,3,12.2,369,9
97.864,1,12.2,369,9
32.592,3,12.2,369,9
21.936,2,12.2,369,9
8.0568,1,12.2,369,9
11.2,1,12.2,369,9
61.517,1,12.2,369,9
6.5091,3,12.2,369,9
67.828,2,12.2,369,9
9.8676,3,12.2,369,9
267.1,2,7.2,370,9
121.73,2,7.2,370,9
116.31,1,7.2,370,9
24.472,3,7.2,370,9
250.76,2,7.2,370,9
109.9,1,7.2,370,9
84.542,1,7.2,370,9
4.0496,1,7.2,370,9
109.26,3,7.2,370,9
28.235,3,7.2,370,9
132.32,3,8.5,371,9
214.28,1,8.5,371,9
28.114,2,8.5,371,9
35.331,2,8.5,371,9
105.81,2,8.5,371,9
21.089,3,8.5,371,9
204.76,1,8.5,371,9
108.66,3,8.5,371,9
198.35,2,8.5,371,9
257.23,1,8.5,371,9
71.988,1,8.5,371,9
223.66,3,8.5,371,9
93.624,3,8.5,371,9
109.37,3,9.9,373,9
108.56,1,9.9,373,9
85.497,2,9.9,373,9
189.18,2,9.9,373,9
185.61,2,9.9,373,9
1.2257,3,9.9,373,9
75.537,1,9.9,373,9
173.38,3,9.9,373,9
13.489,2,9.9,373,9
97.083,1,9.9,373,9
13.811,1,9.9,373,9
7.0513,1,9.9,373,9
43.309,3,9.9,373,9
168.11,2,9.9,373,9
41.64,3,9.9,373,9
40.861,3,9.3,374,9
4.304,1,9.3,374,9
0.34875,2,9.3,374,9
27.635,2,9.3,374,9
55.294,2,9.3,374,9
34.855,3,9.3,374,9
12.427,1,9.3,374,9
192.17,3,9.3,374,9
109.52,2,9.3,374,9
79.471,1,9.3,374,9
21.567,1,9.3,374,9
11.862,1,9.3,374,9
91.026,3,9.3,374,9
83.591,2,9.3,374,9
19.304,3,9.3,374,9
66.73,3,12.6,375,9
94.496,1,12.6,375,9
105.13,2,12.6,375,9
98.621,2,12.6,375,9
66.364,3,12.6,375,9
129.61,1,12.6,375,9
62.894,3,12.6,375,9
73.568,2,12.6,375,9
109.82,1,12.6,375,9
63.941,1,12.6,375,9
9.1597,1,12.6,375,9
103.2,3,12.6,375,9
40.731,2,12.6,375,9
30.702,3,12.6,375,9
5.1643,2,6.8,380,9
168.17,3,6.8,380,9
74.555,3,6.8,380,9
260.95,2,6.8,380,9
253.5,1,6.8,380,9
43.281,1,6.8,380,9
239.35,2,6.8,380,9
39.409,3,6.8,380,9
36.676,3,10.1,384,9
11.248,1,10.1,384,9
10.284,2,10.1,384,9
40.774,2,10.1,384,9
81.956,2,10.1,384,9
19.041,3,10.1,384,9
49.794,1,10.1,384,9
39.429,3,10.1,384,9
47.378,2,10.1,384,9
35.722,1,10.1,384,9
97.033,1,10.1,384,9
87.06,3,10.1,384,9
74.33,2,10.1,384,9
99.53,3,10.1,384,9
3.9635,3,12,385,9
25.631,1,12,385,9
98.907,2,12,385,9
34.585,2,12,385,9
14.451,2,12,385,9
12.451,3,12,385,9
54.152,1,12,385,9
75.009,3,12,385,9
33.784,2,12,385,9
28.468,1,12,385,9
38.761,1,12,385,9
116.19,3,12,385,9
105.75,2,12,385,9
7.6971,3,12,385,9
51.442,3,12.5,386,9
75.542,1,12.5,386,9
56.454,2,12.5,386,9
14.386,2,12.5,386,9
18.422,2,12.5,386,9
53.173,3,12.5,386,9
1.5186,1,12.5,386,9
71.966,3,12.5,386,9
93.011,2,12.5,386,9
42.786,1,12.5,386,9
57.195,1,12.5,386,9
23.452,1,12.5,386,9
6.6323,3,12.5,386,9
37.589,2,12.5,386,9
62.434,3,12.5,386,9
234.36,3,9.1,387,9
13.946,1,9.1,387,9
98.399,2,9.1,387,9
45.765,2,9.1,387,9
34.65,2,9.1,387,9
184.61,3,9.1,387,9
8.8118,1,9.1,387,9
89.459,3,9.1,387,9
54.721,2,9.1,387,9
58.488,1,9.1,387,9
124.15,1,9.1,387,9
29.122,1,9.1,387,9
164.84,3,9.1,387,9
33.284,2,9.1,387,9
40.635,3,9.1,387,9
200.71,3,8.6,410,9
159.73,1,8.6,410,9
235.89,3,8.6,410,9
134.36,3,8.6,410,9
54.071,1,8.6,410,9
36.912,1,8.6,410,9
107.43,3,8.6,410,9
100.4,3,9.7,424,9
81.156,1,9.7,424,9
21.464,2,9.7,424,9
14.573,2,9.7,424,9
38.709,2,9.7,424,9
2.2508,3,9.7,424,9
60.691,1,9.7,424,9
79.36,3,9.7,424,9
33.025,2,9.7,424,9
103.97,1,9.7,424,9
47.64,1,9.7,424,9
6.363,3,9.7,424,9
45.78,2,9.7,424,9
60.21,3,9.7,424,9
19.862,3,7.5,426,9
114.85,1,7.5,426,9
66.252,2,7.5,426,9
8.5583,2,7.5,426,9
167.89,2,7.5,426,9
252,3,7.5,426,9
13.533,3,7.5,426,9
254.55,2,7.5,426,9
151.57,1,7.5,426,9
189.96,1,7.5,426,9
230.19,3,9.4,427,9
4.239,1,9.4,427,9
105.58,2,9.4,427,9
39.511,2,9.4,427,9
43.709,2,9.4,427,9
10.185,3,9.4,427,9
100.79,1,9.4,427,9
129.5,3,9.4,427,9
96.895,2,9.4,427,9
5.2884,1,9.4,427,9
147.37,1,9.4,427,9
25.632,1,9.4,427,9
65.057,3,9.4,427,9
53.963,2,9.4,427,9
58.875,3,9.4,427,9
33.078,3,12.9,428,9
76.345,1,12.9,428,9
100.02,2,12.9,428,9
63.036,1,12.9,428,9
46.921,3,12.9,428,9
38.881,2,12.9,428,9
12.286,1,12.9,428,9
18.058,1,12.9,428,9
10.734,1,12.9,428,9
27.077,3,12.9,428,9
27.477,2,12.9,428,9
16.672,3,12.9,428,9
80.722,3,10.5,429,9
46.857,1,10.5,429,9
183.66,2,10.5,429,9
233.11,3,10.5,429,9
84.01,2,10.5,429,9
4.3787,1,10.5,429,9
15.356,1,10.5,429,9
54.593,1,10.5,429,9
109.31,3,10.5,429,9
95.379,2,10.5,429,9
106.47,3,10.5,429,9
57.56,3,10.1,431,9
100.64,1,10.1,431,9
30.433,2,10.1,431,9
81.933,2,10.1,431,9
120.88,2,10.1,431,9
6.4125,3,10.1,431,9
87.365,1,10.1,431,9
114.09,3,10.1,431,9
95.685,2,10.1,431,9
9.8442,1,10.1,431,9
47.763,1,10.1,431,9
49.73,2,10.1,431,9
9.8789,3,10.1,431,9
17.103,3,12.4,436,9
27.864,1,12.4,436,9
118.92,2,12.4,436,9
3.8044,2,12.4,436,9
16.452,2,12.4,436,9
31.665,3,12.4,436,9
33.198,1,12.4,436,9
12.382,3,12.4,436,9
7.1034,2,12.4,436,9
51.556,1,12.4,436,9
70.816,1,12.4,436,9
161.48,1,12.4,436,9
46.795,3,12.4,436,9
64.489,2,12.4,436,9
203.99,2,7,439,9
139.29,3,7,439,9
24.25,3,7,439,9
155.44,2,7,439,9
29.244,1,7,439,9
49.689,3,7,439,9
139.56,2,7,439,9
59.315,3,11.2,440,9
62.891,1,11.2,440,9
63.093,2,11.2,440,9
211.95,2,11.2,440,9
92.595,2,11.2,440,9
120.25,1,11.2,440,9
63.488,3,11.2,440,9
27.988,2,11.2,440,9
115.99,1,11.2,440,9
43.729,2,11.2,440,9
153.21,3,11.2,440,9
62.001,3,8.9,444,9
54.092,1,8.9,444,9
3.9015,2,8.9,444,9
46.763,2,8.9,444,9
3.0461,2,8.9,444,9
78.364,3,8.9,444,9
109.49,1,8.9,444,9
32.504,3,8.9,444,9
86.376,1,8.9,444,9
73.105,1,8.9,444,9
38.247,1,8.9,444,9
106.84,3,8.9,444,9
157.37,3,8.9,444,9
101.94,1,9.2,449,9
255.29,2,9.2,449,9
206.08,3,9.2,449,9
32.973,1,9.2,449,9
160.51,3,9.2,449,9
83.321,2,9.2,449,9
249.63,1,9.2,449,9
178.54,1,9.2,449,9
117.94,3,9.2,449,9
53.087,1,16.3,19,16
60.323,1,16.3,19,16
97.789,3,16.3,19,16
62.553,2,16.3,19,16
65.509,3,16.3,19,16
23.945,1,16.3,19,16
151.66,1,16.3,19,16
125.6,1,16.3,19,16
57.414,3,16.3,19,16
56.613,3,16.3,19,16
103.83,1,16.3,19,16
93.941,2,16.3,19,16
58.959,3,16.3,19,16
74.297,3,16.3,19,16
20.419,1,16.3,19,16
18.209,1,16.3,19,16
95.732,2,16.3,19,16
26.59,2,16.3,19,16
49.795,1,16.3,19,16
114.48,3,13.1,32,16
199.91,1,13.1,32,16
110.68,2,13.1,32,16
103.52,2,13.1,32,16
76.923,2,13.1,32,16
13.753,3,13.1,32,16
41.917,1,13.1,32,16
31.793,3,13.1,32,16
37.852,2,13.1,32,16
34.273,1,13.1,32,16
47.609,1,13.1,32,16
19.744,1,13.1,32,16
31.836,3,13.1,32,16
70.8,2,13.1,32,16
14.576,3,13.1,32,16
6.0129,3,15,71,16
47.304,1,15,71,16
26.55,2,15,71,16
66.956,2,15,71,16
64.82,2,15,71,16
108.13,3,15,71,16
49.487,1,15,71,16
26.229,3,15,71,16
88.549,2,15,71,16
15.429,1,15,71,16
12.455,1,15,71,16
30.86,1,15,71,16
140.5,3,15,71,16
45.235,2,15,71,16
104.25,3,15,71,16
106.87,3,15,72,16
13.292,1,15,72,16
44.232,2,15,72,16
39.576,2,15,72,16
38.613,2,15,72,16
32.733,3,15,72,16
42.091,1,15,72,16
33.929,3,15,72,16
19.361,2,15,72,16
6.3548,1,15,72,16
19.997,1,15,72,16
47.254,1,15,72,16
66,3,15,72,16
86.426,2,15,72,16
2.6696,3,15,72,16
39.405,3,17,75,16
89.15,1,17,75,16
24.493,2,17,75,16
51.788,2,17,75,16
85.795,2,17,75,16
84.576,3,17,75,16
130.25,1,17,75,16
68.286,3,17,75,16
88.724,2,17,75,16
19.388,1,17,75,16
24.14,1,17,75,16
11.243,1,17,75,16
101.43,3,17,75,16
39.926,2,17,75,16
4.3387,3,17,75,16
37.894,3,13.5,97,16
64.482,1,13.5,97,16
15.202,2,13.5,97,16
76.691,2,13.5,97,16
9.4766,2,13.5,97,16
61.475,3,13.5,97,16
73.333,1,13.5,97,16
87.83,3,13.5,97,16
3.4559,2,13.5,97,16
0.49807,1,13.5,97,16
3.4751,1,13.5,97,16
36.928,1,13.5,97,16
33.474,3,13.5,97,16
77.573,2,13.5,97,16
41.529,1,18.6,100,16
42.788,2,18.6,100,16
35.222,2,18.6,100,16
69.484,2,18.6,100,16
214.68,3,18.6,100,16
159.13,2,18.6,100,16
102.42,1,18.6,100,16
23.965,1,18.6,100,16
19.194,3,18.6,100,16
2.0401,2,18.6,100,16
52.015,3,18.6,100,16
96.619,3,18.6,101,16
25.41,1,18.6,101,16
19.884,2,18.6,101,16
80.172,2,18.6,101,16
5.5875,2,18.6,101,16
65.309,3,18.6,101,16
109.39,1,18.6,101,16
77.279,3,18.6,101,16
65.583,2,18.6,101,16
10.476,1,18.6,101,16
60.047,1,18.6,101,16
5.847,1,18.6,101,16
32.074,3,18.6,101,16
14.696,2,18.6,101,16
4.3731,3,18.6,101,16
49.937,3,18.3,102,16
80.086,1,18.3,102,16
24.228,2,18.3,102,16
30.035,2,18.3,102,16
39.624,2,18.3,102,16
46.825,3,18.3,102,16
78.48,1,18.3,102,16
59.627,3,18.3,102,16
42.51,2,18.3,102,16
27.026,1,18.3,102,16
50.257,1,18.3,102,16
102.2,1,18.3,102,16
100.92,3,18.3,102,16
57.436,2,18.3,102,16
8.9241,3,18.3,102,16
112.9,3,18.9,103,16
71.867,1,18.9,103,16
35.995,2,18.9,103,16
21.749,2,18.9,103,16
33.069,2,18.9,103,16
6.3704,3,18.9,103,16
119.36,1,18.9,103,16
89.578,3,18.9,103,16
35.166,2,18.9,103,16
256.71,3,18.9,103,16
42.269,3,18.9,103,16
69.634,1,18.9,103,16
56.442,2,18.9,103,16
14.311,2,18.9,103,16
20.851,2,18.9,103,16
77.574,1,18.9,103,16
3.3799,3,18.9,103,16
4.1494,2,18.9,103,16
2.985,1,18.9,103,16
14.649,1,18.9,103,16
51.459,1,18.9,103,16
21.709,3,18.9,103,16
7.7801,2,18.9,103,16
29.575,3,18.9,103,16
35.159,3,18,104,16
73.343,1,18,104,16
28.345,2,18,104,16
24.763,2,18,104,16
8.2362,2,18,104,16
3.0067,3,18,104,16
96.111,1,18,104,16
3.0134,3,18,104,16
14.308,2,18,104,16
77.015,1,18,104,16
13.27,1,18,104,16
99.991,1,18,104,16
22.813,3,18,104,16
139.93,2,18,104,16
69.031,3,18,104,16
183.8,3,18.7,108,16
82.04,1,18.7,108,16
31.099,2,18.7,108,16
87.87,2,18.7,108,16
82.216,2,18.7,108,16
7.4285,3,18.7,108,16
9.8838,1,18.7,108,16
61.839,3,18.7,108,16
13.182,2,18.7,108,16
16.862,1,18.7,108,16
20.607,1,18.7,108,16
102.53,1,18.7,108,16
32.248,3,18.7,108,16
44.184,2,18.7,108,16
45.09,3,18.7,108,16
29.744,3,18.7,109,16
21.965,1,18.7,109,16
1.1427,2,18.7,109,16
53.184,2,18.7,109,16
54.041,2,18.7,109,16
28.671,3,18.7,109,16
48.984,1,18.7,109,16
104.76,3,18.7,109,16
15.554,2,18.7,109,16
93.712,1,18.7,109,16
46.07,1,18.7,109,16
64.701,1,18.7,109,16
17.162,3,18.7,109,16
42.09,2,18.7,109,16
88.845,3,18.7,109,16
13.382,3,18.2,111,16
15.356,1,18.2,111,16
44.977,2,18.2,111,16
90.187,2,18.2,111,16
15.064,2,18.2,111,16
89.374,3,18.2,111,16
59.069,1,18.2,111,16
70.113,3,18.2,111,16
10.987,2,18.2,111,16
34.826,1,18.2,111,16
32.795,1,18.2,111,16
16.393,1,18.2,111,16
33.589,3,18.2,111,16
8.0397,2,18.2,111,16
99.955,3,18.2,111,16
71.177,3,18.4,113,16
43.319,1,18.4,113,16
14.629,2,18.4,113,16
54.442,2,18.4,113,16
17.928,2,18.4,113,16
17.572,3,18.4,113,16
65.774,1,18.4,113,16
67.756,3,18.4,113,16
55.083,2,18.4,113,16
79.816,1,18.4,113,16
51.915,1,18.4,113,16
10.904,1,18.4,113,16
24.345,3,18.4,113,16
33.511,2,18.4,113,16
66.445,3,18.4,113,16
190.93,3,18.2,114,16
5.6536,1,18.2,114,16
4.0492,2,18.2,114,16
33.057,2,18.2,114,16
44.643,2,18.2,114,16
4.1933,3,18.2,114,16
10.198,1,18.2,114,16
18.079,3,18.2,114,16
7.4235,2,18.2,114,16
46.013,1,18.2,114,16
75.704,1,18.2,114,16
0.63289,1,18.2,114,16
0.28742,3,18.2,114,16
54.784,2,18.2,114,16
168.32,3,18.2,114,16
46.907,3,18.5,115,16
57.63,2,18.5,115,16
6.0212,2,18.5,115,16
17.548,2,18.5,115,16
39.176,3,18.5,115,16
72.003,1,18.5,115,16
12.95,3,18.5,115,16
104.81,2,18.5,115,16
14.022,1,18.5,115,16
13.263,1,18.5,115,16
32.501,3,18.5,115,16
9.8653,2,18.5,115,16
10.566,3,18.5,115,16
0.83374,3,18.5,116,16
109.39,1,18.5,116,16
33.49,2,18.5,116,16
84.009,2,18.5,116,16
39.53,3,18.5,116,16
44.166,1,18.5,116,16
11.67,3,18.5,116,16
78.072,2,18.5,116,16
41.391,1,18.5,116,16
50.006,1,18.5,116,16
27.743,1,18.5,116,16
108.49,3,18.5,116,16
5.9205,2,18.5,116,16
14.272,3,18.5,116,16
63.688,3,14.8,204,16
15.403,1,14.8,204,16
31.516,2,14.8,204,16
99.465,2,14.8,204,16
9.8887,3,14.8,204,16
35.532,1,14.8,204,16
87.42,3,14.8,204,16
17.127,2,14.8,204,16
5.0444,1,14.8,204,16
49.859,1,14.8,204,16
44.003,1,14.8,204,16
82.023,2,14.8,204,16
14.219,3,14.8,204,16
63.616,3,15.2,227,16
306.53,1,15.2,227,16
43.492,2,15.2,227,16
26.786,2,15.2,227,16
3.0175,2,15.2,227,16
14.702,3,15.2,227,16
31.243,1,15.2,227,16
7.7366,3,15.2,227,16
44.196,2,15.2,227,16
47.181,1,15.2,227,16
55.343,1,15.2,227,16
187.12,1,15.2,227,16
41.156,3,15.2,227,16
107.75,2,15.2,227,16
1.0194,3,15.2,227,16
87.971,3,14.4,264,16
149.46,1,14.4,264,16
201.71,2,14.4,264,16
80.811,2,14.4,264,16
219.59,2,14.4,264,16
194.47,3,14.4,264,16
97.814,1,14.4,264,16
0.02344,3,14.4,264,16
15.575,2,14.4,264,16
134.18,1,14.4,264,16
35.68,1,14.4,264,16
12.171,3,14.4,264,16
79.892,2,14.4,264,16
169.42,3,14.4,264,16
38.94,3,18.3,276,16
21.464,1,18.3,276,16
59.746,2,18.3,276,16
9.1509,2,18.3,276,16
74.218,2,18.3,276,16
82.882,3,18.3,276,16
75.514,1,18.3,276,16
13.763,3,18.3,276,16
79.953,1,18.3,276,16
28.26,1,18.3,276,16
41.194,1,18.3,276,16
19.79,3,18.3,276,16
48.901,2,18.3,276,16
35.32,3,18.3,276,16
49.841,3,18.2,277,16
41.084,1,18.2,277,16
101.72,2,18.2,277,16
38.26,2,18.2,277,16
139.18,2,18.2,277,16
65.695,3,18.2,277,16
56.278,1,18.2,277,16
42.371,3,18.2,277,16
2.5826,2,18.2,277,16
79.762,1,18.2,277,16
13.348,1,18.2,277,16
12.418,1,18.2,277,16
33.926,3,18.2,277,16
27.498,2,18.2,277,16
39.89,3,18.2,277,16
68.812,3,13.8,302,16
61.997,1,13.8,302,16
84.912,2,13.8,302,16
103.77,2,13.8,302,16
10.956,2,13.8,302,16
2.5367,3,13.8,302,16
50.027,1,13.8,302,16
27.279,3,13.8,302,16
16.993,2,13.8,302,16
10.914,1,13.8,302,16
154.85,1,13.8,302,16
16.1,1,13.8,302,16
23.86,3,13.8,302,16
178.84,2,13.8,302,16
44.592,3,13.8,302,16
235.1,3,13.9,358,16
18.003,1,13.9,358,16
124.35,2,13.9,358,16
102.04,2,13.9,358,16
33.463,2,13.9,358,16
52.245,3,13.9,358,16
6.3771,1,13.9,358,16
123.56,3,13.9,358,16
6.0514,2,13.9,358,16
53.775,1,13.9,358,16
20.784,1,13.9,358,16
54.05,1,13.9,358,16
45.154,3,13.9,358,16
93.989,2,13.9,358,16
24.055,3,13.9,358,16
1.3372,3,17.2,377,16
50.906,1,17.2,377,16
52.483,2,17.2,377,16
32.206,2,17.2,377,16
44.095,2,17.2,377,16
31.608,1,17.2,377,16
36.867,3,17.2,377,16
23.25,2,17.2,377,16
9.0497,1,17.2,377,16
6.4506,1,17.2,377,16
7.2633,1,17.2,377,16
60.005,3,17.2,377,16
45.187,2,17.2,377,16
99.533,3,17.2,377,16
61.642,3,16,378,16
64.179,1,16,378,16
79.683,2,16,378,16
61.435,2,16,378,16
50.924,2,16,378,16
3.3185,3,16,378,16
40.901,1,16,378,16
14.955,3,16,378,16
55.411,2,16,378,16
41.155,1,16,378,16
77.303,1,16,378,16
71.265,1,16,378,16
11.614,3,16,378,16
179.04,2,16,378,16
32.979,3,16,378,16
4.887,3,16.8,391,16
50.736,1,16.8,391,16
126.47,2,16.8,391,16
59.37,2,16.8,391,16
80.066,2,16.8,391,16
36.299,3,16.8,391,16
73.819,1,16.8,391,16
65.364,3,16.8,391,16
24.967,2,16.8,391,16
25.852,1,16.8,391,16
60.759,1,16.8,391,16
62.348,1,16.8,391,16
161.67,3,16.8,391,16
5.4562,2,16.8,391,16
31.698,3,16.8,391,16
167.01,3,13.9,412,16
72.846,1,13.9,412,16
49.753,2,13.9,412,16
41.788,2,13.9,412,16
78.51,2,13.9,412,16
124.3,3,13.9,412,16
12.072,1,13.9,412,16
50.675,3,13.9,412,16
42.589,2,13.9,412,16
112.96,1,13.9,412,16
9.4366,1,13.9,412,16
14.391,1,13.9,412,16
189.41,3,13.9,412,16
102.97,2,13.9,412,16
3.6745,3,13.9,412,16
29.677,3,14.2,419,16
3.9176,1,14.2,419,16
53.216,2,14.2,419,16
1.7792,2,14.2,419,16
236.88,2,14.2,419,16
38.823,3,14.2,419,16
124.5,1,14.2,419,16
106.84,3,14.2,419,16
52.973,2,14.2,419,16
34.361,1,14.2,419,16
55.386,1,14.2,419,16
16.918,1,14.2,419,16
175.04,3,14.2,419,16
81.873,2,14.2,419,16
227.32,3,14.2,419,16
29.394,1,15,421,16
9.7078,2,15,421,16
23.615,2,15,421,16
45.097,2,15,421,16
11.136,3,15,421,16
5.5788,1,15,421,16
51.43,3,15,421,16
49.899,2,15,421,16
0.74095,1,15,421,16
47.517,1,15,421,16
10.977,1,15,421,16
17.861,3,15,421,16
14.72,2,15,421,16
5.7042,3,15,421,16
194.74,3,14.8,430,16
42.814,1,14.8,430,16
47.675,2,14.8,430,16
10.697,2,14.8,430,16
5.6282,2,14.8,430,16
102.03,3,14.8,430,16
97.248,1,14.8,430,16
52.181,3,14.8,430,16
57.592,2,14.8,430,16
58.235,1,14.8,430,16
17.904,1,14.8,430,16
6.9428,1,14.8,430,16
25.866,3,14.8,430,16
41.965,2,14.8,430,16
33.083,3,14.8,430,16
101.7,3,20.8,1,24
39.496,1,20.8,1,24
32.526,2,20.8,1,24
10.513,3,20.8,1,24
69.615,3,20.8,1,24
91.652,1,20.8,1,24
5.9973,1,20.8,1,24
6.4695,2,20.8,1,24
4.1896,2,20.8,1,24
73.411,1,20.8,1,24
36.016,3,20.8,1,24
85.809,3,20.8,1,24
55.265,1,20.8,1,24
94.906,3,20.8,1,24
43.247,2,20.8,1,24
33.095,2,20.8,1,24
18.151,1,20.8,1,24
107.17,2,20.8,1,24
34.861,3,20.8,1,24
76.997,2,20.8,1,24
22.388,1,20.8,1,24
5.875,3,20.8,1,24
85.706,2,20.8,1,24
32.272,1,20.8,1,24
42.68,1,20.8,1,24
18.577,3,20.8,1,24
6.4525,1,20.8,1,24
40.818,1,20.8,1,24
29.971,2,20.8,1,24
19.14,2,20.8,1,24
63.942,3,19.7,2,24
9.8837,1,19.7,2,24
58.32,2,19.7,2,24
40.043,3,19.7,2,24
7.2655,3,19.7,2,24
68.68,1,19.7,2,24
19.366,1,19.7,2,24
5.4943,2,19.7,2,24
30.57,2,19.7,2,24
11.181,1,19.7,2,24
2.7327,3,19.7,2,24
63.16,3,19.7,2,24
53.967,1,19.7,2,24
13.799,3,19.7,2,24
8.5602,2,19.7,2,24
41.689,2,19.7,2,24
94.879,1,19.7,2,24
2.941,2,19.7,2,24
17.809,3,19.7,2,24
61.09,2,19.7,2,24
28.622,1,19.7,2,24
5.5097,3,19.7,2,24
61.493,2,19.7,2,24
16.837,1,19.7,2,24
58.54,1,19.7,2,24
23.202,3,19.7,2,24
54.583,1,19.7,2,24
21.992,1,19.7,2,24
21.159,2,19.7,2,24
38.956,2,19.7,2,24
69.016,3,20.7,3,24
36.95,1,20.7,3,24
31.261,2,20.7,3,24
30.519,3,20.7,3,24
16.377,1,20.7,3,24
30.879,1,20.7,3,24
9.6853,2,20.7,3,24
17.287,2,20.7,3,24
27.763,1,20.7,3,24
94.485,3,20.7,3,24
16.728,3,20.7,3,24
46.913,1,20.7,3,24
60.061,3,20.7,3,24
37.806,2,20.7,3,24
24.428,2,20.7,3,24
9.5608,1,20.7,3,24
11.306,2,20.7,3,24
9.7484,3,20.7,3,24
3.0197,2,20.7,3,24
14.267,1,20.7,3,24
33.86,3,20.7,3,24
44.453,2,20.7,3,24
84.944,1,20.7,3,24
15.014,1,20.7,3,24
101.35,3,20.7,3,24
44.359,1,20.7,3,24
52.939,1,20.7,3,24
108.62,2,20.7,3,24
93.941,2,20.7,3,24
16.347,3,20.7,4,24
55.894,1,20.7,4,24
97.958,3,20.7,4,24
52.262,3,20.7,4,24
14.576,1,20.7,4,24
19.982,1,20.7,4,24
10.747,2,20.7,4,24
7.0322,2,20.7,4,24
67.895,1,20.7,4,24
22.229,3,20.7,4,24
39.028,3,20.7,4,24
14.652,1,20.7,4,24
56.133,3,20.7,4,24
58.201,2,20.7,4,24
28.831,2,20.7,4,24
15.846,1,20.7,4,24
0.19577,2,20.7,4,24
29.158,3,20.7,4,24
36.387,2,20.7,4,24
35.103,1,20.7,4,24
43.223,3,20.7,4,24
1.8665,2,20.7,4,24
22.373,1,20.7,4,24
18.032,1,20.7,4,24
33.151,3,20.7,4,24
68.99,1,20.7,4,24
32.5,1,20.7,4,24
68.736,2,20.7,4,24
15.125,2,20.7,4,24
26.286,3,27.1,5,24
143.27,1,27.1,5,24
21.1,2,27.1,5,24
10.472,3,27.1,5,24
154.48,3,27.1,5,24
5.5839,1,27.1,5,24
3.69,1,27.1,5,24
37.217,2,27.1,5,24
52.68,2,27.1,5,24
13.987,1,27.1,5,24
12.522,3,27.1,5,24
108.98,3,27.1,5,24
51.857,1,27.1,5,24
0.23903,3,27.1,5,24
24.937,2,27.1,5,24
16.568,2,27.1,5,24
18.31,1,27.1,5,24
39.955,2,27.1,5,24
17.191,3,27.1,5,24
26.99,2,27.1,5,24
46.339,1,27.1,5,24
72.778,3,27.1,5,24
1.3221,2,27.1,5,24
27.874,1,27.1,5,24
36.84,1,27.1,5,24
49.522,3,27.1,5,24
74.311,1,27.1,5,24
11.114,1,27.1,5,24
19.023,2,27.1,5,24
59.59,2,27.1,5,24
48.973,3,29.1,8,24
33.446,1,29.1,8,24
82.32,2,29.1,8,24
2.1755,3,29.1,8,24
43.882,3,29.1,8,24
3.0871,1,29.1,8,24
15.083,1,29.1,8,24
21.474,2,29.1,8,24
33.286,2,29.1,8,24
2.2534,1,29.1,8,24
20.603,3,29.1,8,24
72.796,3,29.1,8,24
78.291,1,29.1,8,24
18.723,3,29.1,8,24
12.288,2,29.1,8,24
3.9069,1,29.1,8,24
19.279,2,29.1,8,24
62.783,3,29.1,8,24
4.7415,2,29.1,8,24
26.652,1,29.1,8,24
19.299,3,29.1,8,24
54.984,2,29.1,8,24
5.5991,1,29.1,8,24
76.19,1,29.1,8,24
2.9734,3,29.1,8,24
18.417,1,29.1,8,24
38.22,1,29.1,8,24
19.378,2,29.1,8,24
4.1331,2,29.1,8,24
95.287,3,27.5,15,24
107.79,2,27.5,15,24
14.196,3,27.5,15,24
16.76,1,27.5,15,24
37.315,1,27.5,15,24
48.796,1,27.5,15,24
1.2445,1,27.5,15,24
36.726,3,27.5,15,24
29.215,3,27.5,15,24
101.55,1,27.5,15,24
50.838,2,27.5,15,24
89.05,3,27.5,15,24
21.156,3,27.5,15,24
34.342,1,27.5,15,24
70.711,1,27.5,15,24
27.6,2,27.5,15,24
35.602,2,27.5,15,24
52.015,1,27.5,15,24
17.579,1,27.7,16,24
29.921,1,27.7,16,24
21.184,3,27.7,16,24
39.792,2,27.7,16,24
48.765,3,27.7,16,24
16.36,1,27.7,16,24
63.494,1,27.7,16,24
19.335,1,27.7,16,24
1.6929,1,27.7,16,24
56.129,3,27.7,16,24
2.001,3,27.7,16,24
73.749,1,27.7,16,24
4.3482,2,27.7,16,24
100.11,3,27.7,16,24
20.173,3,27.7,16,24
77.663,1,27.7,16,24
60.71,1,27.7,16,24
28.267,2,27.7,16,24
48.56,2,27.7,16,24
54.161,1,27.7,16,24
50.391,3,28.4,38,24
52.861,1,28.4,38,24
6.7279,2,28.4,38,24
23.595,2,28.4,38,24
75.318,2,28.4,38,24
72.232,3,28.4,38,24
62.522,1,28.4,38,24
69.98,3,28.4,38,24
22.851,2,28.4,38,24
16.078,1,28.4,38,24
69.649,1,28.4,38,24
72.298,1,28.4,38,24
74.922,3,28.4,38,24
1.7102,2,28.4,38,24
67.042,3,28.4,38,24
24.567,3,23.3,64,24
97.978,1,23.3,64,24
35.984,2,23.3,64,24
23.484,2,23.3,64,24
17.678,2,23.3,64,24
1.6244,3,23.3,64,24
76.51,1,23.3,64,24
91.887,3,23.3,64,24
66.062,2,23.3,64,24
13.288,1,23.3,64,24
18.398,1,23.3,64,24
59.291,1,23.3,64,24
25.488,3,23.3,64,24
24.297,2,23.3,64,24
31.405,3,23.3,64,24
70.231,3,23.1,76,24
94.844,1,23.1,76,24
38.949,2,23.1,76,24
9.729,2,23.1,76,24
65.24,2,23.1,76,24
78.878,3,23.1,76,24
92.829,1,23.1,76,24
138.72,3,23.1,76,24
38.111,2,23.1,76,24
34.086,1,23.1,76,24
104.64,1,23.1,76,24
21.78,1,23.1,76,24
27.618,3,23.1,76,24
82.056,2,23.1,76,24
50.253,3,23.1,76,24
34.788,3,21.5,78,24
74.499,1,21.5,78,24
12.041,2,21.5,78,24
56.769,2,21.5,78,24
59.26,2,21.5,78,24
105.6,1,21.5,78,24
23.262,3,21.5,78,24
18.02,2,21.5,78,24
9.2959,1,21.5,78,24
17.537,1,21.5,78,24
2.997,1,21.5,78,24
12.431,3,21.5,78,24
53.945,2,21.5,78,24
77.777,3,21.5,78,24
54.932,3,19.9,99,24
39.334,1,19.9,99,24
41.974,2,19.9,99,24
16.92,2,19.9,99,24
12.809,2,19.9,99,24
21.119,3,19.9,99,24
7.5181,1,19.9,99,24
54.09,3,19.9,99,24
7.8624,2,19.9,99,24
5.7079,1,19.9,99,24
10.434,1,19.9,99,24
0.73115,1,19.9,99,24
41.823,3,19.9,99,24
107.27,2,19.9,99,24
87.566,3,19.9,99,24
41.529,1,18.6,100,16
42.788,2,18.6,100,16
35.222,2,18.6,100,16
69.484,2,18.6,100,16
214.68,3,18.6,100,16
159.13,2,18.6,100,16
102.42,1,18.6,100,16
23.965,1,18.6,100,16
19.194,3,18.6,100,16
2.0401,2,18.6,100,16
52.015,3,18.6,100,16
96.619,3,18.6,101,16
25.41,1,18.6,101,16
19.884,2,18.6,101,16
80.172,2,18.6,101,16
5.5875,2,18.6,101,16
65.309,3,18.6,101,16
109.39,1,18.6,101,16
77.279,3,18.6,101,16
65.583,2,18.6,101,16
10.476,1,18.6,101,16
60.047,1,18.6,101,16
5.847,1,18.6,101,16
32.074,3,18.6,101,16
14.696,2,18.6,101,16
4.3731,3,18.6,101,16
49.937,3,18.3,102,16
80.086,1,18.3,102,16
24.228,2,18.3,102,16
30.035,2,18.3,102,16
39.624,2,18.3,102,16
46.825,3,18.3,102,16
78.48,1,18.3,102,16
59.627,3,18.3,102,16
42.51,2,18.3,102,16
27.026,1,18.3,102,16
50.257,1,18.3,102,16
102.2,1,18.3,102,16
100.92,3,18.3,102,16
57.436,2,18.3,102,16
8.9241,3,18.3,102,16
112.9,3,18.9,103,16
71.867,1,18.9,103,16
35.995,2,18.9,103,16
21.749,2,18.9,103,16
33.069,2,18.9,103,16
6.3704,3,18.9,103,16
119.36,1,18.9,103,16
89.578,3,18.9,103,16
35.166,2,18.9,103,16
256.71,3,18.9,103,16
42.269,3,18.9,103,16
69.634,1,18.9,103,16
56.442,2,18.9,103,16
14.311,2,18.9,103,16
20.851,2,18.9,103,16
77.574,1,18.9,103,16
3.3799,3,18.9,103,16
4.1494,2,18.9,103,16
2.985,1,18.9,103,16
14.649,1,18.9,103,16
51.459,1,18.9,103,16
21.709,3,18.9,103,16
7.7801,2,18.9,103,16
29.575,3,18.9,103,16
35.159,3,18,104,16
73.343,1,18,104,16
28.345,2,18,104,16
24.763,2,18,104,16
8.2362,2,18,104,16
3.0067,3,18,104,16
96.111,1,18,104,16
3.0134,3,18,104,16
14.308,2,18,104,16
77.015,1,18,104,16
13.27,1,18,104,16
99.991,1,18,104,16
22.813,3,18,104,16
139.93,2,18,104,16
69.031,3,18,104,16
191.27,3,19,105,24
46.958,1,19,105,24
2.9034,2,19,105,24
92.307,2,19,105,24
12.894,2,19,105,24
23.578,3,19,105,24
44.646,1,19,105,24
49.201,3,19,105,24
72.128,2,19,105,24
72.008,1,19,105,24
26.482,1,19,105,24
64.802,1,19,105,24
45.96,3,19,105,24
17.076,2,19,105,24
0.77194,3,19,105,24
94.382,3,19.3,107,24
24.969,1,19.3,107,24
67.772,2,19.3,107,24
83.446,2,19.3,107,24
83.786,2,19.3,107,24
71.296,3,19.3,107,24
32.26,1,19.3,107,24
92.683,3,19.3,107,24
69.883,2,19.3,107,24
93.423,1,19.3,107,24
75.202,1,19.3,107,24
143.8,1,19.3,107,24
150.66,3,19.3,107,24
97.02,2,19.3,107,24
52.703,3,19.3,107,24
183.8,3,18.7,108,16
82.04,1,18.7,108,16
31.099,2,18.7,108,16
87.87,2,18.7,108,16
82.216,2,18.7,108,16
7.4285,3,18.7,108,16
9.8838,1,18.7,108,16
61.839,3,18.7,108,16
13.182,2,18.7,108,16
16.862,1,18.7,108,16
20.607,1,18.7,108,16
102.53,1,18.7,108,16
32.248,3,18.7,108,16
44.184,2,18.7,108,16
45.09,3,18.7,108,16
29.744,3,18.7,109,16
21.965,1,18.7,109,16
1.1427,2,18.7,109,16
53.184,2,18.7,109,16
54.041,2,18.7,109,16
28.671,3,18.7,109,16
48.984,1,18.7,109,16
104.76,3,18.7,109,16
15.554,2,18.7,109,16
93.712,1,18.7,109,16
46.07,1,18.7,109,16
64.701,1,18.7,109,16
17.162,3,18.7,109,16
42.09,2,18.7,109,16
88.845,3,18.7,109,16
93.006,3,19.7,110,24
28.171,1,19.7,110,24
40.29,2,19.7,110,24
135.31,2,19.7,110,24
0.60322,2,19.7,110,24
157.26,3,19.7,110,24
12.476,1,19.7,110,24
14.955,3,19.7,110,24
3.4183,2,19.7,110,24
11.589,1,19.7,110,24
6.9402,1,19.7,110,24
28.772,1,19.7,110,24
32.408,3,19.7,110,24
18.273,2,19.7,110,24
16.391,3,19.7,110,24
13.382,3,18.2,111,16
15.356,1,18.2,111,16
44.977,2,18.2,111,16
90.187,2,18.2,111,16
15.064,2,18.2,111,16
89.374,3,18.2,111,16
59.069,1,18.2,111,16
70.113,3,18.2,111,16
10.987,2,18.2,111,16
34.826,1,18.2,111,16
32.795,1,18.2,111,16
16.393,1,18.2,111,16
33.589,3,18.2,111,16
8.0397,2,18.2,111,16
99.955,3,18.2,111,16
30.528,3,19.3,112,24
162.77,1,19.3,112,24
38.416,2,19.3,112,24
2.2496,2,19.3,112,24
48.283,2,19.3,112,24
25.866,3,19.3,112,24
19.669,1,19.3,112,24
109.41,3,19.3,112,24
44.221,2,19.3,112,24
96.29,1,19.3,112,24
72.584,1,19.3,112,24
34.973,1,19.3,112,24
4.7884,3,19.3,112,24
3.0437,2,19.3,112,24
16.429,3,19.3,112,24
71.177,3,18.4,113,16
43.319,1,18.4,113,16
14.629,2,18.4,113,16
54.442,2,18.4,113,16
17.928,2,18.4,113,16
17.572,3,18.4,113,16
65.774,1,18.4,113,16
67.756,3,18.4,113,16
55.083,2,18.4,113,16
79.816,1,18.4,113,16
51.915,1,18.4,113,16
10.904,1,18.4,113,16
24.345,3,18.4,113,16
33.511,2,18.4,113,16
66.445,3,18.4,113,16
190.93,3,18.2,114,16
5.6536,1,18.2,114,16
4.0492,2,18.2,114,16
33.057,2,18.2,114,16
44.643,2,18.2,114,16
4.1933,3,18.2,114,16
10.198,1,18.2,114,16
18.079,3,18.2,114,16
7.4235,2,18.2,114,16
46.013,1,18.2,114,16
75.704,1,18.2,114,16
0.63289,1,18.2,114,16
0.28742,3,18.2,114,16
54.784,2,18.2,114,16
168.32,3,18.2,114,16
46.907,3,18.5,115,16
57.63,2,18.5,115,16
6.0212,2,18.5,115,16
17.548,2,18.5,115,16
39.176,3,18.5,115,16
72.003,1,18.5,115,16
12.95,3,18.5,115,16
104.81,2,18.5,115,16
14.022,1,18.5,115,16
13.263,1,18.5,115,16
32.501,3,18.5,115,16
9.8653,2,18.5,115,16
10.566,3,18.5,115,16
0.83374,3,18.5,116,16
109.39,1,18.5,116,16
33.49,2,18.5,116,16
84.009,2,18.5,116,16
39.53,3,18.5,116,16
44.166,1,18.5,116,16
11.67,3,18.5,116,16
78.072,2,18.5,116,16
41.391,1,18.5,116,16
50.006,1,18.5,116,16
27.743,1,18.5,116,16
108.49,3,18.5,116,16
5.9205,2,18.5,116,16
14.272,3,18.5,116,16
67.407,3,24.4,122,24
12.869,1,24.4,122,24
8.7659,2,24.4,122,24
99.376,2,24.4,122,24
4.8056,2,24.4,122,24
9.9253,3,24.4,122,24
96.082,1,24.4,122,24
22.593,3,24.4,122,24
45.697,2,24.4,122,24
79.114,1,24.4,122,24
54.73,1,24.4,122,24
55.584,1,24.4,122,24
109.42,3,24.4,122,24
37.315,2,24.4,122,24
87.021,3,24.4,122,24
23.112,3,25,123,24
8.3816,1,25,123,24
14.711,2,25,123,24
39.939,2,25,123,24
3.8978,2,25,123,24
7.7357,3,25,123,24
81.409,1,25,123,24
15.782,3,25,123,24
38.7,2,25,123,24
62.574,1,25,123,24
18.89,1,25,123,24
23.524,1,25,123,24
56.643,3,25,123,24
4.3762,2,25,123,24
24.488,3,25,123,24
38.035,3,28.9,130,24
37.244,1,28.9,130,24
74.815,2,28.9,130,24
38.539,2,28.9,130,24
42.444,2,28.9,130,24
6.4692,3,28.9,130,24
27.025,1,28.9,130,24
10.213,3,28.9,130,24
99.617,2,28.9,130,24
5.5589,1,28.9,130,24
19.317,1,28.9,130,24
5.5225,1,28.9,130,24
63.536,3,28.9,130,24
20.715,2,28.9,130,24
0.9438,3,28.9,130,24
51.269,3,28.5,132,24
205.9,1,28.5,132,24
78.465,2,28.5,132,24
49.245,2,28.5,132,24
65.016,2,28.5,132,24
10.651,3,28.5,132,24
72.947,1,28.5,132,24
111.49,3,28.5,132,24
60.283,2,28.5,132,24
51.774,1,28.5,132,24
104.78,1,28.5,132,24
60.487,1,28.5,132,24
66.46,3,28.5,132,24
32.516,2,28.5,132,24
2.5401,3,28.5,132,24
16.37,3,27.2,133,24
29.932,1,27.2,133,24
16.766,2,27.2,133,24
104.7,2,27.2,133,24
87.58,2,27.2,133,24
50.576,3,27.2,133,24
82.011,3,27.2,133,24
50.208,2,27.2,133,24
31.823,1,27.2,133,24
32.15,1,27.2,133,24
34.803,1,27.2,133,24
75.093,3,27.2,133,24
25.06,2,27.2,133,24
44.917,3,27.2,133,24
107.55,3,27.6,137,24
138.22,1,27.6,137,24
60.631,2,27.6,137,24
96.155,2,27.6,137,24
6.0504,3,27.6,137,24
35.492,1,27.6,137,24
107.26,3,27.6,137,24
3.2197,2,27.6,137,24
94.306,1,27.6,137,24
54.437,1,27.6,137,24
15.275,1,27.6,137,24
61.534,3,27.6,137,24
46.627,2,27.6,137,24
20.766,3,27.6,137,24
22.848,3,27.7,140,24
25.388,1,27.7,140,24
55.36,2,27.7,140,24
102.52,2,27.7,140,24
55.131,2,27.7,140,24
4.3919,3,27.7,140,24
72.61,1,27.7,140,24
34.37,3,27.7,140,24
6.1279,2,27.7,140,24
50.921,1,27.7,140,24
46.401,1,27.7,140,24
34.382,1,27.7,140,24
57.465,3,27.7,140,24
11.569,2,27.7,140,24
11.346,3,27.7,140,24
94.424,3,19.7,142,24
56.481,1,19.7,142,24
38.62,2,19.7,142,24
45.191,2,19.7,142,24
27.87,2,19.7,142,24
10.697,3,19.7,142,24
19.026,1,19.7,142,24
39.207,3,19.7,142,24
25.815,2,19.7,142,24
34.133,1,19.7,142,24
42.161,1,19.7,142,24
25.748,1,19.7,142,24
89.811,3,19.7,142,24
5.2552,2,19.7,142,24
4.9494,3,19.7,142,24
21.968,1,19.7,143,24
14.093,2,19.7,143,24
49.287,2,19.7,143,24
30.897,3,19.7,143,24
56.582,1,19.7,143,24
46.816,3,19.7,143,24
25.779,2,19.7,143,24
60.983,1,19.7,143,24
30.121,3,19.7,143,24
7.6841,3,19.7,143,24
99.868,3,20.5,144,24
84.68,2,20.5,144,24
12.706,2,20.5,144,24
42.557,2,20.5,144,24
81.235,3,20.5,144,24
21.334,1,20.5,144,24
13.623,3,20.5,144,24
13.382,2,20.5,144,24
2.74,1,20.5,144,24
27.01,1,20.5,144,24
4.7442,1,20.5,144,24
4.6465,3,20.5,144,24
35.619,2,20.5,144,24
3.3258,3,20.5,144,24
4.2924,3,19.6,145,24
127.7,1,19.6,145,24
55.742,2,19.6,145,24
21.445,2,19.6,145,24
88.561,2,19.6,145,24
42.642,3,19.6,145,24
96.403,1,19.6,145,24
59.564,3,19.6,145,24
17.988,2,19.6,145,24
84.531,1,19.6,145,24
108.14,1,19.6,145,24
22.311,1,19.6,145,24
61.85,3,19.6,145,24
78.014,2,19.6,145,24
5.3325,3,19.6,145,24
92.803,3,20.2,147,24
19.437,1,20.2,147,24
31.172,2,20.2,147,24
12.39,2,20.2,147,24
15.413,2,20.2,147,24
45.962,3,20.2,147,24
8.4788,1,20.2,147,24
126.18,3,20.2,147,24
24.254,2,20.2,147,24
3.4631,1,20.2,147,24
19.788,1,20.2,147,24
1.3537,1,20.2,147,24
28.278,3,20.2,147,24
70.881,2,20.2,147,24
26.654,3,20.2,147,24
18.985,3,28.2,150,24
102.61,1,28.2,150,24
93.368,3,28.2,150,24
77.812,1,28.2,150,24
24.253,1,28.2,150,24
45.959,1,28.2,150,24
105.49,3,28.2,150,24
49.042,3,28.2,150,24
247.21,3,22.8,151,24
41.218,1,22.8,151,24
61.197,2,22.8,151,24
2.8496,2,22.8,151,24
66.733,2,22.8,151,24
3.6029,3,22.8,151,24
15.88,1,22.8,151,24
81.675,3,22.8,151,24
45.146,2,22.8,151,24
56.036,1,22.8,151,24
96.992,1,22.8,151,24
88.922,1,22.8,151,24
99.366,3,22.8,151,24
139.58,3,22.8,151,24
29.496,3,21.3,157,24
53.794,1,21.3,157,24
48.573,2,21.3,157,24
59.583,2,21.3,157,24
13.914,2,21.3,157,24
98.842,3,21.3,157,24
62.683,1,21.3,157,24
30.274,3,21.3,157,24
39.315,2,21.3,157,24
3.2179,1,21.3,157,24
29.956,1,21.3,157,24
58.094,1,21.3,157,24
141.35,3,21.3,157,24
78.732,2,21.3,157,24
4.6239,3,21.3,157,24
30.021,3,20.4,158,24
40.689,1,20.4,158,24
22.169,2,20.4,158,24
24.657,2,20.4,158,24
23.97,2,20.4,158,24
118.55,3,20.4,158,24
40.855,1,20.4,158,24
52.13,3,20.4,158,24
49.398,2,20.4,158,24
89.428,1,20.4,158,24
41.838,1,20.4,158,24
37.757,1,20.4,158,24
0.27368,3,20.4,158,24
38.966,2,20.4,158,24
12.664,3,20.4,158,24
10.32,3,21.9,177,24
58.791,1,21.9,177,24
2.408,2,21.9,177,24
60.843,2,21.9,177,24
20.655,2,21.9,177,24
102.67,3,21.9,177,24
48.928,1,21.9,177,24
0.98715,3,21.9,177,24
56.355,2,21.9,177,24
6.0143,1,21.9,177,24
17.624,1,21.9,177,24
45.965,1,21.9,177,24
76.82,3,21.9,177,24
48.596,2,21.9,177,24
35.653,3,21.9,177,24
32.232,1,20.6,181,24
52.524,2,20.6,181,24
31.3,2,20.6,181,24
8.2509,2,20.6,181,24
43.024,3,20.6,181,24
62.964,1,20.6,181,24
54.568,3,20.6,181,24
82.455,2,20.6,181,24
3.8661,1,20.6,181,24
46.135,1,20.6,181,24
98.299,1,20.6,181,24
58.001,3,20.6,181,24
20.856,2,20.6,181,24
51.532,3,20.6,181,24
71.144,3,20.3,182,24
19.745,1,20.3,182,24
31.337,2,20.3,182,24
34.402,2,20.3,182,24
55.795,2,20.3,182,24
48.092,3,20.3,182,24
72.091,1,20.3,182,24
21.941,3,20.3,182,24
5.5654,2,20.3,182,24
17.874,1,20.3,182,24
16.546,1,20.3,182,24
103.73,1,20.3,182,24
6.5254,3,20.3,182,24
190.94,2,20.3,182,24
120.2,3,20.3,182,24
34.897,3,21.8,189,24
35.231,1,21.8,189,24
28.531,2,21.8,189,24
9.7734,2,21.8,189,24
106.81,2,21.8,189,24
53.302,3,21.8,189,24
80.956,1,21.8,189,24
13.27,3,21.8,189,24
9.4492,2,21.8,189,24
10.387,1,21.8,189,24
6.7377,1,21.8,189,24
6.4263,1,21.8,189,24
44.648,3,21.8,189,24
16.445,2,21.8,189,24
33.012,3,21.8,189,24
38.913,3,21.2,190,24
30.526,1,21.2,190,24
23.497,2,21.2,190,24
15.007,2,21.2,190,24
28.716,2,21.2,190,24
25.749,3,21.2,190,24
22.837,1,21.2,190,24
105.64,3,21.2,190,24
24.027,2,21.2,190,24
82.214,1,21.2,190,24
150.6,1,21.2,190,24
23.287,1,21.2,190,24
38.512,3,21.2,190,24
45.542,2,21.2,190,24
23.433,3,21.2,190,24
32.043,3,20,201,24
25.254,1,20,201,24
237.69,2,20,201,24
17.692,2,20,201,24
125.69,3,20,201,24
160.11,1,20,201,24
71.639,3,20,201,24
3.4622,2,20,201,24
110.23,1,20,201,24
58.56,1,20,201,24
28.516,1,20,201,24
66.107,3,20,201,24
13.165,2,20,201,24
94.857,3,20,201,24
23.223,3,22.5,202,24
7.1843,1,22.5,202,24
13.211,2,22.5,202,24
3.4499,2,22.5,202,24
33.499,2,22.5,202,24
23.697,3,22.5,202,24
45.964,1,22.5,202,24
7.2791,3,22.5,202,24
41.098,2,22.5,202,24
34.331,1,22.5,202,24
36.878,1,22.5,202,24
3.0807,1,22.5,202,24
18.467,3,22.5,202,24
2.2432,3,22.5,202,24
58.875,3,26,229,24
11.081,1,26,229,24
51.187,2,26,229,24
23.043,2,26,229,24
51.831,2,26,229,24
36.105,3,26,229,24
62.944,1,26,229,24
31.463,3,26,229,24
49.831,2,26,229,24
5.9215,1,26,229,24
6.5982,1,26,229,24
64.95,1,26,229,24
47.62,3,26,229,24
74.622,2,26,229,24
35.508,3,26,229,24
108.72,3,25.8,230,24
84.313,1,25.8,230,24
23.377,2,25.8,230,24
28.923,2,25.8,230,24
7.6958,2,25.8,230,24
152.97,3,25.8,230,24
57.08,1,25.8,230,24
76.9,3,25.8,230,24
8.6728,2,25.8,230,24
33.546,1,25.8,230,24
104.71,1,25.8,230,24
6.3801,1,25.8,230,24
205.18,3,25.8,230,24
136.25,2,25.8,230,24
48.379,3,25.8,230,24
149.5,3,21.9,241,24
82.469,1,21.9,241,24
90.203,2,21.9,241,24
20.447,2,21.9,241,24
7.1928,2,21.9,241,24
55.736,3,21.9,241,24
10.598,1,21.9,241,24
84.077,3,21.9,241,24
47.647,2,21.9,241,24
74.273,1,21.9,241,24
30.89,1,21.9,241,24
10.723,1,21.9,241,24
100.84,3,21.9,241,24
19.358,2,21.9,241,24
17.19,3,21.9,241,24
69.637,3,19.5,242,24
39.633,1,19.5,242,24
24.408,2,19.5,242,24
76.183,2,19.5,242,24
49.948,3,19.5,242,24
102.54,1,19.5,242,24
68.864,3,19.5,242,24
49.729,2,19.5,242,24
50.531,1,19.5,242,24
66.051,1,19.5,242,24
48.404,1,19.5,242,24
73.775,3,19.5,242,24
65.602,2,19.5,242,24
78.591,3,19.5,242,24
109.35,3,21.1,247,24
19.622,1,21.1,247,24
92.274,2,21.1,247,24
77.504,2,21.1,247,24
100.37,2,21.1,247,24
27.452,3,21.1,247,24
85.219,1,21.1,247,24
23.184,3,21.1,247,24
109.89,1,21.1,247,24
90.894,1,21.1,247,24
89.553,1,21.1,247,24
90.546,3,21.1,247,24
63.991,2,21.1,247,24
43.334,3,21.1,247,24
7.6271,3,20.7,251,24
60.047,1,20.7,251,24
45.899,2,20.7,251,24
19.87,2,20.7,251,24
43.307,2,20.7,251,24
53.537,3,20.7,251,24
33.168,1,20.7,251,24
0.15549,3,20.7,251,24
38.103,2,20.7,251,24
15.444,1,20.7,251,24
36.598,1,20.7,251,24
6.4345,1,20.7,251,24
82.523,3,20.7,251,24
31.502,2,20.7,251,24
27.655,3,20.7,251,24
25.173,3,20.3,252,24
18.538,1,20.3,252,24
76.424,2,20.3,252,24
20.209,2,20.3,252,24
49.502,2,20.3,252,24
0.44658,3,20.3,252,24
47.174,1,20.3,252,24
45.062,3,20.3,252,24
97.129,2,20.3,252,24
23.123,1,20.3,252,24
4.6514,1,20.3,252,24
97.751,1,20.3,252,24
1.9872,3,20.3,252,24
65.329,2,20.3,252,24
19.297,3,20.3,252,24
116.95,3,25.3,267,24
9.8635,1,25.3,267,24
37.977,2,25.3,267,24
13.035,2,25.3,267,24
12.624,2,25.3,267,24
64.417,3,25.3,267,24
25.739,1,25.3,267,24
69.314,3,25.3,267,24
3.1988,2,25.3,267,24
42.545,1,25.3,267,24
23.671,1,25.3,267,24
98.287,1,25.3,267,24
0.42206,3,25.3,267,24
31.538,2,25.3,267,24
103.85,3,25.3,267,24
38.94,3,18.3,276,16
21.464,1,18.3,276,16
59.746,2,18.3,276,16
9.1509,2,18.3,276,16
74.218,2,18.3,276,16
82.882,3,18.3,276,16
75.514,1,18.3,276,16
13.763,3,18.3,276,16
79.953,1,18.3,276,16
28.26,1,18.3,276,16
41.194,1,18.3,276,16
19.79,3,18.3,276,16
48.901,2,18.3,276,16
35.32,3,18.3,276,16
49.841,3,18.2,277,16
41.084,1,18.2,277,16
101.72,2,18.2,277,16
38.26,2,18.2,277,16
139.18,2,18.2,277,16
65.695,3,18.2,277,16
56.278,1,18.2,277,16
42.371,3,18.2,277,16
2.5826,2,18.2,277,16
79.762,1,18.2,277,16
13.348,1,18.2,277,16
12.418,1,18.2,277,16
33.926,3,18.2,277,16
27.498,2,18.2,277,16
39.89,3,18.2,277,16
185.78,3,22.2,287,24
12.167,1,22.2,287,24
5.7902,2,22.2,287,24
162.18,2,22.2,287,24
78.437,3,22.2,287,24
119.31,1,22.2,287,24
11.015,3,22.2,287,24
197.35,2,22.2,287,24
1.1519,1,22.2,287,24
82.764,1,22.2,287,24
38.313,1,22.2,287,24
67.096,3,22.2,287,24
66.936,2,22.2,287,24
96.116,3,22.2,287,24
107.11,3,23.5,292,24
25.9,1,23.5,292,24
14.384,2,23.5,292,24
16.244,2,23.5,292,24
60.18,2,23.5,292,24
67.726,3,23.5,292,24
17.473,1,23.5,292,24
52.009,3,23.5,292,24
24.364,2,23.5,292,24
73.413,1,23.5,292,24
81.458,1,23.5,292,24
5.6446,1,23.5,292,24
17.091,3,23.5,292,24
37.656,2,23.5,292,24
1.0819,3,23.5,292,24
149.19,3,19.9,299,24
134.9,1,19.9,299,24
34.039,2,19.9,299,24
148.15,2,19.9,299,24
49.852,2,19.9,299,24
47.945,3,19.9,299,24
10.48,1,19.9,299,24
78.698,3,19.9,299,24
42.379,2,19.9,299,24
22.532,1,19.9,299,24
82.484,1,19.9,299,24
9.9392,1,19.9,299,24
43.451,3,19.9,299,24
40.463,2,19.9,299,24
4.421,3,19.9,299,24
147.55,3,20.2,300,24
43.183,1,20.2,300,24
142.88,2,20.2,300,24
24.398,2,20.2,300,24
133.75,2,20.2,300,24
41.254,3,20.2,300,24
19.862,3,20.2,300,24
47.63,2,20.2,300,24
21.451,1,20.2,300,24
32.646,1,20.2,300,24
6.2478,1,20.2,300,24
3.5384,3,20.2,300,24
34.603,2,20.2,300,24
8.5987,3,20.2,300,24
118.88,3,24,305,24
131.02,1,24,305,24
46.802,2,24,305,24
42.861,2,24,305,24
10.47,2,24,305,24
229.84,3,24,305,24
25.048,1,24,305,24
90.946,3,24,305,24
24.576,2,24,305,24
13.545,1,24,305,24
56.962,1,24,305,24
111.68,1,24,305,24
12.366,3,24,305,24
21.081,2,24,305,24
86.954,3,24,305,24
157.36,3,20.2,306,24
28.13,1,20.2,306,24
34.278,2,20.2,306,24
27.968,2,20.2,306,24
18.262,2,20.2,306,24
20.401,3,20.2,306,24
63.385,1,20.2,306,24
29.171,3,20.2,306,24
41.487,2,20.2,306,24
70.696,1,20.2,306,24
80.671,1,20.2,306,24
76.917,1,20.2,306,24
137.51,3,20.2,306,24
56.302,2,20.2,306,24
19.272,3,20.2,306,24
134.2,3,28,312,24
90.186,1,28,312,24
80.613,2,28,312,24
3.5243,2,28,312,24
72.043,3,28,312,24
105.35,1,28,312,24
59.588,3,28,312,24
167.88,2,28,312,24
39.988,1,28,312,24
107.87,1,28,312,24
70.269,3,28,312,24
64.034,2,28,312,24
15.443,3,28,312,24
3.1972,3,25.2,317,24
140.09,1,25.2,317,24
4.8777,2,25.2,317,24
36.194,2,25.2,317,24
130.87,2,25.2,317,24
17.519,3,25.2,317,24
20.343,1,25.2,317,24
19.699,3,25.2,317,24
2.7314,2,25.2,317,24
15.964,1,25.2,317,24
37.236,1,25.2,317,24
6.7693,1,25.2,317,24
5.7885,3,25.2,317,24
12.346,2,25.2,317,24
17.087,3,25.2,317,24
20.082,3,21.4,338,24
48.186,1,21.4,338,24
87.658,2,21.4,338,24
2.9666,2,21.4,338,24
56.876,3,21.4,338,24
87.019,1,21.4,338,24
67.445,2,21.4,338,24
15.496,1,21.4,338,24
24.11,1,21.4,338,24
64.32,1,21.4,338,24
13.812,3,21.4,338,24
50.02,2,21.4,338,24
10.417,3,21.4,338,24
59.131,3,19.3,339,24
46.644,1,19.3,339,24
58.199,2,19.3,339,24
53.09,2,19.3,339,24
55.317,2,19.3,339,24
51.892,3,19.3,339,24
7.9122,1,19.3,339,24
84.037,3,19.3,339,24
39.685,2,19.3,339,24
3.1208,1,19.3,339,24
70.356,1,19.3,339,24
38.398,1,19.3,339,24
34.182,3,19.3,339,24
36.514,2,19.3,339,24
7.1679,3,19.3,339,24
37.913,3,19.7,340,24
49.403,1,19.7,340,24
14.487,2,19.7,340,24
56.961,2,19.7,340,24
31.673,2,19.7,340,24
41.683,3,19.7,340,24
54.911,1,19.7,340,24
26.681,3,19.7,340,24
42.89,2,19.7,340,24
29.505,1,19.7,340,24
9.5318,1,19.7,340,24
45.388,1,19.7,340,24
63.879,3,19.7,340,24
23.918,2,19.7,340,24
28.702,3,19.7,340,24
220.55,3,22.6,343,24
84.385,1,22.6,343,24
147.62,2,22.6,343,24
20.898,2,22.6,343,24
19.93,2,22.6,343,24
51.555,3,22.6,343,24
47.011,1,22.6,343,24
141.3,3,22.6,343,24
80.934,2,22.6,343,24
107.02,1,22.6,343,24
2.5794,1,22.6,343,24
81.226,1,22.6,343,24
69.127,3,22.6,343,24
102.4,2,22.6,343,24
65.142,3,22.6,343,24
51.782,3,29.4,351,24
93.519,1,29.4,351,24
94.012,2,29.4,351,24
28.791,2,29.4,351,24
10.784,2,29.4,351,24
94.969,3,29.4,351,24
34.333,1,29.4,351,24
57.053,3,29.4,351,24
74.351,2,29.4,351,24
69.444,1,29.4,351,24
10.776,1,29.4,351,24
50.584,1,29.4,351,24
10.47,3,29.4,351,24
48.313,2,29.4,351,24
170.36,3,29.4,351,24
34.605,3,25.6,359,24
13.947,1,25.6,359,24
5.5576,2,25.6,359,24
15.808,2,25.6,359,24
77.762,2,25.6,359,24
43.783,3,25.6,359,24
74.337,1,25.6,359,24
52.133,3,25.6,359,24
22.805,2,25.6,359,24
15.402,1,25.6,359,24
49.766,1,25.6,359,24
41.692,1,25.6,359,24
17.197,3,25.6,359,24
26.211,2,25.6,359,24
13.321,3,25.6,359,24
118.46,3,25.6,360,24
156.36,1,25.6,360,24
173.83,2,25.6,360,24
126.59,2,25.6,360,24
82.378,2,25.6,360,24
13.282,3,25.6,360,24
62.181,1,25.6,360,24
92.253,3,25.6,360,24
65.736,2,25.6,360,24
6.0384,1,25.6,360,24
12.398,1,25.6,360,24
92.664,1,25.6,360,24
19.568,3,25.6,360,24
33.349,2,25.6,360,24
59.267,3,25.6,360,24
67.343,3,19.4,363,24
26.557,1,19.4,363,24
34.972,2,19.4,363,24
55.685,2,19.4,363,24
46.45,2,19.4,363,24
41.193,3,19.4,363,24
72.071,1,19.4,363,24
121.04,3,19.4,363,24
27.412,2,19.4,363,24
24.079,1,19.4,363,24
9.0244,1,19.4,363,24
29.574,1,19.4,363,24
6.6756,3,19.4,363,24
52.795,2,19.4,363,24
15.967,3,19.4,363,24
29.081,3,20.8,368,24
10.322,1,20.8,368,24
16.761,2,20.8,368,24
52.001,2,20.8,368,24
109.4,2,20.8,368,24
82.477,3,20.8,368,24
72.96,1,20.8,368,24
203.06,3,20.8,368,24
103,2,20.8,368,24
248.11,1,20.8,368,24
67.375,3,20.8,368,24
228.71,3,26.2,382,24
63.759,1,26.2,382,24
3.0608,2,26.2,382,24
18.733,2,26.2,382,24
103.92,2,26.2,382,24
90.391,3,26.2,382,24
66.978,1,26.2,382,24
68.247,3,26.2,382,24
41.084,2,26.2,382,24
72.606,1,26.2,382,24
101.48,1,26.2,382,24
48.83,1,26.2,382,24
153.29,3,26.2,382,24
58.855,2,26.2,382,24
89.204,3,26.2,382,24
119.65,3,27.9,389,24
16.457,1,27.9,389,24
31.406,2,27.9,389,24
42.617,3,27.9,389,24
84.869,1,27.9,389,24
10.542,3,27.9,389,24
2.3742,2,27.9,389,24
40.608,1,27.9,389,24
21.683,1,27.9,389,24
22.452,1,27.9,389,24
6.4376,3,27.9,389,24
13.449,2,27.9,389,24
38.97,3,27.9,389,24
16.491,3,28.8,394,24
136.63,1,28.8,394,24
149.29,2,28.8,394,24
191.38,2,28.8,394,24
55.783,2,28.8,394,24
7.7639,3,28.8,394,24
17.642,1,28.8,394,24
83.001,2,28.8,394,24
23.244,1,28.8,394,24
3.7367,1,28.8,394,24
143.23,1,28.8,394,24
86.473,3,28.8,394,24
51.911,2,28.8,394,24
129.52,3,28.8,394,24
253.84,3,28.5,395,24
11.496,2,28.5,395,24
103.97,2,28.5,395,24
105.46,2,28.5,395,24
11.128,3,28.5,395,24
12.759,1,28.5,395,24
186.91,1,28.5,395,24
100.39,3,28.5,395,24
197.66,2,28.5,395,24
130.23,3,28.5,395,24
254.77,3,22.5,402,24
99.495,1,22.5,402,24
44.207,2,22.5,402,24
14.78,2,22.5,402,24
50.663,2,22.5,402,24
90.521,3,22.5,402,24
79.529,1,22.5,402,24
96.838,3,22.5,402,24
100.43,2,22.5,402,24
26.713,1,22.5,402,24
38.988,1,22.5,402,24
128.42,1,22.5,402,24
5.557,3,22.5,402,24
101.17,3,28.8,409,24
15.026,1,28.8,409,24
9.4152,2,28.8,409,24
20.041,2,28.8,409,24
64.308,2,28.8,409,24
16.763,3,28.8,409,24
27.183,1,28.8,409,24
141.32,3,28.8,409,24
99.6,2,28.8,409,24
53.289,1,28.8,409,24
20.731,1,28.8,409,24
9.0757,1,28.8,409,24
6.3379,3,28.8,409,24
76.475,2,28.8,409,24
68.757,3,28.8,409,24
32.084,3,27.5,416,24
2.3252,1,27.5,416,24
35.558,2,27.5,416,24
102.18,2,27.5,416,24
61.802,2,27.5,416,24
17.963,3,27.5,416,24
25.407,1,27.5,416,24
90.304,3,27.5,416,24
111.59,2,27.5,416,24
79.888,1,27.5,416,24
19.33,1,27.5,416,24
49.466,1,27.5,416,24
81.531,3,27.5,416,24
16.389,2,27.5,416,24
187.09,3,27.5,416,24
108.11,3,21.3,417,24
24.275,1,21.3,417,24
7.4804,2,21.3,417,24
44.252,2,21.3,417,24
97.432,2,21.3,417,24
3.7062,3,21.3,417,24
107.01,1,21.3,417,24
97.848,3,21.3,417,24
25.502,2,21.3,417,24
100.42,1,21.3,417,24
77.263,1,21.3,417,24
39.909,1,21.3,417,24
57.814,3,21.3,417,24
16.242,2,21.3,417,24
1.9745,3,21.3,417,24
107.25,3,19.5,418,24
20.587,1,19.5,418,24
76.891,2,19.5,418,24
23.767,2,19.5,418,24
16.298,2,19.5,418,24
46.714,3,19.5,418,24
18.044,1,19.5,418,24
115.6,3,19.5,418,24
37.803,2,19.5,418,24
70.096,1,19.5,418,24
50.708,1,19.5,418,24
76.324,1,19.5,418,24
102.22,3,19.5,418,24
83.573,2,19.5,418,24
73.829,3,19.5,418,24
69.113,3,29.5,432,24
47.628,1,29.5,432,24
12.607,2,29.5,432,24
3.0196,2,29.5,432,24
81.249,2,29.5,432,24
11.877,3,29.5,432,24
71.687,1,29.5,432,24
35.678,3,29.5,432,24
35.22,2,29.5,432,24
10.095,1,29.5,432,24
67.902,1,29.5,432,24
25.44,1,29.5,432,24
0.0074649,3,29.5,432,24
73.905,2,29.5,432,24
150.31,3,29.5,432,24
162.28,3,29.6,433,24
46.963,1,29.6,433,24
105.83,2,29.6,433,24
74.465,2,29.6,433,24
37.356,2,29.6,433,24
13.689,3,29.6,433,24
19.233,1,29.6,433,24
64.016,3,29.6,433,24
9.5322,2,29.6,433,24
31.23,1,29.6,433,24
23.115,1,29.6,433,24
27.465,1,29.6,433,24
7.2611,3,29.6,433,24
10.813,2,29.6,433,24
82.825,3,29.6,433,24
111.88,3,29.5,434,24
66.806,1,29.5,434,24
54.323,2,29.5,434,24
10.76,2,29.5,434,24
12.47,2,29.5,434,24
23.6,3,29.5,434,24
6.1295,1,29.5,434,24
61.649,3,29.5,434,24
36.388,2,29.5,434,24
45.056,1,29.5,434,24
47.645,1,29.5,434,24
20.955,1,29.5,434,24
35.743,3,29.5,434,24
0.042074,2,29.5,434,24
103.51,3,29.5,434,24
21.4,3,27.5,435,24
73.88,1,27.5,435,24
40.626,2,27.5,435,24
60.401,2,27.5,435,24
17.16,2,27.5,435,24
162.33,3,27.5,435,24
103.39,1,27.5,435,24
101.23,3,27.5,435,24
98.967,2,27.5,435,24
82.898,1,27.5,435,24
6.3723,1,27.5,435,24
26.089,1,27.5,435,24
15.474,3,27.5,435,24
97.789,2,27.5,435,24
19.823,3,27.5,435,24
80.731,3,29.4,438,24
161.46,1,29.4,438,24
242.11,2,29.4,438,24
47.705,2,29.4,438,24
29.076,2,29.4,438,24
54.182,3,29.4,438,24
159.31,1,29.4,438,24
83.479,3,29.4,438,24
127.92,2,29.4,438,24
204.3,1,29.4,438,24
47.149,1,29.4,438,24
180.71,1,29.4,438,24
42.04,3,29.4,438,24
109.42,2,29.4,438,24
82.621,3,29.4,438,24
58.244,3,26.9,448,24
94.233,1,26.9,448,24
35.316,2,26.9,448,24
75.54,2,26.9,448,24
72.459,3,26.9,448,24
54.89,1,26.9,448,24
8.8901,3,26.9,448,24
29.627,2,26.9,448,24
62.972,1,26.9,448,24
10.974,1,26.9,448,24
28.312,3,26.9,448,24
71.229,2,26.9,448,24
22.875,3,26.9,448,24
48.973,3,29.1,8,24
33.446,1,29.1,8,24
82.32,2,29.1,8,24
2.1755,3,29.1,8,24
43.882,3,29.1,8,24
3.0871,1,29.1,8,24
15.083,1,29.1,8,24
21.474,2,29.1,8,24
33.286,2,29.1,8,24
2.2534,1,29.1,8,24
20.603,3,29.1,8,24
72.796,3,29.1,8,24
78.291,1,29.1,8,24
18.723,3,29.1,8,24
12.288,2,29.1,8,24
3.9069,1,29.1,8,24
19.279,2,29.1,8,24
62.783,3,29.1,8,24
4.7415,2,29.1,8,24
26.652,1,29.1,8,24
19.299,3,29.1,8,24
54.984,2,29.1,8,24
5.5991,1,29.1,8,24
76.19,1,29.1,8,24
2.9734,3,29.1,8,24
18.417,1,29.1,8,24
38.22,1,29.1,8,24
19.378,2,29.1,8,24
4.1331,2,29.1,8,24
62.304,1,49.7,13,35
94.903,1,49.7,13,35
74.851,3,49.7,13,35
87.438,2,49.7,13,35
99.318,3,49.7,13,35
56.581,1,49.7,13,35
0.74704,1,49.7,13,35
45.492,1,49.7,13,35
61.766,1,49.7,13,35
8.4994,3,49.7,13,35
104.17,3,49.7,13,35
1.2442,1,49.7,13,35
59.78,2,49.7,13,35
64.138,3,49.7,13,35
90.593,3,49.7,13,35
79.405,1,49.7,13,35
10.461,1,49.7,13,35
20.224,2,49.7,13,35
64.352,2,49.7,13,35
3.3575,1,49.7,13,35
23.571,1,43,21,35
12.38,1,43,21,35
17.233,3,43,21,35
13.523,2,43,21,35
27.436,3,43,21,35
64.35,1,43,21,35
45.687,1,43,21,35
25.35,1,43,21,35
25.089,1,43,21,35
45.029,3,43,21,35
18.34,3,43,21,35
30.9,1,43,21,35
12.55,2,43,21,35
69.067,3,43,21,35
31.734,3,43,21,35
11.656,1,43,21,35
13.008,1,43,21,35
35.933,2,43,21,35
63.846,1,43,21,35
10.886,1,38.9,22,35
22.331,1,38.9,22,35
72.06,3,38.9,22,35
18.272,2,38.9,22,35
30.713,3,38.9,22,35
8.3977,1,38.9,22,35
7.3357,1,38.9,22,35
9.1381,1,38.9,22,35
32.182,1,38.9,22,35
116.69,3,38.9,22,35
48.9,3,38.9,22,35
40.309,1,38.9,22,35
13.147,2,38.9,22,35
47.584,3,38.9,22,35
38.165,3,38.9,22,35
79.773,1,38.9,22,35
39.836,1,38.9,22,35
11.55,2,38.9,22,35
46.23,2,38.9,22,35
11.94,1,38.9,22,35
16.318,3,38,31,35
20.202,1,38,31,35
78.84,2,38,31,35
104.8,2,38,31,35
81.209,2,38,31,35
80.716,3,38,31,35
2.039,1,38,31,35
91.77,3,38,31,35
23.693,2,38,31,35
10.81,1,38,31,35
11.633,1,38,31,35
70.908,1,38,31,35
39.586,3,38,31,35
91.3,2,38,31,35
23.106,3,38,31,35
213.85,3,56.1,36,35
73.428,2,56.1,36,35
129.36,2,56.1,36,35
28.123,2,56.1,36,35
4.905,3,56.1,36,35
15.111,1,56.1,36,35
45.777,3,56.1,36,35
40.912,2,56.1,36,35
38.3,1,56.1,36,35
23.599,1,56.1,36,35
39.016,1,56.1,36,35
16.93,3,56.1,36,35
64.952,2,56.1,36,35
64.305,3,56.1,36,35
73.412,3,30.2,55,35
0.97623,1,30.2,55,35
45.168,2,30.2,55,35
51.979,2,30.2,55,35
40.376,2,30.2,55,35
72.493,3,30.2,55,35
7.8553,1,30.2,55,35
27.997,3,30.2,55,35
61.037,2,30.2,55,35
58.391,1,30.2,55,35
19.308,1,30.2,55,35
20.974,1,30.2,55,35
57.501,3,30.2,55,35
2.5854,2,30.2,55,35
22.366,3,30.2,55,35
14.901,3,42.5,73,35
46.472,1,42.5,73,35
27.057,2,42.5,73,35
44.212,2,42.5,73,35
73.78,2,42.5,73,35
18.363,3,42.5,73,35
5.5878,1,42.5,73,35
85.738,3,42.5,73,35
22.242,2,42.5,73,35
81.051,1,42.5,73,35
0.20062,1,42.5,73,35
17.923,1,42.5,73,35
75.991,3,42.5,73,35
53.247,2,42.5,73,35
26.975,3,42.5,73,35
65.916,3,41.6,90,35
90.461,1,41.6,90,35
101.37,2,41.6,90,35
103.67,2,41.6,90,35
119.39,2,41.6,90,35
65.986,3,41.6,90,35
18.875,1,41.6,90,35
21.946,3,41.6,90,35
72.613,2,41.6,90,35
88.449,1,41.6,90,35
109.9,1,41.6,90,35
118.87,1,41.6,90,35
41.489,3,41.6,90,35
3.9473,2,41.6,90,35
108.89,3,41.6,90,35
24.954,1,42.3,91,35
40.224,2,42.3,91,35
35.189,2,42.3,91,35
14.652,2,42.3,91,35
16.9,3,42.3,91,35
11.599,1,42.3,91,35
70.355,3,42.3,91,35
21.532,2,42.3,91,35
4.3088,1,42.3,91,35
45.997,1,42.3,91,35
11.945,1,42.3,91,35
14.638,3,42.3,91,35
16.821,2,42.3,91,35
60.443,3,42.3,91,35
96.566,1,80.4,117,35
9.8918,2,80.4,117,35
43.519,2,80.4,117,35
58.069,2,80.4,117,35
13.185,3,80.4,117,35
4.4824,1,80.4,117,35
102.8,3,80.4,117,35
14.982,2,80.4,117,35
8.5471,1,80.4,117,35
24.027,1,80.4,117,35
4.0467,1,80.4,117,35
10.237,3,80.4,117,35
8.1441,2,80.4,117,35
79.956,3,80.4,117,35
69.626,3,36.6,119,35
68,2,36.6,119,35
93.592,2,36.6,119,35
97.385,2,36.6,119,35
42.464,3,36.6,119,35
247.6,1,36.6,119,35
54.825,3,36.6,119,35
73.429,2,36.6,119,35
51.096,1,36.6,119,35
43.877,1,36.6,119,35
149.03,1,36.6,119,35
100.68,3,36.6,119,35
94.391,2,36.6,119,35
44.712,3,36.6,119,35
249.8,3,36,120,35
105.6,1,36,120,35
41.575,2,36,120,35
16.522,2,36,120,35
94.327,2,36,120,35
9.4914,3,36,120,35
49.863,1,36,120,35
3.4633,3,36,120,35
149.32,2,36,120,35
111.68,1,36,120,35
48.913,1,36,120,35
41.595,1,36,120,35
37.176,3,36,120,35
71.12,2,36,120,35
40.869,3,36,120,35
73.941,3,31.7,121,35
24.51,2,31.7,121,35
62.678,2,31.7,121,35
4.8119,2,31.7,121,35
41.667,3,31.7,121,35
20.284,1,31.7,121,35
69.685,3,31.7,121,35
11.295,2,31.7,121,35
35.165,1,31.7,121,35
2.4411,1,31.7,121,35
5.4861,1,31.7,121,35
14.058,3,31.7,121,35
69.601,2,31.7,121,35
60.005,3,31.7,121,35
54.179,3,56.7,124,35
71.299,1,56.7,124,35
33.21,2,56.7,124,35
63.646,2,56.7,124,35
33.573,2,56.7,124,35
21.091,3,56.7,124,35
87.277,1,56.7,124,35
45.996,3,56.7,124,35
69.876,2,56.7,124,35
0.9388,1,56.7,124,35
24.074,1,56.7,124,35
22.337,1,56.7,124,35
63.882,3,56.7,124,35
12.549,2,56.7,124,35
97.778,3,56.7,124,35
82.362,3,57.5,125,35
30.12,1,57.5,125,35
87.792,2,57.5,125,35
49.414,2,57.5,125,35
102.01,2,57.5,125,35
148.5,3,57.5,125,35
4.6395,1,57.5,125,35
115.1,3,57.5,125,35
29.53,2,57.5,125,35
119.28,1,57.5,125,35
97.867,1,57.5,125,35
26.621,1,57.5,125,35
51.599,3,57.5,125,35
8.782,2,57.5,125,35
174.36,3,57.5,125,35
61.684,3,44.5,129,35
15.443,1,44.5,129,35
40.373,2,44.5,129,35
75.68,2,44.5,129,35
21.075,2,44.5,129,35
6.7,3,44.5,129,35
67.656,2,44.5,129,35
30.519,1,44.5,129,35
12.852,1,44.5,129,35
29.59,1,44.5,129,35
59.024,3,44.5,129,35
8.1422,2,44.5,129,35
57.783,3,44.5,129,35
69.631,3,57.5,131,35
48.659,1,57.5,131,35
5.5237,2,57.5,131,35
23.492,2,57.5,131,35
32.114,2,57.5,131,35
71.226,3,57.5,131,35
81.837,1,57.5,131,35
113.41,3,57.5,131,35
18.064,2,57.5,131,35
35.137,1,57.5,131,35
63.286,1,57.5,131,35
76.398,1,57.5,131,35
46.505,3,57.5,131,35
37.044,2,57.5,131,35
11.052,3,57.5,131,35
120.68,3,32.5,136,35
30.94,2,32.5,136,35
133.99,2,32.5,136,35
289.73,2,32.5,136,35
10.771,3,32.5,136,35
147.3,2,32.5,136,35
10.557,1,32.5,136,35
52.803,1,32.5,136,35
108.93,3,32.5,136,35
15.547,2,32.5,136,35
24.919,3,32.5,136,35
16.896,3,31.5,138,35
97.2,1,31.5,138,35
118.9,2,31.5,138,35
217.31,2,31.5,138,35
9.9517,2,31.5,138,35
120.56,3,31.5,138,35
17.689,1,31.5,138,35
62.586,3,31.5,138,35
21.93,2,31.5,138,35
2.4141,1,31.5,138,35
15.077,1,31.5,138,35
51.904,1,31.5,138,35
8.2596,3,31.5,138,35
2.5282,2,31.5,138,35
46.348,3,31.5,138,35
128.14,3,52.6,141,35
63.232,1,52.6,141,35
13.427,2,52.6,141,35
15.43,2,52.6,141,35
18.625,2,52.6,141,35
56.779,3,52.6,141,35
17.954,1,52.6,141,35
53.815,3,52.6,141,35
32.868,2,52.6,141,35
6.4122,1,52.6,141,35
14.252,1,52.6,141,35
24.174,1,52.6,141,35
65.819,3,52.6,141,35
4.7813,2,52.6,141,35
40.072,3,52.6,141,35
87.035,3,54.1,146,35
47.765,1,54.1,146,35
87.423,2,54.1,146,35
132.47,2,54.1,146,35
76.569,2,54.1,146,35
53.956,3,54.1,146,35
30.416,1,54.1,146,35
54.424,3,54.1,146,35
55.244,2,54.1,146,35
41.468,1,54.1,146,35
9.4559,1,54.1,146,35
86.243,1,54.1,146,35
68.883,3,54.1,146,35
98.767,2,54.1,146,35
34.614,3,54.1,146,35
105.58,3,45.3,149,35
5.4908,1,45.3,149,35
40.34,2,45.3,149,35
6.0779,2,45.3,149,35
17.651,2,45.3,149,35
20.248,3,45.3,149,35
1.7227,1,45.3,149,35
97.086,3,45.3,149,35
41.578,2,45.3,149,35
12.125,1,45.3,149,35
5.1601,1,45.3,149,35
26.073,1,45.3,149,35
6.7947,3,45.3,149,35
0.23147,2,45.3,149,35
31.372,3,45.3,149,35
25.981,3,30.1,159,35
89.125,1,30.1,159,35
7.3106,2,30.1,159,35
37.01,2,30.1,159,35
17.199,2,30.1,159,35
20.178,3,30.1,159,35
193.7,1,30.1,159,35
49.099,3,30.1,159,35
128.93,2,30.1,159,35
39.288,1,30.1,159,35
26.099,1,30.1,159,35
4.0258,1,30.1,159,35
3.1555,3,30.1,159,35
25.205,2,30.1,159,35
66.907,3,30.1,159,35
22.505,3,37.8,162,35
162.84,1,37.8,162,35
31.363,2,37.8,162,35
46.266,2,37.8,162,35
15.433,2,37.8,162,35
48.947,3,37.8,162,35
152.87,1,37.8,162,35
97.99,3,37.8,162,35
60.478,2,37.8,162,35
68.196,1,37.8,162,35
19.058,1,37.8,162,35
11.955,1,37.8,162,35
103.39,3,37.8,162,35
26.674,2,37.8,162,35
21.535,3,37.8,162,35
115.92,3,43.6,166,35
246.05,2,43.6,166,35
78.617,2,43.6,166,35
29.689,3,43.6,166,35
41.731,1,43.6,166,35
57.636,3,43.6,166,35
11.935,2,43.6,166,35
60.559,1,43.6,166,35
47.449,1,43.6,166,35
103.02,1,43.6,166,35
12.102,3,43.6,166,35
4.7891,2,43.6,166,35
73.795,3,43.6,166,35
93.507,3,33.3,173,35
82.457,1,33.3,173,35
6.2393,2,33.3,173,35
25.136,2,33.3,173,35
37.755,2,33.3,173,35
62.332,3,33.3,173,35
105.78,1,33.3,173,35
39.224,3,33.3,173,35
5.2062,2,33.3,173,35
0.80537,1,33.3,173,35
29.282,1,33.3,173,35
42.729,1,33.3,173,35
40.67,3,33.3,173,35
78.571,2,33.3,173,35
105.69,3,33.3,173,35
0.93524,3,35.1,174,35
27.5,1,35.1,174,35
49.393,2,35.1,174,35
13.408,2,35.1,174,35
23.935,2,35.1,174,35
78.794,3,35.1,174,35
18.745,1,35.1,174,35
6.7588,3,35.1,174,35
48.184,2,35.1,174,35
1.1079,1,35.1,174,35
13.233,1,35.1,174,35
22.793,1,35.1,174,35
41.816,3,35.1,174,35
56.823,2,35.1,174,35
27.039,3,35.1,174,35
16.313,3,36.4,175,35
96.83,3,36.4,175,35
88.78,2,36.4,175,35
67.039,1,36.4,175,35
27.947,1,36.4,175,35
39.455,3,36.4,175,35
1.234,3,32.5,183,35
27.127,1,32.5,183,35
0.23404,2,32.5,183,35
33.113,2,32.5,183,35
45.141,2,32.5,183,35
29.669,3,32.5,183,35
109.13,1,32.5,183,35
8.216,3,32.5,183,35
23.441,2,32.5,183,35
24.378,1,32.5,183,35
62.642,1,32.5,183,35
18.331,1,32.5,183,35
34.437,3,32.5,183,35
104.31,2,32.5,183,35
80.617,3,32.5,183,35
9.3021,3,33.1,184,35
32.628,1,33.1,184,35
39.244,2,33.1,184,35
4.0639,2,33.1,184,35
27.376,2,33.1,184,35
43.957,3,33.1,184,35
9.5617,1,33.1,184,35
94.747,3,33.1,184,35
18.368,2,33.1,184,35
25.844,1,33.1,184,35
0.70596,1,33.1,184,35
6.7479,1,33.1,184,35
25.393,3,33.1,184,35
22.135,2,33.1,184,35
98.723,3,33.1,184,35
4.9797,3,30.4,188,35
1.6684,1,30.4,188,35
2.2331,2,30.4,188,35
0.033184,2,30.4,188,35
9.2279,2,30.4,188,35
15.77,3,30.4,188,35
39.947,1,30.4,188,35
36.456,3,30.4,188,35
20.22,2,30.4,188,35
78.197,1,30.4,188,35
50.888,1,30.4,188,35
8.1922,1,30.4,188,35
37.374,3,30.4,188,35
7.7371,2,30.4,188,35
44.676,3,30.4,188,35
91.101,3,60.2,194,35
20.65,1,60.2,194,35
7.2766,2,60.2,194,35
44.208,2,60.2,194,35
48.521,2,60.2,194,35
18.932,3,60.2,194,35
40.731,1,60.2,194,35
63.81,3,60.2,194,35
94.206,2,60.2,194,35
52.779,1,60.2,194,35
8.9384,1,60.2,194,35
6.3314,1,60.2,194,35
62.561,3,60.2,194,35
15.881,2,60.2,194,35
34.186,3,60.2,194,35
3.9913,3,51.2,198,35
53.865,1,51.2,198,35
18.966,2,51.2,198,35
4.8896,2,51.2,198,35
10.515,2,51.2,198,35
42.825,3,51.2,198,35
0.088512,1,51.2,198,35
51.17,3,51.2,198,35
10.526,2,51.2,198,35
40.529,1,51.2,198,35
32.725,1,51.2,198,35
26.352,1,51.2,198,35
26.097,3,51.2,198,35
100.37,2,51.2,198,35
22.304,3,51.2,198,35
124.43,3,54.7,249,35
7.4646,1,54.7,249,35
205.6,2,54.7,249,35
88.148,2,54.7,249,35
99.349,2,54.7,249,35
246.24,3,54.7,249,35
63.957,1,54.7,249,35
132.89,3,54.7,249,35
13.789,2,54.7,249,35
98.969,1,54.7,249,35
70.389,1,54.7,249,35
139.84,1,54.7,249,35
181.5,3,54.7,249,35
20.822,2,54.7,249,35
47.318,3,54.7,249,35
107.93,3,47.7,255,35
76.534,1,47.7,255,35
17.583,2,47.7,255,35
93.789,2,47.7,255,35
62.958,2,47.7,255,35
47.12,3,47.7,255,35
25.477,1,47.7,255,35
88.806,3,47.7,255,35
37.866,2,47.7,255,35
36.61,1,47.7,255,35
91.102,1,47.7,255,35
11.989,1,47.7,255,35
30.445,3,47.7,255,35
31.441,2,47.7,255,35
102.31,3,47.7,255,35
45.627,3,51.8,262,35
2.3318,1,51.8,262,35
24.008,2,51.8,262,35
24.859,2,51.8,262,35
63.298,2,51.8,262,35
118.99,3,51.8,262,35
53.624,1,51.8,262,35
19.312,3,51.8,262,35
31.297,2,51.8,262,35
11.998,1,51.8,262,35
84.58,1,51.8,262,35
26.039,1,51.8,262,35
11.524,3,51.8,262,35
35.976,2,51.8,262,35
45.09,3,51.8,262,35
105.84,1,35.2,279,35
10.524,2,35.2,279,35
22.792,2,35.2,279,35
45.828,2,35.2,279,35
38.574,3,35.2,279,35
12.834,1,35.2,279,35
88.541,3,35.2,279,35
61.747,2,35.2,279,35
3.5084,1,35.2,279,35
36.826,1,35.2,279,35
23.12,1,35.2,279,35
34.471,3,35.2,279,35
25.322,2,35.2,279,35
44.52,3,35.2,279,35
51.877,3,35.2,279,35
74.276,1,35.2,279,35
25.363,2,35.2,279,35
32.132,2,35.2,279,35
24.235,2,35.2,279,35
15.3,3,35.2,279,35
24.555,1,35.2,279,35
42.029,3,35.2,279,35
49.071,2,35.2,279,35
49.199,1,35.2,279,35
68.272,1,35.2,279,35
19.864,1,35.2,279,35
18.455,3,35.2,279,35
36.578,2,35.2,279,35
57.955,3,35.2,279,35
222.5,3,92.4,307,35
6.6946,1,92.4,307,35
16.803,2,92.4,307,35
26.727,2,92.4,307,35
72.181,2,92.4,307,35
175.2,3,92.4,307,35
45.56,1,92.4,307,35
109.39,3,92.4,307,35
80.579,2,92.4,307,35
41.813,1,92.4,307,35
13.863,1,92.4,307,35
11.961,1,92.4,307,35
56.414,3,92.4,307,35
3.7009,2,92.4,307,35
45.57,3,92.4,307,35
102.88,3,63.7,314,35
0.011987,1,63.7,314,35
50.268,2,63.7,314,35
60.477,2,63.7,314,35
18.769,2,63.7,314,35
42.866,3,63.7,314,35
40.372,1,63.7,314,35
12.456,3,63.7,314,35
66.56,2,63.7,314,35
51.936,1,63.7,314,35
2.2325,1,63.7,314,35
16.653,1,63.7,314,35
41.838,3,63.7,314,35
52.734,2,63.7,314,35
2.6175,3,63.7,314,35
70.609,3,59.6,333,35
21.186,1,59.6,333,35
1.2436,2,59.6,333,35
70.115,2,59.6,333,35
39.926,2,59.6,333,35
141.1,3,59.6,333,35
0.058518,1,59.6,333,35
125.22,3,59.6,333,35
41.867,2,59.6,333,35
36.936,1,59.6,333,35
12.208,1,59.6,333,35
59.776,1,59.6,333,35
21.197,3,59.6,333,35
68.802,2,59.6,333,35
16.388,3,59.6,333,35
10.427,3,36.5,345,35
16.642,1,36.5,345,35
45.241,2,36.5,345,35
80.777,2,36.5,345,35
32.757,2,36.5,345,35
6.5177,3,36.5,345,35
9.5058,1,36.5,345,35
54.285,3,36.5,345,35
72.282,2,36.5,345,35
83.416,1,36.5,345,35
97.931,1,36.5,345,35
92.819,1,36.5,345,35
104.45,3,36.5,345,35
47.021,2,36.5,345,35
93.659,3,36.5,345,35
10.562,3,60.9,349,35
12.467,1,60.9,349,35
8.6946,2,60.9,349,35
17.685,2,60.9,349,35
18.836,2,60.9,349,35
10.345,3,60.9,349,35
14.685,1,60.9,349,35
28.39,3,60.9,349,35
25.694,2,60.9,349,35
40.623,1,60.9,349,35
13.797,1,60.9,349,35
6.9438,1,60.9,349,35
26.143,3,60.9,349,35
34.403,2,60.9,349,35
25.015,3,60.9,349,35
51.782,3,29.4,351,24
93.519,1,29.4,351,24
94.012,2,29.4,351,24
28.791,2,29.4,351,24
10.784,2,29.4,351,24
94.969,3,29.4,351,24
34.333,1,29.4,351,24
57.053,3,29.4,351,24
74.351,2,29.4,351,24
69.444,1,29.4,351,24
10.776,1,29.4,351,24
50.584,1,29.4,351,24
10.47,3,29.4,351,24
48.313,2,29.4,351,24
170.36,3,29.4,351,24
109.88,3,33.5,353,35
54.451,1,33.5,353,35
1.7294,2,33.5,353,35
13.277,2,33.5,353,35
131.11,2,33.5,353,35
9.7246,3,33.5,353,35
41.932,1,33.5,353,35
29.253,3,33.5,353,35
48.663,2,33.5,353,35
1.0174,1,33.5,353,35
41.165,1,33.5,353,35
11.513,1,33.5,353,35
72.217,3,33.5,353,35
79.957,2,33.5,353,35
148.56,3,33.5,353,35
107.17,3,65.9,354,35
100.44,1,65.9,354,35
110.98,2,65.9,354,35
24.334,2,65.9,354,35
50.953,2,65.9,354,35
50.88,3,65.9,354,35
20.485,1,65.9,354,35
10.789,3,65.9,354,35
51.088,2,65.9,354,35
95.225,1,65.9,354,35
109.88,1,65.9,354,35
101.21,2,65.9,354,35
9.113,3,65.9,354,35
13.442,3,30.3,393,35
88.982,1,30.3,393,35
22.246,2,30.3,393,35
33.159,2,30.3,393,35
4.4641,2,30.3,393,35
29.918,3,30.3,393,35
88.463,1,30.3,393,35
39.673,3,30.3,393,35
43.482,2,30.3,393,35
68.075,1,30.3,393,35
95.262,1,30.3,393,35
17.649,1,30.3,393,35
52.012,3,30.3,393,35
22.22,2,30.3,393,35
32.791,3,30.3,393,35
98.645,3,40.2,403,35
9.4918,1,40.2,403,35
20.253,2,40.2,403,35
38.274,2,40.2,403,35
22.715,2,40.2,403,35
17.529,3,40.2,403,35
31.735,1,40.2,403,35
25.129,3,40.2,403,35
14.121,2,40.2,403,35
57.291,1,40.2,403,35
55.76,1,40.2,403,35
3.7159,1,40.2,403,35
33.871,3,40.2,403,35
5.5267,2,40.2,403,35
17.665,3,40.2,403,35
92.063,3,40,404,35
87.243,1,40,404,35
110.6,2,40,404,35
41.771,2,40,404,35
169.61,2,40,404,35
76.45,3,40,404,35
0.40646,1,40,404,35
7.6048,3,40,404,35
79.456,2,40,404,35
24.123,1,40,404,35
21.904,1,40,404,35
131.43,1,40,404,35
70.284,3,40,404,35
24.386,2,40,404,35
10.362,3,40,404,35
175.39,3,76.3,407,35
13.667,1,76.3,407,35
19.414,2,76.3,407,35
59.403,2,76.3,407,35
14.044,2,76.3,407,35
5.6299,3,76.3,407,35
37.183,1,76.3,407,35
49.803,3,76.3,407,35
95.32,2,76.3,407,35
88.541,1,76.3,407,35
124.77,1,76.3,407,35
71.216,1,76.3,407,35
66.951,3,76.3,407,35
62.517,2,76.3,407,35
59.354,3,76.3,407,35
87.593,3,64.3,408,35
19.241,1,64.3,408,35
36.635,2,64.3,408,35
23.377,2,64.3,408,35
38.469,2,64.3,408,35
9.8915,3,64.3,408,35
3.1836,1,64.3,408,35
115.14,3,64.3,408,35
8.6322,2,64.3,408,35
13.691,1,64.3,408,35
20.708,1,64.3,408,35
50.549,1,64.3,408,35
19.868,3,64.3,408,35
28.444,2,64.3,408,35
29.533,3,64.3,408,35
1.4161,3,51,411,35
130.98,1,51,411,35
3.4242,2,51,411,35
100.48,2,51,411,35
96.28,2,51,411,35
141.93,3,51,411,35
137.75,1,51,411,35
95.898,3,51,411,35
155.03,2,51,411,35
23.262,1,51,411,35
4.296,1,51,411,35
10.961,1,51,411,35
14.115,3,51,411,35
60.401,2,51,411,35
19.325,3,51,411,35
11.087,3,36.3,413,35
26.75,1,36.3,413,35
94.012,2,36.3,413,35
13.805,2,36.3,413,35
14.598,2,36.3,413,35
25.721,3,36.3,413,35
66.077,1,36.3,413,35
99.616,3,36.3,413,35
29.841,2,36.3,413,35
0.014407,1,36.3,413,35
67.063,1,36.3,413,35
33.376,1,36.3,413,35
129.13,3,36.3,413,35
94.916,2,36.3,413,35
1.3876,3,36.3,413,35
55.692,3,51.5,414,35
97.721,1,51.5,414,35
10.406,2,51.5,414,35
15.051,2,51.5,414,35
104.63,2,51.5,414,35
39.06,3,51.5,414,35
3.9291,1,51.5,414,35
64.362,3,51.5,414,35
9.8083,2,51.5,414,35
62.804,1,51.5,414,35
53.776,1,51.5,414,35
26.622,1,51.5,414,35
48.081,3,51.5,414,35
11.143,2,51.5,414,35
16.725,3,51.5,414,35
21.38,3,51.4,420,35
95.866,1,51.4,420,35
51.366,2,51.4,420,35
57.424,2,51.4,420,35
41.578,2,51.4,420,35
24.895,3,51.4,420,35
1.3404,1,51.4,420,35
18.912,3,51.4,420,35
2.7785,2,51.4,420,35
51.605,1,51.4,420,35
75.028,1,51.4,420,35
43.029,1,51.4,420,35
10.033,3,51.4,420,35
37.364,2,51.4,420,35
80.682,3,51.4,420,35
121.83,3,33.9,422,35
16.368,1,33.9,422,35
19.255,2,33.9,422,35
39.585,2,33.9,422,35
57.926,2,33.9,422,35
44.083,3,33.9,422,35
61.99,1,33.9,422,35
117.19,3,33.9,422,35
53.624,2,33.9,422,35
26.329,1,33.9,422,35
40.158,1,33.9,422,35
112.85,1,33.9,422,35
72.215,3,33.9,422,35
58.241,2,33.9,422,35
58.856,3,33.9,422,35
69.113,3,29.5,432,24
47.628,1,29.5,432,24
12.607,2,29.5,432,24
3.0196,2,29.5,432,24
81.249,2,29.5,432,24
11.877,3,29.5,432,24
71.687,1,29.5,432,24
35.678,3,29.5,432,24
35.22,2,29.5,432,24
10.095,1,29.5,432,24
67.902,1,29.5,432,24
25.44,1,29.5,432,24
0.0074649,3,29.5,432,24
73.905,2,29.5,432,24
150.31,3,29.5,432,24
162.28,3,29.6,433,24
46.963,1,29.6,433,24
105.83,2,29.6,433,24
74.465,2,29.6,433,24
37.356,2,29.6,433,24
13.689,3,29.6,433,24
19.233,1,29.6,433,24
64.016,3,29.6,433,24
9.5322,2,29.6,433,24
31.23,1,29.6,433,24
23.115,1,29.6,433,24
27.465,1,29.6,433,24
7.2611,3,29.6,433,24
10.813,2,29.6,433,24
82.825,3,29.6,433,24
111.88,3,29.5,434,24
66.806,1,29.5,434,24
54.323,2,29.5,434,24
10.76,2,29.5,434,24
12.47,2,29.5,434,24
23.6,3,29.5,434,24
6.1295,1,29.5,434,24
61.649,3,29.5,434,24
36.388,2,29.5,434,24
45.056,1,29.5,434,24
47.645,1,29.5,434,24
20.955,1,29.5,434,24
35.743,3,29.5,434,24
0.042074,2,29.5,434,24
103.51,3,29.5,434,24
19.881,3,40.8,437,35
62.23,1,40.8,437,35
46.142,2,40.8,437,35
94.898,2,40.8,437,35
22.313,2,40.8,437,35
101.31,3,40.8,437,35
28.828,1,40.8,437,35
32.728,3,40.8,437,35
36.591,2,40.8,437,35
30.658,1,40.8,437,35
11.4,1,40.8,437,35
8.5792,1,40.8,437,35
0.46717,3,40.8,437,35
16.66,2,40.8,437,35
17.172,3,40.8,437,35
80.731,3,29.4,438,24
161.46,1,29.4,438,24
242.11,2,29.4,438,24
47.705,2,29.4,438,24
29.076,2,29.4,438,24
54.182,3,29.4,438,24
159.31,1,29.4,438,24
83.479,3,29.4,438,24
127.92,2,29.4,438,24
204.3,1,29.4,438,24
47.149,1,29.4,438,24
180.71,1,29.4,438,24
42.04,3,29.4,438,24
109.42,2,29.4,438,24
82.621,3,29.4,438,24
81.65,3,51.3,442,35
49.401,1,51.3,442,35
82.989,2,51.3,442,35
48.411,2,51.3,442,35
129.69,2,51.3,442,35
9.0514,3,51.3,442,35
22.151,1,51.3,442,35
13.66,3,51.3,442,35
15.52,2,51.3,442,35
99.543,1,51.3,442,35
6.6381,1,51.3,442,35
10.895,1,51.3,442,35
55.644,2,51.3,442,35
33.548,3,51.3,442,35
72.056,3,46.7,443,35
15.118,1,46.7,443,35
29.54,2,46.7,443,35
56.648,2,46.7,443,35
71.669,2,46.7,443,35
1.9158,3,46.7,443,35
57.382,1,46.7,443,35
101.65,3,46.7,443,35
12.24,2,46.7,443,35
42.501,1,46.7,443,35
15.904,1,46.7,443,35
32.042,1,46.7,443,35
9.4779,3,46.7,443,35
15.164,2,46.7,443,35
0.82995,3,46.7,443,35
95.477,3,45.1,445,35
85.149,1,45.1,445,35
38.915,2,45.1,445,35
63.037,2,45.1,445,35
94.854,2,45.1,445,35
20.061,3,45.1,445,35
119.66,1,45.1,445,35
59.168,3,45.1,445,35
27.904,2,45.1,445,35
85.478,1,45.1,445,35
37.033,1,45.1,445,35
3.1141,3,45.1,445,35
85.882,2,45.1,445,35
17.408,3,45.1,445,35
27.119,3,30.4,447,35
42.331,1,30.4,447,35
43.231,2,30.4,447,35
28.692,2,30.4,447,35
47.536,2,30.4,447,35
44.187,3,30.4,447,35
97.337,1,30.4,447,35
11.409,1,30.4,447,35
25.366,1,30.4,447,35
152.6,3,30.4,447,35
195.35,2,30.4,447,35
6.8661,3,30.4,447,35
