57.972,8.8,6,9
14.341,8.8,6,9
33.425,8.8,6,9
7.0229,8.8,6,9
113.4,8.8,6,9
151.61,8.8,6,9
58.097,8.8,6,9
85.838,8.8,6,9
135.08,8.8,6,9
84.185,8.8,6,9
69.64,8.8,6,9
114.08,8.8,6,9
172.79,8.8,6,9
68.23,8.8,6,9
104.54,8.8,6,9
62.204,8.8,6,9
123.38,8.8,6,9
117.86,8.8,6,9
105.04,8.8,6,9
53.789,8.8,6,9
77.385,11.6,7,9
817.29,11.6,7,9
177.05,11.6,7,9
86.327,11.6,7,9
227.96,11.6,7,9
112.16,11.6,7,9
114.36,11.6,7,9
67.718,11.6,7,9
271.34,11.6,7,9
57.127,11.6,7,9
3.6423,11.6,7,9
287.24,11.6,7,9
83.424,11.6,7,9
97.212,11.6,7,9
72.217,11.6,7,9
22.903,11.6,7,9
45.905,11.6,7,9
159.83,11.6,7,9
217.38,11.6,7,9
120.92,11.6,7,9
45.303,11.6,7,9
148.22,11.6,7,9
62.044,11.6,7,9
122.82,11.6,7,9
276.62,7.7,17,9
169.38,7.7,17,9
133.96,7.7,17,9
113.8,7.7,17,9
195.87,7.7,17,9
46.446,7.7,17,9
176.3,7.7,17,9
180.31,7.7,17,9
300.77,7.7,17,9
101.43,7.7,17,9
178.77,7.7,17,9
182.21,10.1,20,9
205.96,10.1,20,9
53.17,10.1,20,9
49.766,10.1,20,9
102.6,10.1,20,9
53.265,10.1,20,9
115.98,10.1,20,9
33.477,10.1,20,9
225.15,10.1,20,9
111.51,10.1,20,9
56.082,10.1,20,9
28.058,10.1,20,9
47.97,10.1,20,9
189.18,11.5,23,9
95.479,11.5,23,9
327.17,11.5,23,9
219.18,11.5,23,9
208.3,11.5,23,9
86.601,11.5,23,9
183.97,11.5,23,9
41.97,11.5,23,9
139.64,11.5,23,9
146.23,11.5,23,9
440.96,11.5,23,9
54.309,11.5,23,9
3.964,11.5,23,9
14.237,10.5,25,9
57.981,10.5,25,9
87.41,10.5,25,9
98.108,10.5,25,9
15.795,10.5,25,9
4.4507,10.5,25,9
85.526,10.5,25,9
120.21,10.5,25,9
180.63,10.5,25,9
19.145,10.9,26,9
65.768,10.9,26,9
61.267,10.9,26,9
83.61,10.9,26,9
45.203,10.9,26,9
37.871,10.9,26,9
129.7,10.9,26,9
80.861,10.9,26,9
46.534,10.9,26,9
110.77,10.9,26,9
78.355,10.9,26,9
139.58,11,29,9
197.23,11,29,9
184.7,11,29,9
393.75,11,29,9
254.74,11,29,9
247.25,11,29,9
187.58,11,29,9
96.777,11,29,9
90.186,11,29,9
252.74,11,29,9
189.13,10.6,30,9
187.92,10.6,30,9
40.011,10.6,30,9
182.16,10.6,30,9
84.75,10.6,30,9
37.268,10.6,30,9
168.32,10.6,30,9
123.08,10.6,30,9
235.31,10.6,30,9
82.338,9.6,44,9
36.767,9.6,44,9
34.897,9.6,44,9
3.5104,9.6,44,9
80.362,9.6,44,9
125.48,9.6,44,9
71.597,9.6,44,9
100.69,9.6,44,9
79.634,9.6,44,9
94.879,9.6,44,9
23.279,9.6,44,9
61.792,9.6,44,9
95.897,9.6,44,9
39.458,9.6,44,9
77.528,9.6,45,9
65.918,9.6,45,9
1.7638,9.6,45,9
16.399,9.6,45,9
14.106,9.6,45,9
53.506,9.6,45,9
29.72,9.6,45,9
104.47,9.6,45,9
108.62,9.6,45,9
7.4629,9.6,45,9
113.84,9.6,45,9
238.4,9.6,45,9
46.932,9.6,45,9
78.028,10.1,47,9
50.43,10.1,47,9
83.053,10.1,47,9
255.92,10.1,47,9
119.6,10.1,47,9
65.568,10.1,47,9
340.58,10.1,47,9
140.95,10.1,47,9
164.17,10.1,47,9
22.188,6.6,49,9
41.275,6.6,49,9
20.221,6.6,49,9
48.64,6.6,49,9
11.839,6.6,49,9
31.719,6.6,49,9
79.15,6.6,49,9
16.263,6.6,49,9
25.946,6.6,49,9
26.595,9.7,50,9
178.15,9.7,50,9
91.045,9.7,50,9
32.93,9.7,50,9
111.88,9.7,50,9
116.15,9.7,50,9
144.15,9.7,50,9
94.914,9.7,50,9
181.14,9.7,50,9
44.892,9.7,50,9
108.91,9.7,50,9
153.56,7.6,51,9
92.304,7.6,51,9
45.772,7.6,51,9
141.57,7.6,51,9
117.57,7.6,51,9
99.545,7.6,51,9
2.3011,5.3,52,9
23.244,5.3,52,9
148.23,5.3,52,9
123.24,5.3,52,9
30.99,5.3,52,9
26.574,5.3,52,9
277.19,5.3,52,9
205.15,5.3,52,9
176.16,11.6,53,9
239.11,11.6,53,9
73.471,11.6,53,9
265.67,11.6,53,9
33.221,11.6,53,9
32.557,11.6,53,9
11.768,11.6,53,9
52.595,11.6,53,9
55.718,11.6,53,9
220.64,11.6,53,9
71.003,11.9,56,9
296.2,11.9,56,9
68.173,11.9,56,9
116.46,11.9,56,9
167.43,11.9,56,9
43.734,11.9,56,9
128.11,11.9,56,9
231.89,11.9,56,9
119.22,11.9,56,9
81.9,11.9,56,9
357.45,11.9,56,9
106.16,11.9,56,9
193.67,11.3,66,9
39.088,11.3,66,9
149.99,11.3,66,9
31.356,11.3,66,9
101.97,11.3,66,9
34.108,11.3,66,9
121.4,11.3,66,9
456.23,11.3,66,9
37.784,11.3,66,9
216.16,11.3,66,9
13.155,11.3,66,9
29.46,11.3,66,9
51.899,11.3,66,9
281.99,8.8,67,9
174.64,8.8,67,9
111.57,8.8,67,9
357,8.8,67,9
171.54,8.8,67,9
210.84,8.8,67,9
341.82,8.8,67,9
387.63,8.8,67,9
127.58,7.2,68,9
90.894,7.2,68,9
21.995,7.2,68,9
98.632,7.2,68,9
122.71,7.2,68,9
208.86,7.2,68,9
69.845,8.8,69,9
104.53,8.8,69,9
116.11,8.8,69,9
173.39,8.8,69,9
381.5,8.8,69,9
151.99,8.8,69,9
89.742,8.8,69,9
23.793,8.8,69,9
63.156,8.8,69,9
126.38,8.8,69,9
111.29,8.8,69,9
48.479,8.8,69,9
173.32,10.3,70,9
15.243,10.3,70,9
44.321,10.3,70,9
60.998,10.3,70,9
11.373,10.3,70,9
156.38,10.3,70,9
34.38,10.3,70,9
183.08,10.3,70,9
40.005,10.3,70,9
35.019,10.3,70,9
78.03,10.3,70,9
162.01,10.3,70,9
100.72,10.3,70,9
173.57,10.3,70,9
188.62,12.1,74,9
108.08,12.1,74,9
116.84,12.1,74,9
249.34,12.1,74,9
105.78,12.1,74,9
214.55,12.1,74,9
233.42,12.1,74,9
17.188,12.1,74,9
176.69,6,80,9
74.335,6,80,9
86.503,6,80,9
207.12,6,80,9
28.835,6,80,9
134.01,6,80,9
62.62,6.8,81,9
179.77,6.8,81,9
59.558,6.8,81,9
1089.2,6.8,81,9
109.71,6.8,81,9
334.8,6.8,81,9
210.14,6.8,81,9
97.045,6.8,81,9
116.18,6.8,81,9
178.55,6.8,81,9
162.51,6.8,81,9
14.028,11.2,83,9
67.309,11.2,83,9
6.9373,11.2,83,9
108.39,11.2,83,9
103.12,11.2,83,9
34.122,11.2,83,9
85.728,11.2,83,9
107.66,11.2,83,9
88.394,11.2,83,9
213.15,11.2,83,9
4.2519,11.2,83,9
37.175,11.2,83,9
189.04,8.3,84,9
334.6,8.3,84,9
205.9,8.3,84,9
186.23,8.3,84,9
382.7,8.3,84,9
361.18,8.3,84,9
178.43,8.3,84,9
371.76,8.3,84,9
214.86,11.8,86,9
82.623,11.8,86,9
152.59,11.8,86,9
75.898,11.8,86,9
192.01,11.8,86,9
191.76,11.8,86,9
291.9,11.8,86,9
219.25,11.8,86,9
37.041,11.8,86,9
216.09,11.8,86,9
246.52,11.8,86,9
170.7,9.9,87,9
4.097,9.9,87,9
86.968,9.9,87,9
101.02,9.9,87,9
18.864,9.9,87,9
61.817,9.9,87,9
108.47,9.9,87,9
88.367,9.9,87,9
118.84,9.9,87,9
221.93,9.9,87,9
352.49,6.4,92,9
161.19,6.4,92,9
167.14,6.4,92,9
273.35,6.4,92,9
205,6.4,92,9
467.37,6.4,92,9
100.42,6.4,92,9
95.752,6.4,92,9
146.31,6.4,92,9
90.139,6.4,92,9
222.31,6.4,92,9
258.55,6.4,92,9
264.88,9.9,93,9
208.8,9.9,93,9
5.3231,9.9,93,9
100.6,9.9,93,9
11.847,9.9,93,9
79.584,9.9,93,9
71.429,9.9,93,9
67.642,9.9,93,9
106.77,9.9,93,9
171.46,9.9,93,9
407.77,6.9,94,9
171.86,6.9,94,9
104.11,6.9,94,9
163.93,6.9,94,9
239.35,6.9,94,9
208.01,6.9,94,9
214.64,10.6,98,9
195.49,10.6,98,9
208.52,10.6,98,9
15.033,10.6,98,9
187.32,10.6,98,9
81.642,10.6,98,9
53.593,10.6,98,9
76.96,10.6,98,9
38.369,10.6,98,9
200.96,6.5,126,9
58.094,6.5,126,9
167.38,6.5,126,9
276.94,6.5,126,9
37.127,6.5,126,9
72.044,6.5,126,9
211.42,6.5,126,9
258.93,6.5,126,9
231.2,6.5,126,9
18.511,11.3,128,9
23.903,11.3,128,9
77.305,11.3,128,9
45.77,11.3,128,9
758.44,11.3,128,9
215.82,11.3,128,9
32.16,11.3,128,9
91.224,11.3,128,9
56.127,11.3,128,9
97.137,11.3,128,9
155.55,11.3,128,9
107.33,8.1,148,9
168.75,8.1,148,9
82.699,8.1,148,9
35.815,8.1,148,9
121.42,8.1,148,9
33.304,8.1,148,9
22.062,8.1,148,9
29.605,8.1,148,9
226.02,8.1,148,9
36.274,8.1,148,9
68.681,8.1,148,9
114.94,8.1,148,9
93.984,10.4,154,9
104.35,10.4,154,9
82.368,10.4,154,9
216.06,10.4,154,9
175.6,10.4,154,9
47.013,10.4,154,9
251.65,10.4,154,9
175,10.4,154,9
63.685,10.4,154,9
82.847,10.4,154,9
209.71,6.9,155,9
262.28,6.9,155,9
118.13,6.9,155,9
125.2,6.9,155,9
60.307,6.9,155,9
102.34,6.9,155,9
103.91,6.9,155,9
164.94,6.9,155,9
195.75,6.9,155,9
77.729,6.9,155,9
212.94,6.9,155,9
87.593,6.9,155,9
154.09,6.3,165,9
71.454,6.3,165,9
63.814,6.3,165,9
29.255,6.3,165,9
27.482,6.3,165,9
59.13,6.3,165,9
186.42,6.3,165,9
219.26,6.3,165,9
22.82,6.3,165,9
43.412,7.9,171,9
1090.2,7.9,171,9
263.21,7.9,171,9
146,7.9,171,9
197.85,7.9,171,9
217.6,7.9,171,9
44.528,7.9,171,9
247.19,6.9,186,9
199.59,6.9,186,9
149.71,6.9,186,9
240.82,6.9,186,9
175.01,6.9,186,9
190.68,6.9,186,9
51.396,6.9,186,9
285.58,6.9,186,9
176.92,6.9,186,9
108.89,8.8,187,9
119.99,8.8,187,9
83.714,8.8,187,9
26.616,8.8,187,9
162.81,8.8,187,9
45.562,8.8,187,9
63.221,8.8,187,9
76.903,8.8,187,9
29.849,8.8,187,9
12.279,8.8,187,9
0.92587,8.8,187,9
13.807,8.8,187,9
52.582,8.8,187,9
124.57,8.8,187,9
47.922,8.8,187,9
202.11,6.9,192,9
1.4721,6.9,192,9
26.993,6.9,192,9
164.15,6.9,192,9
73.35,6.9,192,9
186.37,6,195,9
220.26,6,195,9
86.857,6,195,9
31.432,6,195,9
52.214,6,195,9
89.724,6,195,9
87.02,8.7,197,9
124,8.7,197,9
50.875,8.7,197,9
87.941,8.7,197,9
244.75,8.7,197,9
33.617,8.7,197,9
42.932,8.7,197,9
69.812,8.7,197,9
192.7,8.7,197,9
276.28,8.7,197,9
123.44,11.7,199,9
95.872,11.7,199,9
128.26,11.7,199,9
188.43,11.7,199,9
197.93,11.7,199,9
40.495,11.7,199,9
123.93,11.7,199,9
246.06,11.7,199,9
121.82,11.7,199,9
374.14,11.7,199,9
193.41,11.7,199,9
131.92,11.7,199,9
81.998,11.7,199,9
53.48,11.9,203,9
186.7,11.9,203,9
1.8978,11.9,203,9
117.79,11.9,203,9
125.16,11.9,203,9
186.73,11.9,203,9
88.552,11.9,203,9
187.53,11.9,203,9
16.341,10,205,9
44.439,10,205,9
165.18,10,205,9
59.198,10,205,9
75.456,10,205,9
752.92,10,205,9
234.24,10,205,9
6.2777,10,205,9
80.043,10,205,9
268.8,10,205,9
190.64,10,205,9
86.57,7.7,220,9
57.795,7.7,220,9
7.5092,7.7,220,9
116.62,7.7,220,9
148.69,7.7,220,9
102.67,7.7,220,9
35.287,7.7,220,9
122.24,7.7,220,9
76.891,7.7,220,9
220.65,7.7,220,9
171.94,7.7,220,9
38.269,7.7,220,9
459.19,7.7,220,9
40.666,8.5,223,9
179.74,8.5,223,9
14.708,8.5,223,9
90.222,8.5,223,9
221.31,8.5,223,9
49.281,8.5,223,9
168.66,8.5,223,9
83.995,8.5,223,9
195.49,8.5,223,9
86.815,8.5,223,9
155.51,6,224,9
85.923,6,224,9
82.901,6,224,9
33.042,6,224,9
4.7069,6,224,9
276.48,6,224,9
46.8,6,224,9
254.14,6,224,9
66.977,6,224,9
156.78,6,225,9
199.76,6,225,9
171,6,225,9
210.01,6,225,9
182.41,6,225,9
289.93,6,225,9
4.8309,6,225,9
277.64,6,225,9
87.126,9.3,231,9
72.532,9.3,231,9
120.35,9.3,231,9
37.715,9.3,231,9
216,9.3,231,9
291.58,9.3,231,9
65.116,9.3,231,9
117.05,9.3,231,9
140.19,9.3,231,9
178.62,9.3,231,9
53.045,9.3,231,9
175.98,9.3,231,9
239.79,9.3,231,9
206.19,7.3,236,9
77.752,7.3,236,9
46.033,7.3,236,9
115.54,7.3,236,9
327.79,7.3,236,9
262.26,7.3,236,9
126,7.3,236,9
174.9,7.3,236,9
31.879,9,237,9
23.256,9,237,9
161.83,9,237,9
22.288,9,237,9
3.7518,9,237,9
11.55,9,237,9
64.369,9,237,9
180.51,9,237,9
1090.2,9,237,9
53.781,9,237,9
86.901,9,237,9
363.05,10.9,245,9
201.88,10.9,245,9
79.319,10.9,245,9
40.526,10.9,245,9
183.37,10.9,245,9
49.128,10.9,245,9
166.65,10.9,245,9
55.48,10.9,245,9
272.96,10.9,245,9
8.1158,10.9,245,9
79.539,10.9,245,9
80.481,10.9,245,9
107.56,11.9,250,9
11.647,11.9,250,9
170.63,11.9,250,9
82.705,11.9,250,9
1.4663,11.9,250,9
68.667,11.9,250,9
296.71,11.9,250,9
124.67,11.9,250,9
166.89,11.9,250,9
166.58,11.9,250,9
52.236,7.2,253,9
201.87,7.2,253,9
22.035,7.2,253,9
67.529,7.2,253,9
228.95,7.2,253,9
25.107,7.2,253,9
143.97,7.2,253,9
127.32,7.2,253,9
154.92,7.2,253,9
169.18,12.7,257,9
161.88,12.7,257,9
85.791,12.7,257,9
172.2,12.7,257,9
87.667,12.7,257,9
184.62,12.7,257,9
169.46,12.7,257,9
94.459,12.7,257,9
83.64,12.7,257,9
62.395,12.7,257,9
207.22,12.7,257,9
97.844,12.7,257,9
237.04,9.3,260,9
95.097,9.3,260,9
11.877,9.3,260,9
176.4,9.3,260,9
73.875,9.3,260,9
37.421,9.3,260,9
312.41,9.3,260,9
107.06,9.3,260,9
32.314,9.3,260,9
68.71,9.3,260,9
65.371,9.3,260,9
71.777,9.3,260,9
82.378,9.3,260,9
20.116,8,261,9
178.99,8,261,9
149.4,8,261,9
85.226,8,261,9
271.98,8,261,9
42.445,8,261,9
49.891,8,261,9
202.34,8,261,9
100.01,8,261,9
278.9,8,261,9
11.35,12.8,265,9
118.95,12.8,265,9
7.0832,12.8,265,9
41.256,12.8,265,9
72.355,12.8,265,9
11.524,12.8,265,9
93.539,12.8,265,9
123.66,12.8,265,9
212.64,12.8,265,9
25.746,12.8,265,9
74.809,12.8,265,9
122.29,12.8,265,9
13.596,12.8,265,9
37.454,12.8,265,9
353.5,5.1,270,9
332.4,5.1,270,9
112.4,5.1,270,9
16.927,7.3,271,9
298.21,7.3,271,9
15.234,7.3,271,9
192.56,7.3,271,9
175.1,7.3,271,9
69.448,7.3,271,9
108.48,7.3,271,9
217.85,7.3,271,9
219.96,7.3,271,9
259.26,7.3,271,9
223.42,7.2,280,9
174.84,7.2,280,9
37.224,7.2,280,9
211.68,7.2,280,9
309,7.2,280,9
228.79,7.2,280,9
250.09,5.8,281,9
146.95,5.8,281,9
185.36,5.8,281,9
102.7,5.8,281,9
69.57,5.8,281,9
173.63,5.8,281,9
117.58,5.8,281,9
39.908,7.8,282,9
125.49,7.8,282,9
91.697,7.8,282,9
43.581,7.8,282,9
279.53,7.8,282,9
113.23,7.8,282,9
92.295,7.8,282,9
158.64,7.8,282,9
196.01,7.8,282,9
66.711,7.8,282,9
197.14,7.8,282,9
214.01,11.4,283,9
98.489,11.4,283,9
52.524,11.4,283,9
82.021,11.4,283,9
98.921,11.4,283,9
178.38,11.4,283,9
1.6521,11.4,283,9
10.585,11.4,283,9
79.182,11.4,283,9
324.68,11.4,283,9
90.233,11.4,283,9
104.3,8.3,286,9
61.568,8.3,286,9
33.957,8.3,286,9
163.19,8.3,286,9
125.82,8.3,286,9
338.67,8.3,286,9
171.1,8.3,286,9
10.916,8.3,286,9
39.055,8.3,286,9
58.333,8.3,286,9
34.221,6.6,289,9
270.37,6.6,289,9
44.132,6.6,289,9
176.19,6.6,289,9
125.5,6.6,289,9
11.423,6.6,289,9
192.8,6.6,289,9
6.6944,7.4,290,9
35.771,7.4,290,9
18.334,7.4,290,9
112.94,7.4,290,9
125.41,7.4,290,9
10.227,7.4,290,9
66.964,7.4,290,9
46.109,7.4,290,9
172.41,7.4,290,9
74.923,7.4,290,9
226.94,10.5,291,9
123.63,10.5,291,9
313.13,10.5,291,9
267.52,10.5,291,9
195.19,10.5,291,9
28.019,10.5,291,9
200.33,10.5,291,9
437.32,10.5,293,9
175.87,10.5,293,9
76.582,10.5,293,9
9.3566,10.5,293,9
175.15,10.5,293,9
117.26,10.5,293,9
212.46,10.5,293,9
11.259,10.5,293,9
34.354,10.5,293,9
73.578,10.5,293,9
23.621,10.5,293,9
36.311,10.5,293,9
216.06,10.5,293,9
209.99,10.2,294,9
238.67,10.2,294,9
210.12,10.2,294,9
227.16,10.2,294,9
249.58,10.2,294,9
400.47,10.2,294,9
243.08,10.2,294,9
119.74,10.2,294,9
187.41,10.2,294,9
184.26,10.2,294,9
269.85,6,295,9
51.1,6,295,9
292.61,6,295,9
98.462,6,295,9
354.88,6,295,9
288.99,6,295,9
36.448,8.6,297,9
62.246,8.6,297,9
21.002,8.6,297,9
50.518,8.6,297,9
171.63,8.6,297,9
67.408,8.6,297,9
100.28,8.6,297,9
164.51,8.6,297,9
305.51,8.6,297,9
14.004,8.6,297,9
26.555,8.6,297,9
160.02,8.6,297,9
113.64,8.6,297,9
15.53,8.7,298,9
57.053,8.7,298,9
93.497,8.7,298,9
5.2589,8.7,298,9
13.029,8.7,298,9
51.685,8.7,298,9
13.352,8.7,298,9
30.273,8.7,298,9
176.4,8.7,298,9
39.382,8.7,298,9
30.787,8.7,298,9
1091.3,10.3,301,9
160.23,10.3,301,9
98.514,10.3,301,9
204.97,10.3,301,9
38.477,10.3,301,9
54.037,10.3,301,9
176.91,10.3,301,9
10.51,10.3,301,9
219.88,10.3,301,9
1095,10.3,301,9
109.03,10.3,301,9
107.51,10.3,301,9
54.224,10.3,301,9
92.138,11.5,303,9
197.22,11.5,303,9
48.106,11.5,303,9
235.02,11.5,303,9
195.99,11.5,303,9
37.926,11.5,303,9
145.62,11.5,303,9
247.29,11.5,303,9
99.861,9.1,304,9
174.07,9.1,304,9
26.048,9.1,304,9
126.65,9.1,304,9
23.98,9.1,304,9
117.67,9.1,304,9
184.5,9.1,304,9
384.03,9.1,304,9
13.081,9.2,308,9
32.185,9.2,308,9
282.33,9.2,308,9
367.84,9.2,308,9
95.841,9.2,308,9
30.122,9.2,308,9
14.94,9.2,308,9
85.254,9.2,308,9
121.31,9.2,308,9
115.82,11.3,309,9
127.18,11.3,309,9
59.511,11.3,309,9
288.93,11.3,309,9
106.7,11.3,309,9
17.844,11.3,309,9
60.231,11.3,309,9
28.875,11.3,309,9
54.473,11.3,309,9
76.527,11.3,309,9
192.98,11.3,309,9
195.04,9.8,310,9
115.59,9.8,310,9
15.062,9.8,310,9
80.4,9.8,310,9
158.06,9.8,310,9
55.666,9.8,310,9
94.778,9.8,310,9
62.519,9.8,310,9
0.41828,9.8,310,9
0.36626,9.8,310,9
97.467,11.3,311,9
226.86,11.3,311,9
45.245,11.3,311,9
114.94,11.3,311,9
296.59,11.3,311,9
46.43,11.3,311,9
98.497,11.3,311,9
283.3,11.3,311,9
292,11.3,311,9
205.92,11.3,311,9
288.75,7.6,315,9
89.603,7.6,315,9
55.495,7.6,315,9
112.43,7.6,315,9
270.13,7.6,315,9
112.96,7.6,315,9
22.768,7.6,315,9
396.47,7.6,315,9
274.4,7.6,315,9
99.748,7.6,315,9
195.76,9.6,342,9
145.82,9.6,342,9
150.94,9.6,342,9
165.74,9.6,342,9
168.74,9.6,342,9
389.07,9.6,342,9
369.33,9.6,342,9
281.65,5.8,344,9
1091.4,5.8,344,9
1089.8,5.8,344,9
342,5.8,344,9
173.76,5.8,344,9
1089.8,5.8,344,9
262.87,5.8,344,9
84.445,5.8,344,9
181.45,5.8,344,9
52.404,5.8,344,9
82.23,5.8,344,9
433.66,5.8,344,9
6.7938,5.8,344,9
37.957,7.8,346,9
38.167,7.8,346,9
19.592,7.8,346,9
20.795,7.8,346,9
32.521,7.8,346,9
92.888,7.8,346,9
18.876,7.8,346,9
2.9068,7.8,346,9
0.48847,7.8,346,9
23.706,7.8,346,9
25.907,7.8,346,9
2.779,7.8,346,9
93.314,7.8,346,9
90.825,7.8,346,9
333.01,7.2,347,9
161.55,7.2,347,9
221.92,7.2,347,9
323.22,7.2,347,9
101.84,7.2,347,9
147.67,7.2,347,9
250.71,7.2,347,9
528.9,7.2,347,9
82.057,7.2,347,9
19.827,7.2,347,9
210.69,9.2,348,9
139.02,9.2,348,9
207.82,9.2,348,9
83.5,9.2,348,9
291.35,9.2,348,9
266.12,9.2,348,9
181.74,9.2,348,9
72.189,12.1,357,9
66.256,12.1,357,9
86.158,12.1,357,9
66.128,12.1,357,9
70.862,12.1,357,9
134.99,12.1,357,9
103.67,12.1,357,9
85.64,12.1,357,9
101.42,12.1,357,9
65.395,12.1,357,9
192.64,12.1,357,9
145.14,12.1,357,9
174.6,12.1,357,9
248.55,6.5,366,9
182.4,6.5,366,9
502.17,6.5,366,9
250.29,6.5,366,9
271.54,6.5,366,9
194.21,6.5,366,9
122.47,6.5,366,9
121.25,10.6,367,9
22.78,10.6,367,9
30.069,10.6,367,9
90.854,10.6,367,9
171.69,10.6,367,9
145,10.6,367,9
173.9,10.6,367,9
68.624,10.6,367,9
146.83,10.6,367,9
51.853,10.6,367,9
90.412,12.2,369,9
169.55,12.2,369,9
4.1527,12.2,369,9
172.55,12.2,369,9
81.825,12.2,369,9
98.739,12.2,369,9
168.33,12.2,369,9
33.12,12.2,369,9
45.067,12.2,369,9
51.848,12.2,369,9
61.569,12.2,369,9
46.621,12.2,369,9
406.61,7.2,370,9
223.61,7.2,370,9
349.56,7.2,370,9
186.69,7.2,370,9
271.51,7.2,370,9
263.93,7.2,370,9
269.9,7.2,370,9
203.83,7.2,370,9
284.2,7.2,370,9
174.61,8.5,371,9
31.096,8.5,371,9
115.95,8.5,371,9
208.83,8.5,371,9
355.05,8.5,371,9
165.47,8.5,371,9
83.926,8.5,371,9
18.186,8.5,371,9
167.85,8.5,371,9
205.88,9.9,373,9
211.06,9.9,373,9
3.2603,9.9,373,9
207.89,9.9,373,9
79.014,9.9,373,9
66.406,9.9,373,9
241.02,9.9,373,9
13.791,9.9,373,9
4.4889,9.9,373,9
265.1,9.3,374,9
459.81,9.3,374,9
160.11,9.3,374,9
122.27,9.3,374,9
219.95,9.3,374,9
234.78,9.3,374,9
197.89,9.3,374,9
63.38,9.3,374,9
70.282,9.3,374,9
189.49,9.3,374,9
162.06,9.3,374,9
111.59,9.3,374,9
87.11,12.6,375,9
209.68,12.6,375,9
26.541,12.6,375,9
15.517,12.6,375,9
99.507,12.6,375,9
219.05,12.6,375,9
44.956,12.6,375,9
176.31,12.6,375,9
171.25,12.6,375,9
163.71,12.6,375,9
163.49,12.6,375,9
59.37,12.6,375,9
223.91,6.8,380,9
363.58,6.8,380,9
450.49,6.8,380,9
189.71,6.8,380,9
213.27,6.8,380,9
286.11,10.1,384,9
352.61,10.1,384,9
51.864,10.1,384,9
47.933,10.1,384,9
204.6,10.1,384,9
91.799,10.1,384,9
162.97,10.1,384,9
229.65,10.1,384,9
107.34,12,385,9
41.919,12,385,9
195.2,12,385,9
41.949,12,385,9
173.5,12,385,9
82.023,12,385,9
189.36,12,385,9
41.628,12,385,9
186.91,12,385,9
193.65,12,385,9
87.693,12,385,9
26.253,12.5,386,9
31.601,12.5,386,9
0.69222,12.5,386,9
39.685,12.5,386,9
7.1268,12.5,386,9
38.187,12.5,386,9
36.506,12.5,386,9
65.472,12.5,386,9
63.333,12.5,386,9
66.471,12.5,386,9
48.123,12.5,386,9
2.2055,12.5,386,9
183.27,9.1,387,9
14.186,9.1,387,9
10.248,9.1,387,9
5.1009,9.1,387,9
160.69,9.1,387,9
2.6464,9.1,387,9
235.51,9.1,387,9
63.724,9.1,387,9
6.2028,9.1,387,9
175.84,9.1,387,9
189.25,9.1,387,9
394.74,8.6,410,9
73.589,8.6,410,9
187.28,8.6,410,9
19.457,8.6,410,9
173.7,8.6,410,9
62.723,9.7,424,9
68.157,9.7,424,9
317.34,9.7,424,9
296.69,9.7,424,9
69.286,9.7,424,9
52.236,9.7,424,9
154.4,9.7,424,9
32.914,9.7,424,9
196.27,9.7,424,9
100.92,9.7,424,9
227.84,9.7,424,9
9.8959,9.7,424,9
121.28,9.7,424,9
488.22,7.5,426,9
37.272,7.5,426,9
28.55,7.5,426,9
71.713,7.5,426,9
1090.8,7.5,426,9
116.97,7.5,426,9
83.391,7.5,426,9
73.432,7.5,426,9
121.41,7.5,426,9
299.08,9.4,427,9
68.417,9.4,427,9
233.8,9.4,427,9
1090.5,9.4,427,9
72.998,9.4,427,9
171.22,9.4,427,9
386.4,9.4,427,9
336.22,12.9,428,9
57.371,12.9,428,9
13.611,12.9,428,9
31.532,12.9,428,9
99.049,12.9,428,9
104.39,12.9,428,9
190.7,12.9,428,9
254.41,12.9,428,9
99.814,12.9,428,9
218.6,12.9,428,9
322.95,12.9,428,9
34.752,12.9,428,9
109.23,10.5,429,9
311.18,10.5,429,9
298.36,10.5,429,9
30.828,10.5,429,9
63.925,10.5,429,9
105.21,10.5,429,9
3.9837,10.5,429,9
102.58,10.5,429,9
88.35,10.5,429,9
149.11,10.5,429,9
89.408,10.5,429,9
169.47,10.5,429,9
117.09,10.1,431,9
303.96,10.1,431,9
176.75,10.1,431,9
56.854,10.1,431,9
16.516,10.1,431,9
3.2042,10.1,431,9
125.76,10.1,431,9
155.3,10.1,431,9
52.317,10.1,431,9
72.922,12.4,436,9
126.7,12.4,436,9
134.47,12.4,436,9
31.275,12.4,436,9
33.244,12.4,436,9
40.687,12.4,436,9
102.41,12.4,436,9
98.777,12.4,436,9
17.962,12.4,436,9
82.753,12.4,436,9
52.161,12.4,436,9
21.205,12.4,436,9
47.628,12.4,436,9
119.02,7,439,9
32.989,7,439,9
105.07,7,439,9
184.89,7,439,9
89.006,7,439,9
20.769,7,439,9
10.342,7,439,9
26.004,7,439,9
104.56,11.2,440,9
320.36,11.2,440,9
235.75,11.2,440,9
208.71,11.2,440,9
167.58,11.2,440,9
215.38,11.2,440,9
173.74,8.9,444,9
233.51,8.9,444,9
206.46,8.9,444,9
164.65,8.9,444,9
39.408,8.9,444,9
114.11,8.9,444,9
173.11,9.2,449,9
62.023,9.2,449,9
231.96,9.2,449,9
39.192,9.2,449,9
54.375,9.2,449,9
3.5999,9.2,449,9
195.58,9.2,449,9
193.19,9.2,449,9
120.54,16.3,19,16
68.427,16.3,19,16
27.017,16.3,19,16
104.63,16.3,19,16
186.03,16.3,19,16
160.42,16.3,19,16
165.49,16.3,19,16
150.55,16.3,19,16
96.774,16.3,19,16
194.49,16.3,19,16
71.545,16.3,19,16
94.357,16.3,19,16
161.36,16.3,19,16
25.439,16.3,19,16
51.013,16.3,19,16
69.27,16.3,19,16
63.403,13.1,32,16
161.88,13.1,32,16
178.57,13.1,32,16
272.79,13.1,32,16
120.3,13.1,32,16
171.81,13.1,32,16
89.706,13.1,32,16
185.33,13.1,32,16
83.65,13.1,32,16
96.003,13.1,32,16
163.47,15,71,16
25.822,15,71,16
293.93,15,71,16
193.76,15,71,16
303.24,15,71,16
198.48,15,71,16
152.18,15,71,16
79.598,15,71,16
8.8023,15,71,16
18.549,15,71,16
77.435,15,71,16
62.171,15,71,16
92.737,15,72,16
264.97,15,72,16
29.366,15,72,16
125.4,15,72,16
57.824,15,72,16
29.952,15,72,16
31.331,15,72,16
47.457,15,72,16
22.508,15,72,16
275.47,15,72,16
97.115,15,72,16
54.971,15,72,16
52.469,15,72,16
112.35,15,72,16
49.303,15,72,16
167.15,17,75,16
42.032,17,75,16
177.1,17,75,16
10.771,17,75,16
97.027,17,75,16
38.278,17,75,16
69.926,17,75,16
38.065,17,75,16
79.744,17,75,16
21.982,17,75,16
105.02,17,75,16
128.93,17,75,16
91.615,13.5,97,16
16.512,13.5,97,16
60.569,13.5,97,16
3.0297,13.5,97,16
24.02,13.5,97,16
65.34,13.5,97,16
3.9428,13.5,97,16
76.114,13.5,97,16
84.439,13.5,97,16
111.51,13.5,97,16
4.3137,13.5,97,16
16.47,13.5,97,16
59.674,13.5,97,16
118.49,18.6,100,16
179.6,18.6,100,16
64.703,18.6,100,16
257.61,18.6,100,16
101.46,18.6,100,16
118.87,18.6,100,16
48.263,18.6,100,16
61.532,18.6,100,16
203.27,18.6,100,16
171.09,18.6,100,16
85.451,18.6,100,16
99.432,18.6,100,16
43.113,18.6,101,16
195.1,18.6,101,16
18.992,18.6,101,16
204.46,18.6,101,16
90.241,18.6,101,16
59.332,18.6,101,16
2.562,18.6,101,16
97.206,18.6,101,16
60.108,18.6,101,16
52.254,18.6,101,16
39.418,18.3,102,16
230.58,18.3,102,16
20.433,18.3,102,16
13.071,18.3,102,16
20.752,18.3,102,16
86.253,18.3,102,16
54.763,18.3,102,16
21.832,18.3,102,16
1.966,18.3,102,16
86.854,18.3,102,16
0.91202,18.3,102,16
58.403,18.3,102,16
29.166,18.3,102,16
306.13,18.9,103,16
210.35,18.9,103,16
247.43,18.9,103,16
193.38,18.9,103,16
155.47,18.9,103,16
277.51,18.9,103,16
0.047431,18.9,103,16
96.332,18.9,103,16
62.934,18.9,103,16
175.33,18.9,103,16
3.9332,18.9,103,16
133.96,18.9,103,16
26.744,18.9,103,16
108.36,18,104,16
100.14,18,104,16
308.36,18,104,16
190.17,18,104,16
121.03,18,104,16
198.74,18,104,16
32.472,18,104,16
73.261,18,104,16
8.204,18,104,16
212.67,18,104,16
123.5,18,104,16
4.5292,18,104,16
151.67,18,104,16
298.96,18.7,108,16
221.44,18.7,108,16
39.624,18.7,108,16
26.784,18.7,108,16
137.94,18.7,108,16
297.21,18.7,108,16
179.67,18.7,108,16
61.765,18.7,108,16
261.95,18.7,108,16
248.87,18.7,109,16
1.2204,18.7,109,16
79.304,18.7,109,16
8.126,18.7,109,16
82.585,18.7,109,16
107.64,18.7,109,16
24.45,18.7,109,16
46.4,18.7,109,16
25.9,18.7,109,16
51.376,18.7,109,16
56.109,18.7,109,16
108.27,18.7,109,16
148.51,18.7,109,16
227.08,18.7,109,16
48.402,18.2,111,16
158.05,18.2,111,16
214.32,18.2,111,16
98.126,18.2,111,16
260.49,18.2,111,16
170.31,18.2,111,16
225.98,18.2,111,16
38.622,18.4,113,16
31.26,18.4,113,16
27.563,18.4,113,16
2.0037,18.4,113,16
4.447,18.4,113,16
32.576,18.4,113,16
102.69,18.4,113,16
9.6262,18.4,113,16
64.383,18.4,113,16
64.351,18.4,113,16
23.167,18.4,113,16
154.99,18.4,113,16
228.9,18.2,114,16
99.966,18.2,114,16
393.4,18.2,114,16
194.56,18.2,114,16
26.973,18.2,114,16
192.21,18.2,114,16
96.291,18.2,114,16
327.55,18.2,114,16
127.21,18.2,114,16
76.872,18.5,115,16
66.201,18.5,115,16
50.588,18.5,115,16
1.8121,18.5,115,16
62.458,18.5,115,16
21.557,18.5,115,16
85.516,18.5,115,16
34.698,18.5,115,16
22.432,18.5,115,16
8.5244,18.5,115,16
19.647,18.5,115,16
7.6529,18.5,115,16
39.792,18.5,115,16
5.4071,18.5,115,16
4.7479,18.5,115,16
91.654,18.5,116,16
21.306,18.5,116,16
38.983,18.5,116,16
4.5221,18.5,116,16
40.182,18.5,116,16
31.552,18.5,116,16
109.26,18.5,116,16
174.29,18.5,116,16
39.126,18.5,116,16
2.6124,18.5,116,16
74.566,18.5,116,16
36.006,18.5,116,16
35.855,18.5,116,16
356.2,14.8,204,16
293.65,14.8,204,16
40.135,14.8,204,16
173.8,14.8,204,16
241.98,14.8,204,16
220.56,14.8,204,16
222.3,14.8,204,16
3.8589,14.8,204,16
116.57,14.8,204,16
29.689,14.8,204,16
76.435,14.8,204,16
100.05,14.8,204,16
105.49,15.2,227,16
8.0887,15.2,227,16
33.441,15.2,227,16
1.061,15.2,227,16
33.328,15.2,227,16
0.33651,15.2,227,16
11.586,15.2,227,16
0.75772,15.2,227,16
4.1167,15.2,227,16
77.054,15.2,227,16
37.413,15.2,227,16
85.369,15.2,227,16
153.62,14.4,264,16
45.848,14.4,264,16
63.731,14.4,264,16
68.491,14.4,264,16
58.622,14.4,264,16
80.168,14.4,264,16
31.221,14.4,264,16
96.708,14.4,264,16
85.473,14.4,264,16
110.81,14.4,264,16
126.37,14.4,264,16
4.5399,14.4,264,16
3.708,18.3,276,16
210.17,18.3,276,16
164.77,18.3,276,16
25.534,18.3,276,16
13.997,18.3,276,16
169.79,18.3,276,16
64.548,18.3,276,16
45.611,18.3,276,16
42.826,18.3,276,16
150.5,18.3,276,16
143.34,18.3,276,16
55.015,18.3,276,16
13.928,18.3,276,16
24.695,18.3,276,16
66.786,18.3,276,16
104.56,18.2,277,16
188.56,18.2,277,16
149.83,18.2,277,16
79.765,18.2,277,16
80.482,18.2,277,16
210.22,18.2,277,16
19.29,18.2,277,16
74.666,18.2,277,16
81.523,18.2,277,16
83.52,18.2,277,16
96.408,18.2,277,16
180.36,18.2,277,16
100.49,13.8,302,16
32.625,13.8,302,16
19.714,13.8,302,16
22.572,13.8,302,16
51.313,13.8,302,16
168.82,13.8,302,16
94.191,13.8,302,16
51.064,13.8,302,16
65.517,13.8,302,16
58.491,13.8,302,16
51.384,13.8,302,16
48.48,13.8,302,16
192.42,13.9,358,16
161.07,13.9,358,16
14.555,13.9,358,16
97.99,13.9,358,16
219.6,13.9,358,16
142.54,13.9,358,16
30.858,13.9,358,16
10.853,13.9,358,16
14.789,13.9,358,16
86.811,13.9,358,16
120.9,13.9,358,16
187.01,13.9,358,16
61.733,17.2,377,16
182.52,17.2,377,16
40.221,17.2,377,16
70.601,17.2,377,16
41.399,17.2,377,16
107.93,17.2,377,16
117.74,17.2,377,16
98.731,17.2,377,16
126.31,17.2,377,16
203.44,17.2,377,16
181.19,17.2,377,16
216.99,17.2,377,16
124.24,16,378,16
257.12,16,378,16
112.05,16,378,16
25.461,16,378,16
109.5,16,378,16
96.436,16,378,16
58.991,16,378,16
47.761,16,378,16
63.85,16,378,16
192.09,16.8,391,16
12.707,16.8,391,16
15.53,16.8,391,16
237.93,16.8,391,16
92.304,16.8,391,16
83.357,16.8,391,16
18.127,16.8,391,16
118.65,16.8,391,16
24.784,16.8,391,16
36.188,16.8,391,16
53.063,16.8,391,16
72.026,16.8,391,16
1.1696,16.8,391,16
191.25,13.9,412,16
107.04,13.9,412,16
62.103,13.9,412,16
259.45,13.9,412,16
71.431,13.9,412,16
193.13,13.9,412,16
256.99,13.9,412,16
103.92,13.9,412,16
177.68,13.9,412,16
195.33,13.9,412,16
4.8785,13.9,412,16
219.12,14.2,419,16
87.093,14.2,419,16
180.92,14.2,419,16
110.19,14.2,419,16
246.59,14.2,419,16
29.734,14.2,419,16
177.5,14.2,419,16
123.07,14.2,419,16
55.11,14.2,419,16
80.134,14.2,419,16
88.673,14.2,419,16
124.17,14.2,419,16
84.934,15,421,16
42.441,15,421,16
58.803,15,421,16
94.839,15,421,16
60.326,15,421,16
20.974,15,421,16
216.52,15,421,16
116.58,15,421,16
24.257,15,421,16
294.96,15,421,16
58.364,15,421,16
126.34,15,421,16
105.9,15,421,16
27.645,15,421,16
30.499,15,421,16
249.41,14.8,430,16
36.885,14.8,430,16
13.659,14.8,430,16
22.12,14.8,430,16
26.135,14.8,430,16
113.8,14.8,430,16
60.956,14.8,430,16
47.44,14.8,430,16
37.305,14.8,430,16
37.317,14.8,430,16
105.67,14.8,430,16
101.42,20.8,1,24
19.958,20.8,1,24
5.9469,20.8,1,24
65.714,20.8,1,24
153.24,20.8,1,24
292.66,20.8,1,24
43.927,20.8,1,24
180.66,20.8,1,24
226.95,20.8,1,24
36.178,20.8,1,24
297.76,20.8,1,24
159.82,20.8,1,24
37.173,20.8,1,24
57.216,20.8,1,24
54.371,20.8,1,24
240.39,20.8,1,24
101.87,20.8,1,24
20.024,20.8,1,24
108.18,20.8,1,24
103.76,20.8,1,24
24.852,20.8,1,24
160.84,20.8,1,24
42.064,20.8,1,24
174.04,20.8,1,24
30.671,20.8,1,24
43.215,19.7,2,24
81.233,19.7,2,24
91.21,19.7,2,24
70.486,19.7,2,24
51.899,19.7,2,24
159.49,19.7,2,24
101.99,19.7,2,24
11.146,19.7,2,24
42.685,19.7,2,24
95.208,19.7,2,24
83.671,19.7,2,24
105.89,19.7,2,24
127.33,19.7,2,24
119.65,19.7,2,24
164.78,19.7,2,24
42.014,19.7,2,24
112.7,19.7,2,24
32.369,19.7,2,24
118,19.7,2,24
46.006,19.7,2,24
189.91,19.7,2,24
44.911,19.7,2,24
182.14,19.7,2,24
112.69,19.7,2,24
30.717,19.7,2,24
21.207,19.7,2,24
218.89,19.7,2,24
37.327,19.7,2,24
185.45,20.7,3,24
3.7347,20.7,3,24
32.096,20.7,3,24
182.4,20.7,3,24
10.851,20.7,3,24
116.28,20.7,3,24
104.06,20.7,3,24
16.99,20.7,3,24
66.15,20.7,3,24
25.821,20.7,3,24
15.166,20.7,3,24
83.615,20.7,3,24
77.596,20.7,3,24
29.189,20.7,3,24
78.884,20.7,3,24
6.1175,20.7,3,24
55.849,20.7,3,24
3.8586,20.7,3,24
5.8648,20.7,3,24
9.0442,20.7,3,24
82.847,20.7,3,24
101.34,20.7,3,24
125.91,20.7,3,24
54.707,20.7,3,24
20.827,20.7,3,24
134.04,20.7,3,24
11.578,20.7,3,24
140.62,20.7,4,24
161.44,20.7,4,24
48.344,20.7,4,24
16.216,20.7,4,24
19.459,20.7,4,24
125.53,20.7,4,24
101.54,20.7,4,24
223.1,20.7,4,24
153.76,20.7,4,24
0.89681,20.7,4,24
70.71,20.7,4,24
8.9196,20.7,4,24
24.15,20.7,4,24
34.006,20.7,4,24
195.82,20.7,4,24
47.032,20.7,4,24
11.283,20.7,4,24
221.21,20.7,4,24
30.484,20.7,4,24
48.808,20.7,4,24
19.221,20.7,4,24
45.378,20.7,4,24
43.308,20.7,4,24
198.11,20.7,4,24
45.123,20.7,4,24
55.547,20.7,4,24
56.97,20.7,4,24
31.84,20.7,4,24
52.812,20.7,4,24
59.759,27.1,5,24
193.76,27.1,5,24
242.96,27.1,5,24
77,27.1,5,24
223.28,27.1,5,24
85.17,27.1,5,24
188.77,27.1,5,24
178.82,27.1,5,24
30.153,27.1,5,24
214.74,27.1,5,24
191.4,27.1,5,24
105.55,27.1,5,24
230.05,27.1,5,24
86.931,27.1,5,24
169.75,27.1,5,24
82.491,27.1,5,24
169.77,27.1,5,24
210.67,27.1,5,24
256.27,27.1,5,24
145.56,27.1,5,24
26.168,27.1,5,24
153.13,27.1,5,24
185.15,27.1,5,24
40.739,29.1,8,24
171.65,29.1,8,24
12.622,29.1,8,24
92.766,29.1,8,24
228.66,29.1,8,24
21.581,29.1,8,24
109.38,29.1,8,24
117.67,29.1,8,24
8.4946,29.1,8,24
30.29,29.1,8,24
202.23,29.1,8,24
97.304,29.1,8,24
8.7912,29.1,8,24
10.151,29.1,8,24
103.18,29.1,8,24
0.27498,29.1,8,24
16.679,29.1,8,24
123.41,29.1,8,24
33.176,29.1,8,24
3.3525,29.1,8,24
89.42,29.1,8,24
36.366,29.1,8,24
29.243,29.1,8,24
13.46,29.1,8,24
2.5867,29.1,8,24
40.758,29.1,8,24
48.61,29.1,8,24
48.309,29.1,8,24
46.559,29.1,8,24
56.54,27.5,15,24
108.43,27.5,15,24
72.407,27.5,15,24
20.7,27.5,15,24
58.629,27.5,15,24
39.975,27.5,15,24
60.816,27.5,15,24
64.678,27.5,15,24
81.269,27.5,15,24
187.12,27.5,15,24
79.912,27.5,15,24
98.61,27.5,15,24
112.95,27.5,15,24
162.89,27.5,15,24
14.694,27.5,15,24
53.91,27.5,15,24
127.96,27.5,15,24
230.74,27.7,16,24
81.969,27.7,16,24
43.531,27.7,16,24
26.434,27.7,16,24
183.21,27.7,16,24
133.7,27.7,16,24
143.23,27.7,16,24
7.3697,27.7,16,24
183.34,27.7,16,24
82.828,27.7,16,24
207.44,27.7,16,24
98.377,27.7,16,24
36.588,27.7,16,24
116.07,27.7,16,24
84.643,27.7,16,24
77.413,27.7,16,24
281.1,28.4,38,24
44.095,28.4,38,24
106.13,28.4,38,24
157.92,28.4,38,24
130.57,28.4,38,24
50.219,28.4,38,24
178.22,28.4,38,24
210.95,28.4,38,24
107.55,28.4,38,24
177.42,28.4,38,24
204,28.4,38,24
163.2,28.4,38,24
173.03,28.4,38,24
43.246,23.3,64,24
90.956,23.3,64,24
33.865,23.3,64,24
23.009,23.3,64,24
235.32,23.3,64,24
13.463,23.3,64,24
65.388,23.3,64,24
17.532,23.3,64,24
31.908,23.3,64,24
47.177,23.3,64,24
1.6109,23.3,64,24
4.4873,23.3,64,24
169.74,23.1,76,24
35.976,23.1,76,24
66.47,23.1,76,24
73.141,23.1,76,24
162.39,23.1,76,24
39.916,23.1,76,24
22.352,23.1,76,24
12.029,23.1,76,24
9.4247,23.1,76,24
38.722,23.1,76,24
31.936,23.1,76,24
42.459,23.1,76,24
103,23.1,76,24
1090.7,21.5,78,24
413.81,21.5,78,24
13.995,21.5,78,24
16.48,21.5,78,24
106.09,21.5,78,24
206.41,21.5,78,24
127.81,21.5,78,24
159.28,21.5,78,24
149.22,21.5,78,24
58.448,21.5,78,24
65.587,21.5,78,24
14.117,19.9,99,24
112.74,19.9,99,24
29.037,19.9,99,24
34.574,19.9,99,24
54.055,19.9,99,24
49.51,19.9,99,24
107.14,19.9,99,24
85.141,19.9,99,24
186.52,19.9,99,24
148.89,19.9,99,24
50.678,19.9,99,24
0.55203,19.9,99,24
118.49,18.6,100,16
179.6,18.6,100,16
64.703,18.6,100,16
257.61,18.6,100,16
101.46,18.6,100,16
118.87,18.6,100,16
48.263,18.6,100,16
61.532,18.6,100,16
203.27,18.6,100,16
171.09,18.6,100,16
85.451,18.6,100,16
99.432,18.6,100,16
43.113,18.6,101,16
195.1,18.6,101,16
18.992,18.6,101,16
204.46,18.6,101,16
90.241,18.6,101,16
59.332,18.6,101,16
2.562,18.6,101,16
97.206,18.6,101,16
60.108,18.6,101,16
52.254,18.6,101,16
39.418,18.3,102,16
230.58,18.3,102,16
20.433,18.3,102,16
13.071,18.3,102,16
20.752,18.3,102,16
86.253,18.3,102,16
54.763,18.3,102,16
21.832,18.3,102,16
1.966,18.3,102,16
86.854,18.3,102,16
0.91202,18.3,102,16
58.403,18.3,102,16
29.166,18.3,102,16
306.13,18.9,103,16
210.35,18.9,103,16
247.43,18.9,103,16
193.38,18.9,103,16
155.47,18.9,103,16
277.51,18.9,103,16
0.047431,18.9,103,16
96.332,18.9,103,16
62.934,18.9,103,16
175.33,18.9,103,16
3.9332,18.9,103,16
133.96,18.9,103,16
26.744,18.9,103,16
108.36,18,104,16
100.14,18,104,16
308.36,18,104,16
190.17,18,104,16
121.03,18,104,16
198.74,18,104,16
32.472,18,104,16
73.261,18,104,16
8.204,18,104,16
212.67,18,104,16
123.5,18,104,16
4.5292,18,104,16
151.67,18,104,16
13.842,19,105,24
40.796,19,105,24
48.279,19,105,24
45.665,19,105,24
56.583,19,105,24
80.321,19,105,24
194.18,19,105,24
84.793,19,105,24
5.991,19,105,24
68.996,19,105,24
94.394,19,105,24
0.42796,19,105,24
56.955,19,105,24
90.607,19,105,24
57.923,19.3,107,24
10.638,19.3,107,24
83.727,19.3,107,24
78.128,19.3,107,24
78.678,19.3,107,24
7.0393,19.3,107,24
46.431,19.3,107,24
8.6621,19.3,107,24
101.77,19.3,107,24
45.979,19.3,107,24
73.568,19.3,107,24
74.37,19.3,107,24
2.0514,19.3,107,24
298.96,18.7,108,16
221.44,18.7,108,16
39.624,18.7,108,16
26.784,18.7,108,16
137.94,18.7,108,16
297.21,18.7,108,16
179.67,18.7,108,16
61.765,18.7,108,16
261.95,18.7,108,16
248.87,18.7,109,16
1.2204,18.7,109,16
79.304,18.7,109,16
8.126,18.7,109,16
82.585,18.7,109,16
107.64,18.7,109,16
24.45,18.7,109,16
46.4,18.7,109,16
25.9,18.7,109,16
51.376,18.7,109,16
56.109,18.7,109,16
108.27,18.7,109,16
148.51,18.7,109,16
227.08,18.7,109,16
145.54,19.7,110,24
134.59,19.7,110,24
201.41,19.7,110,24
113.62,19.7,110,24
243.52,19.7,110,24
264.61,19.7,110,24
202.7,19.7,110,24
35.553,19.7,110,24
110.36,19.7,110,24
6.0007,19.7,110,24
177.78,19.7,110,24
58.801,19.7,110,24
48.402,18.2,111,16
158.05,18.2,111,16
214.32,18.2,111,16
98.126,18.2,111,16
260.49,18.2,111,16
170.31,18.2,111,16
225.98,18.2,111,16
48.104,19.3,112,24
221.3,19.3,112,24
19.958,19.3,112,24
33.695,19.3,112,24
3.1428,19.3,112,24
22.189,19.3,112,24
45.501,19.3,112,24
7.3048,19.3,112,24
26.768,19.3,112,24
123.93,19.3,112,24
184.89,19.3,112,24
38.622,18.4,113,16
31.26,18.4,113,16
27.563,18.4,113,16
2.0037,18.4,113,16
4.447,18.4,113,16
32.576,18.4,113,16
102.69,18.4,113,16
9.6262,18.4,113,16
64.383,18.4,113,16
64.351,18.4,113,16
23.167,18.4,113,16
154.99,18.4,113,16
228.9,18.2,114,16
99.966,18.2,114,16
393.4,18.2,114,16
194.56,18.2,114,16
26.973,18.2,114,16
192.21,18.2,114,16
96.291,18.2,114,16
327.55,18.2,114,16
127.21,18.2,114,16
76.872,18.5,115,16
66.201,18.5,115,16
50.588,18.5,115,16
1.8121,18.5,115,16
62.458,18.5,115,16
21.557,18.5,115,16
85.516,18.5,115,16
34.698,18.5,115,16
22.432,18.5,115,16
8.5244,18.5,115,16
19.647,18.5,115,16
7.6529,18.5,115,16
39.792,18.5,115,16
5.4071,18.5,115,16
4.7479,18.5,115,16
91.654,18.5,116,16
21.306,18.5,116,16
38.983,18.5,116,16
4.5221,18.5,116,16
40.182,18.5,116,16
31.552,18.5,116,16
109.26,18.5,116,16
174.29,18.5,116,16
39.126,18.5,116,16
2.6124,18.5,116,16
74.566,18.5,116,16
36.006,18.5,116,16
35.855,18.5,116,16
305.28,24.4,122,24
170.77,24.4,122,24
182.96,24.4,122,24
183.83,24.4,122,24
50.923,24.4,122,24
1103.6,24.4,122,24
100.95,24.4,122,24
31.579,24.4,122,24
102.53,24.4,122,24
87.315,24.4,122,24
97.417,24.4,122,24
60.086,25,123,24
10.049,25,123,24
15.564,25,123,24
111.41,25,123,24
15.402,25,123,24
114.12,25,123,24
20.198,25,123,24
92.691,25,123,24
12.868,25,123,24
26.495,25,123,24
62.358,25,123,24
49.182,25,123,24
107.2,28.9,130,24
138.14,28.9,130,24
75.802,28.9,130,24
169.89,28.9,130,24
43.768,28.9,130,24
129.98,28.9,130,24
60.883,28.9,130,24
125.09,28.9,130,24
72.895,28.9,130,24
198.76,28.9,130,24
172.81,28.9,130,24
95.752,28.9,130,24
183.4,28.9,130,24
166.64,28.9,130,24
84.828,28.9,130,24
34.854,28.5,132,24
56.363,28.5,132,24
26.294,28.5,132,24
278.58,28.5,132,24
33.373,28.5,132,24
49.52,28.5,132,24
174.61,28.5,132,24
47.039,28.5,132,24
54.38,28.5,132,24
211.36,27.2,133,24
64.216,27.2,133,24
219.62,27.2,133,24
190.26,27.2,133,24
80.785,27.2,133,24
194.85,27.2,133,24
190.29,27.2,133,24
152.22,27.2,133,24
108.94,27.2,133,24
199.64,27.6,137,24
265.22,27.6,137,24
279.19,27.6,137,24
214.63,27.6,137,24
115.39,27.6,137,24
238.03,27.6,137,24
254.02,27.6,137,24
264.52,27.6,137,24
209.94,27.7,140,24
214.1,27.7,140,24
157.49,27.7,140,24
102.77,27.7,140,24
166.63,27.7,140,24
101.62,27.7,140,24
126.34,27.7,140,24
88.687,27.7,140,24
79.51,27.7,140,24
94.959,27.7,140,24
182.23,19.7,142,24
33.31,19.7,142,24
36.216,19.7,142,24
165.26,19.7,142,24
48.851,19.7,142,24
24.449,19.7,142,24
109.33,19.7,142,24
78.469,19.7,142,24
166.59,19.7,142,24
64.174,19.7,142,24
2.775,19.7,142,24
29.297,19.7,142,24
51.133,19.7,143,24
63.595,19.7,143,24
59.826,19.7,143,24
253.99,19.7,143,24
253.06,19.7,143,24
180.93,19.7,143,24
17.121,19.7,143,24
2.6639,19.7,143,24
37.287,19.7,143,24
73.612,19.7,143,24
18.495,19.7,143,24
190.76,19.7,143,24
26.325,19.7,143,24
59.659,20.5,144,24
161.88,20.5,144,24
107.71,20.5,144,24
363.95,20.5,144,24
146.14,20.5,144,24
1.9831,20.5,144,24
50.086,20.5,144,24
28.453,20.5,144,24
20.82,20.5,144,24
84.145,20.5,144,24
8.3278,20.5,144,24
66.281,20.5,144,24
34.072,20.5,144,24
101.98,19.6,145,24
6.571,19.6,145,24
175.12,19.6,145,24
97.698,19.6,145,24
75.436,19.6,145,24
63.837,19.6,145,24
86.16,19.6,145,24
55.907,19.6,145,24
111.2,19.6,145,24
59.324,19.6,145,24
175.71,19.6,145,24
21.508,19.6,145,24
66.077,19.6,145,24
31.974,20.2,147,24
33.219,20.2,147,24
39.88,20.2,147,24
77.513,20.2,147,24
7.652,20.2,147,24
49.537,20.2,147,24
75.339,20.2,147,24
106.81,20.2,147,24
74.558,20.2,147,24
33.799,20.2,147,24
73.677,20.2,147,24
115.49,20.2,147,24
77.445,20.2,147,24
15.031,20.2,147,24
185.78,28.2,150,24
128.52,28.2,150,24
173.49,28.2,150,24
1095.2,28.2,150,24
11.54,28.2,150,24
137.89,28.2,150,24
186.12,28.2,150,24
315.37,28.2,150,24
127.64,28.2,150,24
55.032,22.8,151,24
29.917,22.8,151,24
57.089,22.8,151,24
1.5854,22.8,151,24
32.014,22.8,151,24
43.494,22.8,151,24
38.398,22.8,151,24
113.05,22.8,151,24
101.54,22.8,151,24
115.79,22.8,151,24
1.5601,22.8,151,24
20.093,22.8,151,24
68.79,21.3,157,24
18.913,21.3,157,24
78.014,21.3,157,24
60.17,21.3,157,24
229.88,21.3,157,24
112.43,21.3,157,24
47.971,21.3,157,24
230.01,21.3,157,24
188.06,21.3,157,24
208.4,21.3,157,24
173.25,20.4,158,24
229.34,20.4,158,24
94.334,20.4,158,24
124.61,20.4,158,24
61.378,20.4,158,24
17.118,20.4,158,24
269.75,21.9,177,24
102.37,21.9,177,24
33.244,21.9,177,24
125.55,21.9,177,24
222.83,21.9,177,24
1.7828,21.9,177,24
69.477,21.9,177,24
70.791,21.9,177,24
51.885,21.9,177,24
98.953,21.9,177,24
91.037,21.9,177,24
39.47,21.9,177,24
168.18,21.9,177,24
106.73,20.6,181,24
16.793,20.6,181,24
170.64,20.6,181,24
173.89,20.6,181,24
55.422,20.6,181,24
110.8,20.6,181,24
191.29,20.6,181,24
54.335,20.6,181,24
66.923,20.6,181,24
103.63,20.6,181,24
181.46,20.3,182,24
8.4951,20.3,182,24
95.674,20.3,182,24
21.257,20.3,182,24
59.93,20.3,182,24
14.567,20.3,182,24
116.09,20.3,182,24
1.7297,20.3,182,24
43.995,20.3,182,24
65.291,20.3,182,24
86.681,20.3,182,24
62.066,20.3,182,24
174.46,20.3,182,24
7.6168,20.3,182,24
293.14,21.8,189,24
262.11,21.8,189,24
15.36,21.8,189,24
90.977,21.8,189,24
54.169,21.8,189,24
35.2,21.8,189,24
41.119,21.8,189,24
34.749,21.8,189,24
27.031,21.8,189,24
36.122,21.8,189,24
23.212,21.8,189,24
81.343,21.8,189,24
117.94,21.8,189,24
212.93,21.2,190,24
178.08,21.2,190,24
125.1,21.2,190,24
198.07,21.2,190,24
167.36,21.2,190,24
50.479,21.2,190,24
95.18,21.2,190,24
79.096,21.2,190,24
149.02,21.2,190,24
28.414,21.2,190,24
1.1816,21.2,190,24
85.414,21.2,190,24
117.11,21.2,190,24
32.686,20,201,24
67.439,20,201,24
10.311,20,201,24
274.7,20,201,24
119.7,20,201,24
172.13,20,201,24
148.72,20,201,24
111.85,22.5,202,24
78.947,22.5,202,24
306.66,22.5,202,24
193.58,22.5,202,24
196.45,22.5,202,24
3.2078,22.5,202,24
110.49,22.5,202,24
168.59,22.5,202,24
198.53,22.5,202,24
9.2597,22.5,202,24
12.56,26,229,24
18.281,26,229,24
28.904,26,229,24
86.775,26,229,24
69.643,26,229,24
92.552,26,229,24
80.764,26,229,24
6.9477,26,229,24
44.743,26,229,24
60.016,26,229,24
32.709,26,229,24
178.26,26,229,24
121.24,25.8,230,24
90.944,25.8,230,24
97.682,25.8,230,24
63.345,25.8,230,24
78.111,25.8,230,24
10.391,25.8,230,24
47.401,25.8,230,24
49.152,25.8,230,24
37.094,25.8,230,24
277.42,21.9,241,24
30.334,21.9,241,24
190.33,21.9,241,24
79.158,21.9,241,24
25.799,21.9,241,24
89.588,21.9,241,24
78.453,21.9,241,24
130.92,21.9,241,24
273.15,21.9,241,24
77.946,21.9,241,24
68.633,21.9,241,24
14.294,21.9,241,24
66.315,21.9,241,24
34.568,19.5,242,24
175.34,19.5,242,24
6.0923,19.5,242,24
50.198,19.5,242,24
179.29,19.5,242,24
88.388,19.5,242,24
20.096,19.5,242,24
43.68,19.5,242,24
73.498,19.5,242,24
10.42,19.5,242,24
96.568,19.5,242,24
301.6,21.1,247,24
201.97,21.1,247,24
26.568,21.1,247,24
292.49,21.1,247,24
210.83,21.1,247,24
97.6,21.1,247,24
80.634,21.1,247,24
188.39,20.7,251,24
35.808,20.7,251,24
70.208,20.7,251,24
36.707,20.7,251,24
124.06,20.7,251,24
27.193,20.7,251,24
167.85,20.7,251,24
64.356,20.7,251,24
56.128,20.7,251,24
71.571,20.7,251,24
49.182,20.7,251,24
53.499,20.7,251,24
126.97,20.7,251,24
13.408,20.7,251,24
44.801,20.7,251,24
203.55,20.3,252,24
155.94,20.3,252,24
34.121,20.3,252,24
155.66,20.3,252,24
49.35,20.3,252,24
14.084,20.3,252,24
5.2802,20.3,252,24
31.687,20.3,252,24
47.582,20.3,252,24
51.16,20.3,252,24
126.81,20.3,252,24
123.82,20.3,252,24
6.7007,20.3,252,24
72.01,20.3,252,24
28.008,25.3,267,24
33.898,25.3,267,24
96.053,25.3,267,24
83.1,25.3,267,24
20.398,25.3,267,24
169.4,25.3,267,24
66.168,25.3,267,24
79.922,25.3,267,24
88.438,25.3,267,24
119.41,25.3,267,24
82.604,25.3,267,24
118.96,25.3,267,24
3.708,18.3,276,16
210.17,18.3,276,16
164.77,18.3,276,16
25.534,18.3,276,16
13.997,18.3,276,16
169.79,18.3,276,16
64.548,18.3,276,16
45.611,18.3,276,16
42.826,18.3,276,16
150.5,18.3,276,16
143.34,18.3,276,16
55.015,18.3,276,16
13.928,18.3,276,16
24.695,18.3,276,16
66.786,18.3,276,16
104.56,18.2,277,16
188.56,18.2,277,16
149.83,18.2,277,16
79.765,18.2,277,16
80.482,18.2,277,16
210.22,18.2,277,16
19.29,18.2,277,16
74.666,18.2,277,16
81.523,18.2,277,16
83.52,18.2,277,16
96.408,18.2,277,16
180.36,18.2,277,16
318.78,22.2,287,24
25.174,22.2,287,24
179.67,22.2,287,24
55.622,22.2,287,24
206.1,22.2,287,24
110.03,22.2,287,24
11.625,22.2,287,24
72.756,22.2,287,24
170.5,22.2,287,24
222.37,22.2,287,24
162.21,23.5,292,24
179.41,23.5,292,24
102.28,23.5,292,24
66.777,23.5,292,24
306.73,23.5,292,24
39.481,23.5,292,24
3.4294,23.5,292,24
203.96,23.5,292,24
85.442,23.5,292,24
42.563,19.9,299,24
210.78,19.9,299,24
42.975,19.9,299,24
48.273,19.9,299,24
86.447,19.9,299,24
33.868,19.9,299,24
112.46,19.9,299,24
173.85,19.9,299,24
11.586,19.9,299,24
78.519,19.9,299,24
65.769,20.2,300,24
85.876,20.2,300,24
83.708,20.2,300,24
21.09,20.2,300,24
23.903,20.2,300,24
50.216,20.2,300,24
101.33,20.2,300,24
13.652,20.2,300,24
42.09,20.2,300,24
47.556,20.2,300,24
24.424,20.2,300,24
86.056,20.2,300,24
37.159,20.2,300,24
5.8535,20.2,300,24
21.064,20.2,300,24
38.324,24,305,24
230.93,24,305,24
12.967,24,305,24
60.112,24,305,24
6.2263,24,305,24
65.845,24,305,24
162.32,24,305,24
44.494,24,305,24
90.743,24,305,24
115.76,24,305,24
240.84,24,305,24
63.932,20.2,306,24
9.7267,20.2,306,24
52.13,20.2,306,24
98.536,20.2,306,24
59.32,20.2,306,24
60.406,20.2,306,24
42.534,20.2,306,24
56.034,20.2,306,24
102.15,20.2,306,24
110.72,20.2,306,24
30.494,20.2,306,24
43.581,20.2,306,24
110.31,20.2,306,24
44.571,20.2,306,24
18.22,28,312,24
410.44,28,312,24
293.04,28,312,24
33.384,28,312,24
96.523,28,312,24
275.07,28,312,24
43.016,28,312,24
44.975,28,312,24
183.79,28,312,24
60.617,28,312,24
56.044,28,312,24
183.21,25.2,317,24
118.41,25.2,317,24
30.591,25.2,317,24
60.268,25.2,317,24
5.7986,25.2,317,24
77.51,25.2,317,24
2.2047,25.2,317,24
15.617,25.2,317,24
85.162,25.2,317,24
100.51,25.2,317,24
30.498,25.2,317,24
10.811,25.2,317,24
6.6407,25.2,317,24
34.553,25.2,317,24
295.74,21.4,338,24
206.03,21.4,338,24
26.239,21.4,338,24
119.1,21.4,338,24
77.523,21.4,338,24
141.97,21.4,338,24
261.54,21.4,338,24
151.06,21.4,338,24
13.318,19.3,339,24
71.579,19.3,339,24
69.674,19.3,339,24
113.71,19.3,339,24
55.989,19.3,339,24
29.131,19.3,339,24
53.659,19.3,339,24
69.828,19.3,339,24
37.798,19.3,339,24
111.02,19.3,339,24
61.909,19.3,339,24
148.33,19.3,339,24
193.64,19.7,340,24
49.237,19.7,340,24
20.781,19.7,340,24
22.904,19.7,340,24
18.454,19.7,340,24
2.4825,19.7,340,24
84.962,19.7,340,24
76.083,19.7,340,24
79.381,19.7,340,24
70.996,22.6,343,24
20.303,22.6,343,24
68.096,22.6,343,24
54.864,22.6,343,24
63.329,22.6,343,24
98.758,22.6,343,24
62.795,22.6,343,24
8.9053,22.6,343,24
102.99,22.6,343,24
28.643,22.6,343,24
12.321,22.6,343,24
319.02,29.4,351,24
69.933,29.4,351,24
34.266,29.4,351,24
169.09,29.4,351,24
65.923,29.4,351,24
341.7,29.4,351,24
220.79,29.4,351,24
334.43,25.6,359,24
377.9,25.6,359,24
155.71,25.6,359,24
83.237,25.6,359,24
34.069,25.6,359,24
125.15,25.6,359,24
106.63,25.6,359,24
202.06,25.6,359,24
283.69,25.6,359,24
163.69,25.6,359,24
122.76,25.6,360,24
80.534,25.6,360,24
112.18,25.6,360,24
187.5,25.6,360,24
109.86,25.6,360,24
32.486,25.6,360,24
207.18,25.6,360,24
26.601,25.6,360,24
153.55,25.6,360,24
121,25.6,360,24
80.295,25.6,360,24
126.1,25.6,360,24
242.12,20.8,368,24
18.579,20.8,368,24
204.24,20.8,368,24
17.084,20.8,368,24
234.36,20.8,368,24
215.12,20.8,368,24
86.14,20.8,368,24
304.54,20.8,368,24
85.95,20.8,368,24
104.16,26.2,382,24
228.23,26.2,382,24
41.515,26.2,382,24
41.555,26.2,382,24
33.603,26.2,382,24
112,26.2,382,24
86.273,26.2,382,24
10.818,26.2,382,24
0.04536,26.2,382,24
31.623,26.2,382,24
243.02,26.2,382,24
50.466,26.2,382,24
50.215,26.2,382,24
28.468,27.9,389,24
88.939,27.9,389,24
92.023,27.9,389,24
85.695,27.9,389,24
200.28,27.9,389,24
25.259,27.9,389,24
118.69,27.9,389,24
44.874,27.9,389,24
101.04,27.9,389,24
54.241,27.9,389,24
4.7194,27.9,389,24
108.77,27.9,389,24
91.488,27.9,389,24
153.07,28.8,394,24
18.68,28.8,394,24
198.43,28.8,394,24
105.62,28.8,394,24
78.702,28.8,394,24
123.25,28.8,394,24
53.716,28.8,394,24
24.768,28.8,394,24
105.37,28.8,394,24
6.1429,28.8,394,24
56.188,28.8,394,24
12.645,28.8,394,24
32.31,28.8,394,24
30.972,28.8,394,24
55.98,28.5,395,24
47.224,28.5,395,24
182.49,28.5,395,24
62.631,28.5,395,24
159.36,28.5,395,24
143.62,28.5,395,24
53.579,28.5,395,24
24.437,22.5,402,24
84.404,22.5,402,24
16.688,22.5,402,24
23.528,22.5,402,24
191.74,22.5,402,24
37.278,22.5,402,24
66.315,22.5,402,24
31.058,22.5,402,24
32.235,22.5,402,24
73.723,22.5,402,24
16.101,22.5,402,24
82.889,22.5,402,24
15.139,22.5,402,24
51.408,28.8,409,24
54.132,28.8,409,24
32.047,28.8,409,24
101.64,28.8,409,24
16.25,28.8,409,24
9.5374,28.8,409,24
50.206,28.8,409,24
47.772,28.8,409,24
116.99,28.8,409,24
17.841,28.8,409,24
13.404,28.8,409,24
35.317,28.8,409,24
46.25,28.8,409,24
74.555,27.5,416,24
125.16,27.5,416,24
36.714,27.5,416,24
2.6781,27.5,416,24
171.55,27.5,416,24
17.614,27.5,416,24
521.5,27.5,416,24
167.08,27.5,416,24
100.46,27.5,416,24
0.22856,27.5,416,24
18.927,27.5,416,24
49.988,21.3,417,24
28.401,21.3,417,24
58.871,21.3,417,24
14.548,21.3,417,24
148.12,21.3,417,24
100.78,21.3,417,24
1.579,21.3,417,24
31.108,21.3,417,24
33.921,21.3,417,24
51.402,21.3,417,24
67.994,21.3,417,24
36.964,21.3,417,24
37.194,19.5,418,24
38.822,19.5,418,24
43.295,19.5,418,24
10.302,19.5,418,24
1.6913,19.5,418,24
35.608,19.5,418,24
13.381,19.5,418,24
68.746,19.5,418,24
85.757,19.5,418,24
15.308,19.5,418,24
1.0325,19.5,418,24
33.245,19.5,418,24
18.99,19.5,418,24
87.587,29.5,432,24
109.91,29.5,432,24
120.64,29.5,432,24
222.46,29.5,432,24
183.49,29.5,432,24
106.63,29.5,432,24
98.774,29.5,432,24
15.056,29.5,432,24
96.643,29.5,432,24
53.211,29.5,432,24
56.021,29.5,432,24
100,29.5,432,24
126.28,29.6,433,24
312.17,29.6,433,24
98.603,29.6,433,24
96.386,29.6,433,24
188.53,29.6,433,24
152.07,29.6,433,24
56.716,29.6,433,24
120.72,29.6,433,24
188.6,29.6,433,24
173.71,29.6,433,24
1.2674,29.5,434,24
91.553,29.5,434,24
26.286,29.5,434,24
85.148,29.5,434,24
91.19,29.5,434,24
123.74,29.5,434,24
124.82,29.5,434,24
24.376,29.5,434,24
106.66,29.5,434,24
40.291,29.5,434,24
115.39,29.5,434,24
45.995,29.5,434,24
60.875,29.5,434,24
29.613,29.5,434,24
38.365,27.5,435,24
72.02,27.5,435,24
151.81,27.5,435,24
62.788,27.5,435,24
107.23,27.5,435,24
164.22,27.5,435,24
124.86,27.5,435,24
58.797,27.5,435,24
49.041,27.5,435,24
26.527,27.5,435,24
223.8,27.5,435,24
100.2,27.5,435,24
38.523,27.5,435,24
331.74,29.4,438,24
5.0903,29.4,438,24
77.06,29.4,438,24
137.85,29.4,438,24
3.7283,29.4,438,24
475.73,29.4,438,24
97.966,29.4,438,24
24.322,29.4,438,24
56.833,29.4,438,24
185.78,29.4,438,24
96.942,29.4,438,24
177.26,29.4,438,24
192,29.4,438,24
43.463,26.9,448,24
34.378,26.9,448,24
16.833,26.9,448,24
26.354,26.9,448,24
36.949,26.9,448,24
55.605,26.9,448,24
2.2991,26.9,448,24
85.076,26.9,448,24
109.22,26.9,448,24
106.89,26.9,448,24
13.147,26.9,448,24
70.866,26.9,448,24
90.432,26.9,448,24
40.739,29.1,8,24
171.65,29.1,8,24
12.622,29.1,8,24
92.766,29.1,8,24
228.66,29.1,8,24
21.581,29.1,8,24
109.38,29.1,8,24
117.67,29.1,8,24
8.4946,29.1,8,24
30.29,29.1,8,24
202.23,29.1,8,24
97.304,29.1,8,24
8.7912,29.1,8,24
10.151,29.1,8,24
103.18,29.1,8,24
0.27498,29.1,8,24
16.679,29.1,8,24
123.41,29.1,8,24
33.176,29.1,8,24
3.3525,29.1,8,24
89.42,29.1,8,24
36.366,29.1,8,24
29.243,29.1,8,24
13.46,29.1,8,24
2.5867,29.1,8,24
40.758,29.1,8,24
48.61,29.1,8,24
48.309,29.1,8,24
46.559,29.1,8,24
147.59,49.7,13,35
216.35,49.7,13,35
67.866,49.7,13,35
261.66,49.7,13,35
11.327,49.7,13,35
182.78,49.7,13,35
44.735,49.7,13,35
107.39,49.7,13,35
112.77,49.7,13,35
179.65,49.7,13,35
25.407,49.7,13,35
79.239,49.7,13,35
152.61,49.7,13,35
21.783,49.7,13,35
82.78,49.7,13,35
55.865,43,21,35
2.6575,43,21,35
122.98,43,21,35
55.22,43,21,35
110.81,43,21,35
8.5731,43,21,35
127.25,43,21,35
16.19,43,21,35
52.729,43,21,35
0.97863,43,21,35
56.654,43,21,35
100.83,43,21,35
14.583,43,21,35
13.922,43,21,35
13.845,43,21,35
46.419,43,21,35
7.9904,43,21,35
73.299,43,21,35
44.517,43,21,35
23.907,43,21,35
106.7,38.9,22,35
6.6071,38.9,22,35
21.872,38.9,22,35
15.306,38.9,22,35
2.6357,38.9,22,35
6.2132,38.9,22,35
118.2,38.9,22,35
103.36,38.9,22,35
6.2336,38.9,22,35
14.617,38.9,22,35
60.439,38.9,22,35
45.74,38.9,22,35
11.039,38.9,22,35
5.0701,38.9,22,35
111.03,38.9,22,35
42.133,38.9,22,35
13.07,38.9,22,35
47.383,38.9,22,35
37.953,38.9,22,35
71.443,38.9,22,35
42.714,38,31,35
78.145,38,31,35
59.715,38,31,35
35.094,38,31,35
12.28,38,31,35
68.381,38,31,35
116.61,38,31,35
89.225,38,31,35
13.903,38,31,35
179.58,38,31,35
3.8351,38,31,35
41.535,38,31,35
22.362,38,31,35
61.695,56.1,36,35
62.16,56.1,36,35
17.018,56.1,36,35
47.704,56.1,36,35
72.515,56.1,36,35
180.47,56.1,36,35
23.658,56.1,36,35
112.62,56.1,36,35
56,56.1,36,35
169.3,56.1,36,35
21.904,56.1,36,35
57.774,56.1,36,35
97.056,56.1,36,35
60.348,30.2,55,35
210.01,30.2,55,35
81.037,30.2,55,35
92.224,30.2,55,35
134.68,30.2,55,35
58.887,30.2,55,35
40.775,30.2,55,35
12.71,30.2,55,35
49.422,30.2,55,35
28.853,30.2,55,35
38.37,30.2,55,35
77.14,30.2,55,35
44.813,30.2,55,35
17.651,30.2,55,35
19.907,30.2,55,35
106.98,42.5,73,35
161.59,42.5,73,35
88.989,42.5,73,35
185.06,42.5,73,35
121.84,42.5,73,35
58.491,42.5,73,35
188.02,42.5,73,35
26.872,42.5,73,35
109.59,42.5,73,35
79.268,42.5,73,35
277.52,42.5,73,35
138,41.6,90,35
122.03,41.6,90,35
40.167,41.6,90,35
131.88,41.6,90,35
106,41.6,90,35
25.019,41.6,90,35
81.682,41.6,90,35
86.549,41.6,90,35
30.376,42.3,91,35
0.40656,42.3,91,35
34.775,42.3,91,35
33.059,42.3,91,35
62.635,42.3,91,35
87.556,42.3,91,35
67.987,42.3,91,35
30.372,42.3,91,35
44.05,42.3,91,35
24.679,42.3,91,35
61.14,42.3,91,35
1.5188,42.3,91,35
84.152,42.3,91,35
11.957,42.3,91,35
57.813,42.3,91,35
46.999,80.4,117,35
68.043,80.4,117,35
176.61,80.4,117,35
15.211,80.4,117,35
76.692,80.4,117,35
77,80.4,117,35
61.427,80.4,117,35
116.04,80.4,117,35
21.417,80.4,117,35
196.61,80.4,117,35
179.43,80.4,117,35
300.04,36.6,119,35
94.819,36.6,119,35
9.2468,36.6,119,35
110.96,36.6,119,35
128.24,36.6,119,35
27.964,36.6,119,35
54.903,36.6,119,35
76.136,36.6,119,35
158.54,36.6,119,35
12.559,36.6,119,35
212.52,36,120,35
357.33,36,120,35
27.053,36,120,35
102.63,36,120,35
97.259,36,120,35
190.73,36,120,35
26.078,36,120,35
17.02,36,120,35
32.692,36,120,35
226.29,36,120,35
166.37,36,120,35
187.79,36,120,35
74.192,36,120,35
37.763,31.7,121,35
47.73,31.7,121,35
25.063,31.7,121,35
57.464,31.7,121,35
99.714,31.7,121,35
30.138,31.7,121,35
99.714,31.7,121,35
20.799,31.7,121,35
68.805,31.7,121,35
7.728,31.7,121,35
20.03,31.7,121,35
30.733,31.7,121,35
85.1,56.7,124,35
183.24,56.7,124,35
176.32,56.7,124,35
36.899,56.7,124,35
49.197,56.7,124,35
118.88,56.7,124,35
54.484,56.7,124,35
92.695,56.7,124,35
77.424,56.7,124,35
125.73,56.7,124,35
91.551,56.7,124,35
138.78,56.7,124,35
137.72,56.7,124,35
8.4573,56.7,124,35
179.8,57.5,125,35
35.203,57.5,125,35
104.97,57.5,125,35
37.888,57.5,125,35
83.652,57.5,125,35
9.6346,57.5,125,35
4.126,57.5,125,35
47.843,57.5,125,35
38.006,57.5,125,35
43.812,57.5,125,35
161.44,57.5,125,35
80.69,57.5,125,35
119.19,57.5,125,35
153.94,57.5,125,35
184.29,44.5,129,35
126.6,44.5,129,35
254.55,44.5,129,35
169.51,44.5,129,35
177.81,44.5,129,35
51.122,44.5,129,35
73.165,44.5,129,35
93.731,44.5,129,35
122.78,44.5,129,35
46.793,44.5,129,35
78.769,44.5,129,35
7.1112,57.5,131,35
30.803,57.5,131,35
77.788,57.5,131,35
177.41,57.5,131,35
31.684,57.5,131,35
34.931,57.5,131,35
12.122,57.5,131,35
77.944,57.5,131,35
60.429,57.5,131,35
16.589,57.5,131,35
29.859,57.5,131,35
4.2844,57.5,131,35
26.152,57.5,131,35
59.72,57.5,131,35
197.74,32.5,136,35
284.89,32.5,136,35
108.19,32.5,136,35
233.53,32.5,136,35
319.68,32.5,136,35
220.04,32.5,136,35
126.54,32.5,136,35
261.32,32.5,136,35
267.12,32.5,136,35
178.65,32.5,136,35
208.91,31.5,138,35
87.408,31.5,138,35
13.711,31.5,138,35
70.58,31.5,138,35
11.743,31.5,138,35
46.234,31.5,138,35
59.581,31.5,138,35
82.673,31.5,138,35
53.822,31.5,138,35
169.19,31.5,138,35
77.935,31.5,138,35
206.11,31.5,138,35
47.676,31.5,138,35
117.47,52.6,141,35
117.24,52.6,141,35
208.7,52.6,141,35
115.24,52.6,141,35
258.07,52.6,141,35
172.62,52.6,141,35
67.323,52.6,141,35
120.83,52.6,141,35
156.59,52.6,141,35
159.44,52.6,141,35
52.4,54.1,146,35
34.097,54.1,146,35
48.376,54.1,146,35
31.236,54.1,146,35
83.699,54.1,146,35
108.76,54.1,146,35
58.763,54.1,146,35
60.06,54.1,146,35
83.286,54.1,146,35
71.447,54.1,146,35
33.026,54.1,146,35
108.38,45.3,149,35
13.432,45.3,149,35
41.053,45.3,149,35
79.824,45.3,149,35
138.67,45.3,149,35
35.387,45.3,149,35
30.524,45.3,149,35
37.409,45.3,149,35
183.09,45.3,149,35
67.858,45.3,149,35
53.773,45.3,149,35
103.16,45.3,149,35
28.259,45.3,149,35
70.839,30.1,159,35
70.529,30.1,159,35
25.344,30.1,159,35
169.27,30.1,159,35
55.032,30.1,159,35
35.578,30.1,159,35
189.07,30.1,159,35
43.272,30.1,159,35
188.04,30.1,159,35
1.9402,30.1,159,35
199.69,30.1,159,35
211.26,30.1,159,35
71.645,30.1,159,35
313.26,37.8,162,35
48.581,37.8,162,35
95.399,37.8,162,35
55.198,37.8,162,35
241.09,37.8,162,35
32.076,37.8,162,35
97.741,37.8,162,35
120.94,37.8,162,35
68.47,37.8,162,35
157.95,37.8,162,35
89.073,43.6,166,35
102.14,43.6,166,35
163.1,43.6,166,35
39.025,43.6,166,35
29.425,43.6,166,35
35.354,43.6,166,35
77.181,43.6,166,35
93.096,43.6,166,35
161.28,43.6,166,35
205.57,43.6,166,35
176.06,43.6,166,35
33.481,43.6,166,35
27.95,43.6,166,35
5.0631,33.3,173,35
22.693,33.3,173,35
23.975,33.3,173,35
258.57,33.3,173,35
74.419,33.3,173,35
4.7009,33.3,173,35
21.575,33.3,173,35
54.202,33.3,173,35
111.72,33.3,173,35
91.73,33.3,173,35
120.81,35.1,174,35
219.59,35.1,174,35
49.855,35.1,174,35
227.19,35.1,174,35
59.378,35.1,174,35
15.603,35.1,174,35
17.898,35.1,174,35
86.475,35.1,174,35
168.03,35.1,174,35
85.715,35.1,174,35
2.7634,35.1,174,35
67.314,35.1,174,35
32.669,36.4,175,35
76.46,36.4,175,35
185.04,36.4,175,35
37.241,36.4,175,35
55.546,36.4,175,35
22.417,36.4,175,35
42.735,36.4,175,35
169.68,36.4,175,35
1.3363,36.4,175,35
82.884,36.4,175,35
152.93,36.4,175,35
26.118,36.4,175,35
25.19,32.5,183,35
3.1281,32.5,183,35
11.375,32.5,183,35
6.1078,32.5,183,35
102.07,32.5,183,35
148.16,32.5,183,35
32.175,32.5,183,35
82.303,32.5,183,35
267.65,32.5,183,35
251.01,32.5,183,35
199.41,33.1,184,35
196.72,33.1,184,35
287.94,33.1,184,35
237.12,33.1,184,35
222.89,33.1,184,35
84.038,33.1,184,35
196.26,33.1,184,35
156.97,33.1,184,35
161.73,33.1,184,35
155.02,33.1,184,35
127.07,33.1,184,35
64.668,33.1,184,35
170.21,30.4,188,35
61.05,30.4,188,35
182.06,30.4,188,35
40.792,30.4,188,35
30.526,30.4,188,35
32.354,30.4,188,35
105.34,30.4,188,35
82.143,30.4,188,35
8.4143,30.4,188,35
86.11,30.4,188,35
257.88,51.2,198,35
159.74,51.2,198,35
308.04,51.2,198,35
165.71,51.2,198,35
103.92,51.2,198,35
283.28,51.2,198,35
238.67,51.2,198,35
92.595,51.2,198,35
2.8432,51.2,198,35
178.15,51.2,198,35
80.63,51.2,198,35
85.95,54.7,249,35
170.26,54.7,249,35
52.448,54.7,249,35
433.27,54.7,249,35
70.244,54.7,249,35
132.22,54.7,249,35
74.599,54.7,249,35
152.9,54.7,249,35
110.02,54.7,249,35
212.77,54.7,249,35
188.24,47.7,255,35
216.35,47.7,255,35
14.816,47.7,255,35
173.69,47.7,255,35
75.696,47.7,255,35
45.097,47.7,255,35
45.538,47.7,255,35
80.923,47.7,255,35
246.18,51.8,262,35
126.33,51.8,262,35
194.21,51.8,262,35
23.818,51.8,262,35
91.765,51.8,262,35
239.76,51.8,262,35
12.479,51.8,262,35
43.592,51.8,262,35
172.09,51.8,262,35
15.418,51.8,262,35
24.334,51.8,262,35
98.243,51.8,262,35
292.68,35.2,279,35
187.43,35.2,279,35
286.94,35.2,279,35
64.998,35.2,279,35
13.858,35.2,279,35
73.921,35.2,279,35
7.2379,35.2,279,35
288.07,35.2,279,35
34.253,35.2,279,35
6.4282,35.2,279,35
52.935,35.2,279,35
30.244,35.2,279,35
218.6,92.4,307,35
9.9156,92.4,307,35
36.503,92.4,307,35
109,92.4,307,35
47.911,92.4,307,35
100.21,92.4,307,35
39.713,92.4,307,35
9.8402,92.4,307,35
1.4949,92.4,307,35
30.709,92.4,307,35
70.134,92.4,307,35
191.6,92.4,307,35
89.059,92.4,307,35
187.97,63.7,314,35
200.33,63.7,314,35
99.497,63.7,314,35
78.456,63.7,314,35
88.076,63.7,314,35
163.35,63.7,314,35
291.51,63.7,314,35
227.63,63.7,314,35
40.903,63.7,314,35
63.663,63.7,314,35
67.689,63.7,314,35
26.159,63.7,314,35
99.494,63.7,314,35
115.42,63.7,314,35
121.83,59.6,333,35
114.79,59.6,333,35
258.59,59.6,333,35
118.16,59.6,333,35
107.71,59.6,333,35
51.71,59.6,333,35
163.1,59.6,333,35
197.49,59.6,333,35
3.7165,59.6,333,35
13.852,59.6,333,35
62.804,59.6,333,35
24.774,59.6,333,35
93.846,59.6,333,35
9.9109,59.6,333,35
210.42,36.5,345,35
213.74,36.5,345,35
302.61,36.5,345,35
200.18,36.5,345,35
61.656,36.5,345,35
6.8519,36.5,345,35
25.828,36.5,345,35
3.6513,36.5,345,35
215.67,60.9,349,35
111.9,60.9,349,35
95.989,60.9,349,35
31.771,60.9,349,35
8.4473,60.9,349,35
95.01,60.9,349,35
46.568,60.9,349,35
10.345,60.9,349,35
128.06,60.9,349,35
42.356,60.9,349,35
24.877,60.9,349,35
24.035,60.9,349,35
60.643,60.9,349,35
55.628,60.9,349,35
319.02,29.4,351,24
69.933,29.4,351,24
34.266,29.4,351,24
169.09,29.4,351,24
65.923,29.4,351,24
341.7,29.4,351,24
220.79,29.4,351,24
166.05,33.5,353,35
102.9,33.5,353,35
93.783,33.5,353,35
108.58,33.5,353,35
196.72,33.5,353,35
175.46,33.5,353,35
230.51,33.5,353,35
71.919,33.5,353,35
144,33.5,353,35
193.87,33.5,353,35
148.94,33.5,353,35
126.99,33.5,353,35
37.794,65.9,354,35
176.78,65.9,354,35
48.574,65.9,354,35
90.811,65.9,354,35
7.2014,65.9,354,35
177.65,65.9,354,35
165.53,65.9,354,35
226.24,30.3,393,35
51.99,30.3,393,35
95.4,30.3,393,35
11.618,30.3,393,35
88.749,30.3,393,35
12.909,30.3,393,35
35.308,30.3,393,35
171.65,30.3,393,35
24.945,30.3,393,35
107.15,30.3,393,35
50.93,30.3,393,35
48.97,30.3,393,35
27.324,30.3,393,35
0.92751,30.3,393,35
197.86,40.2,403,35
12.804,40.2,403,35
28.829,40.2,403,35
108.34,40.2,403,35
8.2414,40.2,403,35
13.444,40.2,403,35
15.529,40.2,403,35
59.547,40.2,403,35
47.764,40.2,403,35
63.858,40.2,403,35
69.959,40.2,403,35
103.06,40.2,403,35
79.3,40.2,403,35
18.976,40.2,403,35
184.88,40,404,35
199.09,40,404,35
5.4582,40,404,35
110.72,40,404,35
63.66,40,404,35
124.05,40,404,35
177.74,40,404,35
60.3,40,404,35
87.329,40,404,35
69.213,40,404,35
58.017,40,404,35
162.35,76.3,407,35
73.942,76.3,407,35
24.153,76.3,407,35
29.897,76.3,407,35
31.244,76.3,407,35
41.416,76.3,407,35
102.83,76.3,407,35
99.657,76.3,407,35
73.193,76.3,407,35
18.705,76.3,407,35
39.32,76.3,407,35
110.3,76.3,407,35
36.408,64.3,408,35
3.865,64.3,408,35
109.38,64.3,408,35
86.141,64.3,408,35
64.007,64.3,408,35
8.2118,64.3,408,35
17.322,64.3,408,35
101.03,64.3,408,35
61.921,64.3,408,35
14.263,64.3,408,35
175.69,64.3,408,35
189.78,51,411,35
54.005,51,411,35
122.99,51,411,35
17.431,51,411,35
209.68,51,411,35
102.16,51,411,35
196.71,51,411,35
75.233,51,411,35
82.54,51,411,35
58.265,51,411,35
74.632,51,411,35
213.57,51,411,35
71.872,36.3,413,35
172.59,36.3,413,35
0.83087,36.3,413,35
28.514,36.3,413,35
16.97,36.3,413,35
191.36,36.3,413,35
137.16,36.3,413,35
5.3613,36.3,413,35
40.237,36.3,413,35
119.13,36.3,413,35
8.982,36.3,413,35
32.101,36.3,413,35
2.7255,51.5,414,35
21.54,51.5,414,35
44.862,51.5,414,35
68.653,51.5,414,35
17.144,51.5,414,35
0.90814,51.5,414,35
4.1805,51.5,414,35
48.118,51.5,414,35
44.979,51.5,414,35
65.726,51.5,414,35
27.613,51.5,414,35
0.037604,51.5,414,35
15.67,51.5,414,35
102.04,51.5,414,35
112.98,51.5,414,35
26.638,51.4,420,35
71.873,51.4,420,35
90.94,51.4,420,35
60.159,51.4,420,35
24.086,51.4,420,35
92.029,51.4,420,35
169.79,51.4,420,35
29.531,51.4,420,35
26.1,51.4,420,35
37.489,51.4,420,35
76.314,51.4,420,35
14.347,51.4,420,35
31.447,51.4,420,35
24.856,51.4,420,35
57.661,51.4,420,35
175.92,33.9,422,35
90.199,33.9,422,35
117.62,33.9,422,35
24.185,33.9,422,35
112.41,33.9,422,35
5.293,33.9,422,35
232.06,33.9,422,35
87.587,29.5,432,24
109.91,29.5,432,24
120.64,29.5,432,24
222.46,29.5,432,24
183.49,29.5,432,24
106.63,29.5,432,24
98.774,29.5,432,24
15.056,29.5,432,24
96.643,29.5,432,24
53.211,29.5,432,24
56.021,29.5,432,24
100,29.5,432,24
126.28,29.6,433,24
312.17,29.6,433,24
98.603,29.6,433,24
96.386,29.6,433,24
188.53,29.6,433,24
152.07,29.6,433,24
56.716,29.6,433,24
120.72,29.6,433,24
188.6,29.6,433,24
173.71,29.6,433,24
1.2674,29.5,434,24
91.553,29.5,434,24
26.286,29.5,434,24
85.148,29.5,434,24
91.19,29.5,434,24
123.74,29.5,434,24
124.82,29.5,434,24
24.376,29.5,434,24
106.66,29.5,434,24
40.291,29.5,434,24
115.39,29.5,434,24
45.995,29.5,434,24
60.875,29.5,434,24
29.613,29.5,434,24
142.56,40.8,437,35
119.33,40.8,437,35
67.1,40.8,437,35
100.5,40.8,437,35
113.77,40.8,437,35
80.061,40.8,437,35
192.24,40.8,437,35
49.579,40.8,437,35
91.645,40.8,437,35
33.396,40.8,437,35
38.388,40.8,437,35
115.13,40.8,437,35
331.74,29.4,438,24
5.0903,29.4,438,24
77.06,29.4,438,24
137.85,29.4,438,24
3.7283,29.4,438,24
475.73,29.4,438,24
97.966,29.4,438,24
24.322,29.4,438,24
56.833,29.4,438,24
185.78,29.4,438,24
96.942,29.4,438,24
177.26,29.4,438,24
192,29.4,438,24
159.16,51.3,442,35
64.115,51.3,442,35
175.67,51.3,442,35
219.78,51.3,442,35
19.889,51.3,442,35
49.656,51.3,442,35
67.95,51.3,442,35
107.68,51.3,442,35
182.95,51.3,442,35
166.34,51.3,442,35
305.25,51.3,442,35
113.03,51.3,442,35
194.21,51.3,442,35
34.044,46.7,443,35
77.141,46.7,443,35
26.056,46.7,443,35
36.555,46.7,443,35
80.184,46.7,443,35
17.781,46.7,443,35
52.039,46.7,443,35
44.483,46.7,443,35
31.182,46.7,443,35
41.008,46.7,443,35
60.663,46.7,443,35
17.071,46.7,443,35
47.54,45.1,445,35
93.336,45.1,445,35
94.641,45.1,445,35
151.78,45.1,445,35
103.87,45.1,445,35
248.04,45.1,445,35
16.134,45.1,445,35
38.28,45.1,445,35
145.49,45.1,445,35
20.569,45.1,445,35
115.64,45.1,445,35
26.483,30.4,447,35
111.17,30.4,447,35
193.41,30.4,447,35
173.6,30.4,447,35
128.1,30.4,447,35
48.791,30.4,447,35
36.738,30.4,447,35
180.91,30.4,447,35
169.24,30.4,447,35
176.6,30.4,447,35
