22.188,6.6,49,6
41.275,6.6,49,6
20.221,6.6,49,6
48.64,6.6,49,6
11.839,6.6,49,6
31.719,6.6,49,6
79.15,6.6,49,6
16.263,6.6,49,6
25.946,6.6,49,6
2.3011,5.3,52,6
23.244,5.3,52,6
148.23,5.3,52,6
123.24,5.3,52,6
30.99,5.3,52,6
26.574,5.3,52,6
277.19,5.3,52,6
205.15,5.3,52,6
176.69,6,80,6
74.335,6,80,6
86.503,6,80,6
207.12,6,80,6
28.835,6,80,6
134.01,6,80,6
62.62,6.8,81,6
179.77,6.8,81,6
59.558,6.8,81,6
1089.2,6.8,81,6
109.71,6.8,81,6
334.8,6.8,81,6
210.14,6.8,81,6
97.045,6.8,81,6
116.18,6.8,81,6
178.55,6.8,81,6
162.51,6.8,81,6
352.49,6.4,92,6
161.19,6.4,92,6
167.14,6.4,92,6
273.35,6.4,92,6
205,6.4,92,6
467.37,6.4,92,6
100.42,6.4,92,6
95.752,6.4,92,6
146.31,6.4,92,6
90.139,6.4,92,6
222.31,6.4,92,6
258.55,6.4,92,6
407.77,6.9,94,6
171.86,6.9,94,6
104.11,6.9,94,6
163.93,6.9,94,6
239.35,6.9,94,6
208.01,6.9,94,6
200.96,6.5,126,6
58.094,6.5,126,6
167.38,6.5,126,6
276.94,6.5,126,6
37.127,6.5,126,6
72.044,6.5,126,6
211.42,6.5,126,6
258.93,6.5,126,6
231.2,6.5,126,6
209.71,6.9,155,6
262.28,6.9,155,6
118.13,6.9,155,6
125.2,6.9,155,6
60.307,6.9,155,6
102.34,6.9,155,6
103.91,6.9,155,6
164.94,6.9,155,6
195.75,6.9,155,6
77.729,6.9,155,6
212.94,6.9,155,6
87.593,6.9,155,6
154.09,6.3,165,6
71.454,6.3,165,6
63.814,6.3,165,6
29.255,6.3,165,6
27.482,6.3,165,6
59.13,6.3,165,6
186.42,6.3,165,6
219.26,6.3,165,6
22.82,6.3,165,6
247.19,6.9,186,6
199.59,6.9,186,6
149.71,6.9,186,6
240.82,6.9,186,6
175.01,6.9,186,6
190.68,6.9,186,6
51.396,6.9,186,6
285.58,6.9,186,6
176.92,6.9,186,6
202.11,6.9,192,6
1.4721,6.9,192,6
26.993,6.9,192,6
164.15,6.9,192,6
73.35,6.9,192,6
186.37,6,195,6
220.26,6,195,6
86.857,6,195,6
31.432,6,195,6
52.214,6,195,6
89.724,6,195,6
155.51,6,224,6
85.923,6,224,6
82.901,6,224,6
33.042,6,224,6
4.7069,6,224,6
276.48,6,224,6
46.8,6,224,6
254.14,6,224,6
66.977,6,224,6
156.78,6,225,6
199.76,6,225,6
171,6,225,6
210.01,6,225,6
182.41,6,225,6
289.93,6,225,6
4.8309,6,225,6
277.64,6,225,6
353.5,5.1,270,6
332.4,5.1,270,6
112.4,5.1,270,6
250.09,5.8,281,6
146.95,5.8,281,6
185.36,5.8,281,6
102.7,5.8,281,6
69.57,5.8,281,6
173.63,5.8,281,6
117.58,5.8,281,6
34.221,6.6,289,6
270.37,6.6,289,6
44.132,6.6,289,6
176.19,6.6,289,6
125.5,6.6,289,6
11.423,6.6,289,6
192.8,6.6,289,6
269.85,6,295,6
51.1,6,295,6
292.61,6,295,6
98.462,6,295,6
354.88,6,295,6
288.99,6,295,6
281.65,5.8,344,6
1091.4,5.8,344,6
1089.8,5.8,344,6
342,5.8,344,6
173.76,5.8,344,6
1089.8,5.8,344,6
262.87,5.8,344,6
84.445,5.8,344,6
181.45,5.8,344,6
52.404,5.8,344,6
82.23,5.8,344,6
433.66,5.8,344,6
6.7938,5.8,344,6
248.55,6.5,366,6
182.4,6.5,366,6
502.17,6.5,366,6
250.29,6.5,366,6
271.54,6.5,366,6
194.21,6.5,366,6
122.47,6.5,366,6
223.91,6.8,380,6
363.58,6.8,380,6
450.49,6.8,380,6
189.71,6.8,380,6
213.27,6.8,380,6
57.972,8.8,6,8
14.341,8.8,6,8
33.425,8.8,6,8
7.0229,8.8,6,8
113.4,8.8,6,8
151.61,8.8,6,8
58.097,8.8,6,8
85.838,8.8,6,8
135.08,8.8,6,8
84.185,8.8,6,8
69.64,8.8,6,8
114.08,8.8,6,8
172.79,8.8,6,8
68.23,8.8,6,8
104.54,8.8,6,8
62.204,8.8,6,8
123.38,8.8,6,8
117.86,8.8,6,8
105.04,8.8,6,8
53.789,8.8,6,8
276.62,7.7,17,8
169.38,7.7,17,8
133.96,7.7,17,8
113.8,7.7,17,8
195.87,7.7,17,8
46.446,7.7,17,8
176.3,7.7,17,8
180.31,7.7,17,8
300.77,7.7,17,8
101.43,7.7,17,8
178.77,7.7,17,8
153.56,7.6,51,8
92.304,7.6,51,8
45.772,7.6,51,8
141.57,7.6,51,8
117.57,7.6,51,8
99.545,7.6,51,8
281.99,8.8,67,8
174.64,8.8,67,8
111.57,8.8,67,8
357,8.8,67,8
171.54,8.8,67,8
210.84,8.8,67,8
341.82,8.8,67,8
387.63,8.8,67,8
127.58,7.2,68,8
90.894,7.2,68,8
21.995,7.2,68,8
98.632,7.2,68,8
122.71,7.2,68,8
208.86,7.2,68,8
69.845,8.8,69,8
104.53,8.8,69,8
116.11,8.8,69,8
173.39,8.8,69,8
381.5,8.8,69,8
151.99,8.8,69,8
89.742,8.8,69,8
23.793,8.8,69,8
63.156,8.8,69,8
126.38,8.8,69,8
111.29,8.8,69,8
48.479,8.8,69,8
189.04,8.3,84,8
334.6,8.3,84,8
205.9,8.3,84,8
186.23,8.3,84,8
382.7,8.3,84,8
361.18,8.3,84,8
178.43,8.3,84,8
371.76,8.3,84,8
107.33,8.1,148,8
168.75,8.1,148,8
82.699,8.1,148,8
35.815,8.1,148,8
121.42,8.1,148,8
33.304,8.1,148,8
22.062,8.1,148,8
29.605,8.1,148,8
226.02,8.1,148,8
36.274,8.1,148,8
68.681,8.1,148,8
114.94,8.1,148,8
43.412,7.9,171,8
1090.2,7.9,171,8
263.21,7.9,171,8
146,7.9,171,8
197.85,7.9,171,8
217.6,7.9,171,8
44.528,7.9,171,8
108.89,8.8,187,8
119.99,8.8,187,8
83.714,8.8,187,8
26.616,8.8,187,8
162.81,8.8,187,8
45.562,8.8,187,8
63.221,8.8,187,8
76.903,8.8,187,8
29.849,8.8,187,8
12.279,8.8,187,8
0.92587,8.8,187,8
13.807,8.8,187,8
52.582,8.8,187,8
124.57,8.8,187,8
47.922,8.8,187,8
87.02,8.7,197,8
124,8.7,197,8
50.875,8.7,197,8
87.941,8.7,197,8
244.75,8.7,197,8
33.617,8.7,197,8
42.932,8.7,197,8
69.812,8.7,197,8
192.7,8.7,197,8
276.28,8.7,197,8
86.57,7.7,220,8
57.795,7.7,220,8
7.5092,7.7,220,8
116.62,7.7,220,8
148.69,7.7,220,8
102.67,7.7,220,8
35.287,7.7,220,8
122.24,7.7,220,8
76.891,7.7,220,8
220.65,7.7,220,8
171.94,7.7,220,8
38.269,7.7,220,8
459.19,7.7,220,8
40.666,8.5,223,8
179.74,8.5,223,8
14.708,8.5,223,8
90.222,8.5,223,8
221.31,8.5,223,8
49.281,8.5,223,8
168.66,8.5,223,8
83.995,8.5,223,8
195.49,8.5,223,8
86.815,8.5,223,8
206.19,7.3,236,8
77.752,7.3,236,8
46.033,7.3,236,8
115.54,7.3,236,8
327.79,7.3,236,8
262.26,7.3,236,8
126,7.3,236,8
174.9,7.3,236,8
52.236,7.2,253,8
201.87,7.2,253,8
22.035,7.2,253,8
67.529,7.2,253,8
228.95,7.2,253,8
25.107,7.2,253,8
143.97,7.2,253,8
127.32,7.2,253,8
154.92,7.2,253,8
20.116,8,261,8
178.99,8,261,8
149.4,8,261,8
85.226,8,261,8
271.98,8,261,8
42.445,8,261,8
49.891,8,261,8
202.34,8,261,8
100.01,8,261,8
278.9,8,261,8
16.927,7.3,271,8
298.21,7.3,271,8
15.234,7.3,271,8
192.56,7.3,271,8
175.1,7.3,271,8
69.448,7.3,271,8
108.48,7.3,271,8
217.85,7.3,271,8
219.96,7.3,271,8
259.26,7.3,271,8
223.42,7.2,280,8
174.84,7.2,280,8
37.224,7.2,280,8
211.68,7.2,280,8
309,7.2,280,8
228.79,7.2,280,8
39.908,7.8,282,8
125.49,7.8,282,8
91.697,7.8,282,8
43.581,7.8,282,8
279.53,7.8,282,8
113.23,7.8,282,8
92.295,7.8,282,8
158.64,7.8,282,8
196.01,7.8,282,8
66.711,7.8,282,8
197.14,7.8,282,8
104.3,8.3,286,8
61.568,8.3,286,8
33.957,8.3,286,8
163.19,8.3,286,8
125.82,8.3,286,8
338.67,8.3,286,8
171.1,8.3,286,8
10.916,8.3,286,8
39.055,8.3,286,8
58.333,8.3,286,8
6.6944,7.4,290,8
35.771,7.4,290,8
18.334,7.4,290,8
112.94,7.4,290,8
125.41,7.4,290,8
10.227,7.4,290,8
66.964,7.4,290,8
46.109,7.4,290,8
172.41,7.4,290,8
74.923,7.4,290,8
36.448,8.6,297,8
62.246,8.6,297,8
21.002,8.6,297,8
50.518,8.6,297,8
171.63,8.6,297,8
67.408,8.6,297,8
100.28,8.6,297,8
164.51,8.6,297,8
305.51,8.6,297,8
14.004,8.6,297,8
26.555,8.6,297,8
160.02,8.6,297,8
113.64,8.6,297,8
15.53,8.7,298,8
57.053,8.7,298,8
93.497,8.7,298,8
5.2589,8.7,298,8
13.029,8.7,298,8
51.685,8.7,298,8
13.352,8.7,298,8
30.273,8.7,298,8
176.4,8.7,298,8
39.382,8.7,298,8
30.787,8.7,298,8
288.75,7.6,315,8
89.603,7.6,315,8
55.495,7.6,315,8
112.43,7.6,315,8
270.13,7.6,315,8
112.96,7.6,315,8
22.768,7.6,315,8
396.47,7.6,315,8
274.4,7.6,315,8
99.748,7.6,315,8
37.957,7.8,346,8
38.167,7.8,346,8
19.592,7.8,346,8
20.795,7.8,346,8
32.521,7.8,346,8
92.888,7.8,346,8
18.876,7.8,346,8
2.9068,7.8,346,8
0.48847,7.8,346,8
23.706,7.8,346,8
25.907,7.8,346,8
2.779,7.8,346,8
93.314,7.8,346,8
90.825,7.8,346,8
333.01,7.2,347,8
161.55,7.2,347,8
221.92,7.2,347,8
323.22,7.2,347,8
101.84,7.2,347,8
147.67,7.2,347,8
250.71,7.2,347,8
528.9,7.2,347,8
82.057,7.2,347,8
19.827,7.2,347,8
406.61,7.2,370,8
223.61,7.2,370,8
349.56,7.2,370,8
186.69,7.2,370,8
271.51,7.2,370,8
263.93,7.2,370,8
269.9,7.2,370,8
203.83,7.2,370,8
284.2,7.2,370,8
174.61,8.5,371,8
31.096,8.5,371,8
115.95,8.5,371,8
208.83,8.5,371,8
355.05,8.5,371,8
165.47,8.5,371,8
83.926,8.5,371,8
18.186,8.5,371,8
167.85,8.5,371,8
394.74,8.6,410,8
73.589,8.6,410,8
187.28,8.6,410,8
19.457,8.6,410,8
173.7,8.6,410,8
488.22,7.5,426,8
37.272,7.5,426,8
28.55,7.5,426,8
71.713,7.5,426,8
1090.8,7.5,426,8
116.97,7.5,426,8
83.391,7.5,426,8
73.432,7.5,426,8
121.41,7.5,426,8
119.02,7,439,8
32.989,7,439,8
105.07,7,439,8
184.89,7,439,8
89.006,7,439,8
20.769,7,439,8
10.342,7,439,8
26.004,7,439,8
173.74,8.9,444,8
233.51,8.9,444,8
206.46,8.9,444,8
164.65,8.9,444,8
39.408,8.9,444,8
114.11,8.9,444,8
182.21,10.1,20,10
205.96,10.1,20,10
53.17,10.1,20,10
49.766,10.1,20,10
102.6,10.1,20,10
53.265,10.1,20,10
115.98,10.1,20,10
33.477,10.1,20,10
225.15,10.1,20,10
111.51,10.1,20,10
56.082,10.1,20,10
28.058,10.1,20,10
47.97,10.1,20,10
14.237,10.5,25,10
57.981,10.5,25,10
87.41,10.5,25,10
98.108,10.5,25,10
15.795,10.5,25,10
4.4507,10.5,25,10
85.526,10.5,25,10
120.21,10.5,25,10
180.63,10.5,25,10
19.145,10.9,26,10
65.768,10.9,26,10
61.267,10.9,26,10
83.61,10.9,26,10
45.203,10.9,26,10
37.871,10.9,26,10
129.7,10.9,26,10
80.861,10.9,26,10
46.534,10.9,26,10
110.77,10.9,26,10
78.355,10.9,26,10
189.13,10.6,30,10
187.92,10.6,30,10
40.011,10.6,30,10
182.16,10.6,30,10
84.75,10.6,30,10
37.268,10.6,30,10
168.32,10.6,30,10
123.08,10.6,30,10
235.31,10.6,30,10
82.338,9.6,44,10
36.767,9.6,44,10
34.897,9.6,44,10
3.5104,9.6,44,10
80.362,9.6,44,10
125.48,9.6,44,10
71.597,9.6,44,10
100.69,9.6,44,10
79.634,9.6,44,10
94.879,9.6,44,10
23.279,9.6,44,10
61.792,9.6,44,10
95.897,9.6,44,10
39.458,9.6,44,10
77.528,9.6,45,10
65.918,9.6,45,10
1.7638,9.6,45,10
16.399,9.6,45,10
14.106,9.6,45,10
53.506,9.6,45,10
29.72,9.6,45,10
104.47,9.6,45,10
108.62,9.6,45,10
7.4629,9.6,45,10
113.84,9.6,45,10
238.4,9.6,45,10
46.932,9.6,45,10
78.028,10.1,47,10
50.43,10.1,47,10
83.053,10.1,47,10
255.92,10.1,47,10
119.6,10.1,47,10
65.568,10.1,47,10
340.58,10.1,47,10
140.95,10.1,47,10
164.17,10.1,47,10
26.595,9.7,50,10
178.15,9.7,50,10
91.045,9.7,50,10
32.93,9.7,50,10
111.88,9.7,50,10
116.15,9.7,50,10
144.15,9.7,50,10
94.914,9.7,50,10
181.14,9.7,50,10
44.892,9.7,50,10
108.91,9.7,50,10
173.32,10.3,70,10
15.243,10.3,70,10
44.321,10.3,70,10
60.998,10.3,70,10
11.373,10.3,70,10
156.38,10.3,70,10
34.38,10.3,70,10
183.08,10.3,70,10
40.005,10.3,70,10
35.019,10.3,70,10
78.03,10.3,70,10
162.01,10.3,70,10
100.72,10.3,70,10
173.57,10.3,70,10
170.7,9.9,87,10
4.097,9.9,87,10
86.968,9.9,87,10
101.02,9.9,87,10
18.864,9.9,87,10
61.817,9.9,87,10
108.47,9.9,87,10
88.367,9.9,87,10
118.84,9.9,87,10
221.93,9.9,87,10
264.88,9.9,93,10
208.8,9.9,93,10
5.3231,9.9,93,10
100.6,9.9,93,10
11.847,9.9,93,10
79.584,9.9,93,10
71.429,9.9,93,10
67.642,9.9,93,10
106.77,9.9,93,10
171.46,9.9,93,10
214.64,10.6,98,10
195.49,10.6,98,10
208.52,10.6,98,10
15.033,10.6,98,10
187.32,10.6,98,10
81.642,10.6,98,10
53.593,10.6,98,10
76.96,10.6,98,10
38.369,10.6,98,10
93.984,10.4,154,10
104.35,10.4,154,10
82.368,10.4,154,10
216.06,10.4,154,10
175.6,10.4,154,10
47.013,10.4,154,10
251.65,10.4,154,10
175,10.4,154,10
63.685,10.4,154,10
82.847,10.4,154,10
16.341,10,205,10
44.439,10,205,10
165.18,10,205,10
59.198,10,205,10
75.456,10,205,10
752.92,10,205,10
234.24,10,205,10
6.2777,10,205,10
80.043,10,205,10
268.8,10,205,10
190.64,10,205,10
87.126,9.3,231,10
72.532,9.3,231,10
120.35,9.3,231,10
37.715,9.3,231,10
216,9.3,231,10
291.58,9.3,231,10
65.116,9.3,231,10
117.05,9.3,231,10
140.19,9.3,231,10
178.62,9.3,231,10
53.045,9.3,231,10
175.98,9.3,231,10
239.79,9.3,231,10
31.879,9,237,10
23.256,9,237,10
161.83,9,237,10
22.288,9,237,10
3.7518,9,237,10
11.55,9,237,10
64.369,9,237,10
180.51,9,237,10
1090.2,9,237,10
53.781,9,237,10
86.901,9,237,10
363.05,10.9,245,10
201.88,10.9,245,10
79.319,10.9,245,10
40.526,10.9,245,10
183.37,10.9,245,10
49.128,10.9,245,10
166.65,10.9,245,10
55.48,10.9,245,10
272.96,10.9,245,10
8.1158,10.9,245,10
79.539,10.9,245,10
80.481,10.9,245,10
237.04,9.3,260,10
95.097,9.3,260,10
11.877,9.3,260,10
176.4,9.3,260,10
73.875,9.3,260,10
37.421,9.3,260,10
312.41,9.3,260,10
107.06,9.3,260,10
32.314,9.3,260,10
68.71,9.3,260,10
65.371,9.3,260,10
71.777,9.3,260,10
82.378,9.3,260,10
226.94,10.5,291,10
123.63,10.5,291,10
313.13,10.5,291,10
267.52,10.5,291,10
195.19,10.5,291,10
28.019,10.5,291,10
200.33,10.5,291,10
437.32,10.5,293,10
175.87,10.5,293,10
76.582,10.5,293,10
9.3566,10.5,293,10
175.15,10.5,293,10
117.26,10.5,293,10
212.46,10.5,293,10
11.259,10.5,293,10
34.354,10.5,293,10
73.578,10.5,293,10
23.621,10.5,293,10
36.311,10.5,293,10
216.06,10.5,293,10
209.99,10.2,294,10
238.67,10.2,294,10
210.12,10.2,294,10
227.16,10.2,294,10
249.58,10.2,294,10
400.47,10.2,294,10
243.08,10.2,294,10
119.74,10.2,294,10
187.41,10.2,294,10
184.26,10.2,294,10
1091.3,10.3,301,10
160.23,10.3,301,10
98.514,10.3,301,10
204.97,10.3,301,10
38.477,10.3,301,10
54.037,10.3,301,10
176.91,10.3,301,10
10.51,10.3,301,10
219.88,10.3,301,10
1095,10.3,301,10
109.03,10.3,301,10
107.51,10.3,301,10
54.224,10.3,301,10
99.861,9.1,304,10
174.07,9.1,304,10
26.048,9.1,304,10
126.65,9.1,304,10
23.98,9.1,304,10
117.67,9.1,304,10
184.5,9.1,304,10
384.03,9.1,304,10
13.081,9.2,308,10
32.185,9.2,308,10
282.33,9.2,308,10
367.84,9.2,308,10
95.841,9.2,308,10
30.122,9.2,308,10
14.94,9.2,308,10
85.254,9.2,308,10
121.31,9.2,308,10
195.04,9.8,310,10
115.59,9.8,310,10
15.062,9.8,310,10
80.4,9.8,310,10
158.06,9.8,310,10
55.666,9.8,310,10
94.778,9.8,310,10
62.519,9.8,310,10
0.41828,9.8,310,10
0.36626,9.8,310,10
195.76,9.6,342,10
145.82,9.6,342,10
150.94,9.6,342,10
165.74,9.6,342,10
168.74,9.6,342,10
389.07,9.6,342,10
369.33,9.6,342,10
210.69,9.2,348,10
139.02,9.2,348,10
207.82,9.2,348,10
83.5,9.2,348,10
291.35,9.2,348,10
266.12,9.2,348,10
181.74,9.2,348,10
121.25,10.6,367,10
22.78,10.6,367,10
30.069,10.6,367,10
90.854,10.6,367,10
171.69,10.6,367,10
145,10.6,367,10
173.9,10.6,367,10
68.624,10.6,367,10
146.83,10.6,367,10
51.853,10.6,367,10
205.88,9.9,373,10
211.06,9.9,373,10
3.2603,9.9,373,10
207.89,9.9,373,10
79.014,9.9,373,10
66.406,9.9,373,10
241.02,9.9,373,10
13.791,9.9,373,10
4.4889,9.9,373,10
265.1,9.3,374,10
459.81,9.3,374,10
160.11,9.3,374,10
122.27,9.3,374,10
219.95,9.3,374,10
234.78,9.3,374,10
197.89,9.3,374,10
63.38,9.3,374,10
70.282,9.3,374,10
189.49,9.3,374,10
162.06,9.3,374,10
111.59,9.3,374,10
286.11,10.1,384,10
352.61,10.1,384,10
51.864,10.1,384,10
47.933,10.1,384,10
204.6,10.1,384,10
91.799,10.1,384,10
162.97,10.1,384,10
229.65,10.1,384,10
183.27,9.1,387,10
14.186,9.1,387,10
10.248,9.1,387,10
5.1009,9.1,387,10
160.69,9.1,387,10
2.6464,9.1,387,10
235.51,9.1,387,10
63.724,9.1,387,10
6.2028,9.1,387,10
175.84,9.1,387,10
189.25,9.1,387,10
62.723,9.7,424,10
68.157,9.7,424,10
317.34,9.7,424,10
296.69,9.7,424,10
69.286,9.7,424,10
52.236,9.7,424,10
154.4,9.7,424,10
32.914,9.7,424,10
196.27,9.7,424,10
100.92,9.7,424,10
227.84,9.7,424,10
9.8959,9.7,424,10
121.28,9.7,424,10
299.08,9.4,427,10
68.417,9.4,427,10
233.8,9.4,427,10
1090.5,9.4,427,10
72.998,9.4,427,10
171.22,9.4,427,10
386.4,9.4,427,10
109.23,10.5,429,10
311.18,10.5,429,10
298.36,10.5,429,10
30.828,10.5,429,10
63.925,10.5,429,10
105.21,10.5,429,10
3.9837,10.5,429,10
102.58,10.5,429,10
88.35,10.5,429,10
149.11,10.5,429,10
89.408,10.5,429,10
169.47,10.5,429,10
117.09,10.1,431,10
303.96,10.1,431,10
176.75,10.1,431,10
56.854,10.1,431,10
16.516,10.1,431,10
3.2042,10.1,431,10
125.76,10.1,431,10
155.3,10.1,431,10
52.317,10.1,431,10
173.11,9.2,449,10
62.023,9.2,449,10
231.96,9.2,449,10
39.192,9.2,449,10
54.375,9.2,449,10
3.5999,9.2,449,10
195.58,9.2,449,10
193.19,9.2,449,10
77.385,11.6,7,12
817.29,11.6,7,12
177.05,11.6,7,12
86.327,11.6,7,12
227.96,11.6,7,12
112.16,11.6,7,12
114.36,11.6,7,12
67.718,11.6,7,12
271.34,11.6,7,12
57.127,11.6,7,12
3.6423,11.6,7,12
287.24,11.6,7,12
83.424,11.6,7,12
97.212,11.6,7,12
72.217,11.6,7,12
22.903,11.6,7,12
45.905,11.6,7,12
159.83,11.6,7,12
217.38,11.6,7,12
120.92,11.6,7,12
45.303,11.6,7,12
148.22,11.6,7,12
62.044,11.6,7,12
122.82,11.6,7,12
189.18,11.5,23,12
95.479,11.5,23,12
327.17,11.5,23,12
219.18,11.5,23,12
208.3,11.5,23,12
86.601,11.5,23,12
183.97,11.5,23,12
41.97,11.5,23,12
139.64,11.5,23,12
146.23,11.5,23,12
440.96,11.5,23,12
54.309,11.5,23,12
3.964,11.5,23,12
139.58,11,29,12
197.23,11,29,12
184.7,11,29,12
393.75,11,29,12
254.74,11,29,12
247.25,11,29,12
187.58,11,29,12
96.777,11,29,12
90.186,11,29,12
252.74,11,29,12
176.16,11.6,53,12
239.11,11.6,53,12
73.471,11.6,53,12
265.67,11.6,53,12
33.221,11.6,53,12
32.557,11.6,53,12
11.768,11.6,53,12
52.595,11.6,53,12
55.718,11.6,53,12
220.64,11.6,53,12
71.003,11.9,56,12
296.2,11.9,56,12
68.173,11.9,56,12
116.46,11.9,56,12
167.43,11.9,56,12
43.734,11.9,56,12
128.11,11.9,56,12
231.89,11.9,56,12
119.22,11.9,56,12
81.9,11.9,56,12
357.45,11.9,56,12
106.16,11.9,56,12
193.67,11.3,66,12
39.088,11.3,66,12
149.99,11.3,66,12
31.356,11.3,66,12
101.97,11.3,66,12
34.108,11.3,66,12
121.4,11.3,66,12
456.23,11.3,66,12
37.784,11.3,66,12
216.16,11.3,66,12
13.155,11.3,66,12
29.46,11.3,66,12
51.899,11.3,66,12
188.62,12.1,74,12
108.08,12.1,74,12
116.84,12.1,74,12
249.34,12.1,74,12
105.78,12.1,74,12
214.55,12.1,74,12
233.42,12.1,74,12
17.188,12.1,74,12
14.028,11.2,83,12
67.309,11.2,83,12
6.9373,11.2,83,12
108.39,11.2,83,12
103.12,11.2,83,12
34.122,11.2,83,12
85.728,11.2,83,12
107.66,11.2,83,12
88.394,11.2,83,12
213.15,11.2,83,12
4.2519,11.2,83,12
37.175,11.2,83,12
214.86,11.8,86,12
82.623,11.8,86,12
152.59,11.8,86,12
75.898,11.8,86,12
192.01,11.8,86,12
191.76,11.8,86,12
291.9,11.8,86,12
219.25,11.8,86,12
37.041,11.8,86,12
216.09,11.8,86,12
246.52,11.8,86,12
18.511,11.3,128,12
23.903,11.3,128,12
77.305,11.3,128,12
45.77,11.3,128,12
758.44,11.3,128,12
215.82,11.3,128,12
32.16,11.3,128,12
91.224,11.3,128,12
56.127,11.3,128,12
97.137,11.3,128,12
155.55,11.3,128,12
123.44,11.7,199,12
95.872,11.7,199,12
128.26,11.7,199,12
188.43,11.7,199,12
197.93,11.7,199,12
40.495,11.7,199,12
123.93,11.7,199,12
246.06,11.7,199,12
121.82,11.7,199,12
374.14,11.7,199,12
193.41,11.7,199,12
131.92,11.7,199,12
81.998,11.7,199,12
53.48,11.9,203,12
186.7,11.9,203,12
1.8978,11.9,203,12
117.79,11.9,203,12
125.16,11.9,203,12
186.73,11.9,203,12
88.552,11.9,203,12
187.53,11.9,203,12
107.56,11.9,250,12
11.647,11.9,250,12
170.63,11.9,250,12
82.705,11.9,250,12
1.4663,11.9,250,12
68.667,11.9,250,12
296.71,11.9,250,12
124.67,11.9,250,12
166.89,11.9,250,12
166.58,11.9,250,12
169.18,12.7,257,12
161.88,12.7,257,12
85.791,12.7,257,12
172.2,12.7,257,12
87.667,12.7,257,12
184.62,12.7,257,12
169.46,12.7,257,12
94.459,12.7,257,12
83.64,12.7,257,12
62.395,12.7,257,12
207.22,12.7,257,12
97.844,12.7,257,12
11.35,12.8,265,12
118.95,12.8,265,12
7.0832,12.8,265,12
41.256,12.8,265,12
72.355,12.8,265,12
11.524,12.8,265,12
93.539,12.8,265,12
123.66,12.8,265,12
212.64,12.8,265,12
25.746,12.8,265,12
74.809,12.8,265,12
122.29,12.8,265,12
13.596,12.8,265,12
37.454,12.8,265,12
214.01,11.4,283,12
98.489,11.4,283,12
52.524,11.4,283,12
82.021,11.4,283,12
98.921,11.4,283,12
178.38,11.4,283,12
1.6521,11.4,283,12
10.585,11.4,283,12
79.182,11.4,283,12
324.68,11.4,283,12
90.233,11.4,283,12
92.138,11.5,303,12
197.22,11.5,303,12
48.106,11.5,303,12
235.02,11.5,303,12
195.99,11.5,303,12
37.926,11.5,303,12
145.62,11.5,303,12
247.29,11.5,303,12
115.82,11.3,309,12
127.18,11.3,309,12
59.511,11.3,309,12
288.93,11.3,309,12
106.7,11.3,309,12
17.844,11.3,309,12
60.231,11.3,309,12
28.875,11.3,309,12
54.473,11.3,309,12
76.527,11.3,309,12
192.98,11.3,309,12
97.467,11.3,311,12
226.86,11.3,311,12
45.245,11.3,311,12
114.94,11.3,311,12
296.59,11.3,311,12
46.43,11.3,311,12
98.497,11.3,311,12
283.3,11.3,311,12
292,11.3,311,12
205.92,11.3,311,12
72.189,12.1,357,12
66.256,12.1,357,12
86.158,12.1,357,12
66.128,12.1,357,12
70.862,12.1,357,12
134.99,12.1,357,12
103.67,12.1,357,12
85.64,12.1,357,12
101.42,12.1,357,12
65.395,12.1,357,12
192.64,12.1,357,12
145.14,12.1,357,12
174.6,12.1,357,12
90.412,12.2,369,12
169.55,12.2,369,12
4.1527,12.2,369,12
172.55,12.2,369,12
81.825,12.2,369,12
98.739,12.2,369,12
168.33,12.2,369,12
33.12,12.2,369,12
45.067,12.2,369,12
51.848,12.2,369,12
61.569,12.2,369,12
46.621,12.2,369,12
87.11,12.6,375,12
209.68,12.6,375,12
26.541,12.6,375,12
15.517,12.6,375,12
99.507,12.6,375,12
219.05,12.6,375,12
44.956,12.6,375,12
176.31,12.6,375,12
171.25,12.6,375,12
163.71,12.6,375,12
163.49,12.6,375,12
59.37,12.6,375,12
107.34,12,385,12
41.919,12,385,12
195.2,12,385,12
41.949,12,385,12
173.5,12,385,12
82.023,12,385,12
189.36,12,385,12
41.628,12,385,12
186.91,12,385,12
193.65,12,385,12
87.693,12,385,12
26.253,12.5,386,12
31.601,12.5,386,12
0.69222,12.5,386,12
39.685,12.5,386,12
7.1268,12.5,386,12
38.187,12.5,386,12
36.506,12.5,386,12
65.472,12.5,386,12
63.333,12.5,386,12
66.471,12.5,386,12
48.123,12.5,386,12
2.2055,12.5,386,12
336.22,12.9,428,12
57.371,12.9,428,12
13.611,12.9,428,12
31.532,12.9,428,12
99.049,12.9,428,12
104.39,12.9,428,12
190.7,12.9,428,12
254.41,12.9,428,12
99.814,12.9,428,12
218.6,12.9,428,12
322.95,12.9,428,12
34.752,12.9,428,12
72.922,12.4,436,12
126.7,12.4,436,12
134.47,12.4,436,12
31.275,12.4,436,12
33.244,12.4,436,12
40.687,12.4,436,12
102.41,12.4,436,12
98.777,12.4,436,12
17.962,12.4,436,12
82.753,12.4,436,12
52.161,12.4,436,12
21.205,12.4,436,12
47.628,12.4,436,12
104.56,11.2,440,12
320.36,11.2,440,12
235.75,11.2,440,12
208.71,11.2,440,12
167.58,11.2,440,12
215.38,11.2,440,12
63.403,13.1,32,14
161.88,13.1,32,14
178.57,13.1,32,14
272.79,13.1,32,14
120.3,13.1,32,14
171.81,13.1,32,14
89.706,13.1,32,14
185.33,13.1,32,14
83.65,13.1,32,14
96.003,13.1,32,14
91.615,13.5,97,14
16.512,13.5,97,14
60.569,13.5,97,14
3.0297,13.5,97,14
24.02,13.5,97,14
65.34,13.5,97,14
3.9428,13.5,97,14
76.114,13.5,97,14
84.439,13.5,97,14
111.51,13.5,97,14
4.3137,13.5,97,14
16.47,13.5,97,14
59.674,13.5,97,14
356.2,14.8,204,14
293.65,14.8,204,14
40.135,14.8,204,14
173.8,14.8,204,14
241.98,14.8,204,14
220.56,14.8,204,14
222.3,14.8,204,14
3.8589,14.8,204,14
116.57,14.8,204,14
29.689,14.8,204,14
76.435,14.8,204,14
100.05,14.8,204,14
153.62,14.4,264,14
45.848,14.4,264,14
63.731,14.4,264,14
68.491,14.4,264,14
58.622,14.4,264,14
80.168,14.4,264,14
31.221,14.4,264,14
96.708,14.4,264,14
85.473,14.4,264,14
110.81,14.4,264,14
126.37,14.4,264,14
4.5399,14.4,264,14
100.49,13.8,302,14
32.625,13.8,302,14
19.714,13.8,302,14
22.572,13.8,302,14
51.313,13.8,302,14
168.82,13.8,302,14
94.191,13.8,302,14
51.064,13.8,302,14
65.517,13.8,302,14
58.491,13.8,302,14
51.384,13.8,302,14
48.48,13.8,302,14
192.42,13.9,358,14
161.07,13.9,358,14
14.555,13.9,358,14
97.99,13.9,358,14
219.6,13.9,358,14
142.54,13.9,358,14
30.858,13.9,358,14
10.853,13.9,358,14
14.789,13.9,358,14
86.811,13.9,358,14
120.9,13.9,358,14
187.01,13.9,358,14
191.25,13.9,412,14
107.04,13.9,412,14
62.103,13.9,412,14
259.45,13.9,412,14
71.431,13.9,412,14
193.13,13.9,412,14
256.99,13.9,412,14
103.92,13.9,412,14
177.68,13.9,412,14
195.33,13.9,412,14
4.8785,13.9,412,14
219.12,14.2,419,14
87.093,14.2,419,14
180.92,14.2,419,14
110.19,14.2,419,14
246.59,14.2,419,14
29.734,14.2,419,14
177.5,14.2,419,14
123.07,14.2,419,14
55.11,14.2,419,14
80.134,14.2,419,14
88.673,14.2,419,14
124.17,14.2,419,14
249.41,14.8,430,14
36.885,14.8,430,14
13.659,14.8,430,14
22.12,14.8,430,14
26.135,14.8,430,14
113.8,14.8,430,14
60.956,14.8,430,14
47.44,14.8,430,14
37.305,14.8,430,14
37.317,14.8,430,14
105.67,14.8,430,14
120.54,16.3,19,16
68.427,16.3,19,16
27.017,16.3,19,16
104.63,16.3,19,16
186.03,16.3,19,16
160.42,16.3,19,16
165.49,16.3,19,16
150.55,16.3,19,16
96.774,16.3,19,16
194.49,16.3,19,16
71.545,16.3,19,16
94.357,16.3,19,16
161.36,16.3,19,16
25.439,16.3,19,16
51.013,16.3,19,16
69.27,16.3,19,16
163.47,15,71,16
25.822,15,71,16
293.93,15,71,16
193.76,15,71,16
303.24,15,71,16
198.48,15,71,16
152.18,15,71,16
79.598,15,71,16
8.8023,15,71,16
18.549,15,71,16
77.435,15,71,16
62.171,15,71,16
92.737,15,72,16
264.97,15,72,16
29.366,15,72,16
125.4,15,72,16
57.824,15,72,16
29.952,15,72,16
31.331,15,72,16
47.457,15,72,16
22.508,15,72,16
275.47,15,72,16
97.115,15,72,16
54.971,15,72,16
52.469,15,72,16
112.35,15,72,16
49.303,15,72,16
105.49,15.2,227,16
8.0887,15.2,227,16
33.441,15.2,227,16
1.061,15.2,227,16
33.328,15.2,227,16
0.33651,15.2,227,16
11.586,15.2,227,16
0.75772,15.2,227,16
4.1167,15.2,227,16
77.054,15.2,227,16
37.413,15.2,227,16
85.369,15.2,227,16
124.24,16,378,16
257.12,16,378,16
112.05,16,378,16
25.461,16,378,16
109.5,16,378,16
96.436,16,378,16
58.991,16,378,16
47.761,16,378,16
63.85,16,378,16
192.09,16.8,391,16
12.707,16.8,391,16
15.53,16.8,391,16
237.93,16.8,391,16
92.304,16.8,391,16
83.357,16.8,391,16
18.127,16.8,391,16
118.65,16.8,391,16
24.784,16.8,391,16
36.188,16.8,391,16
53.063,16.8,391,16
72.026,16.8,391,16
1.1696,16.8,391,16
84.934,15,421,16
42.441,15,421,16
58.803,15,421,16
94.839,15,421,16
60.326,15,421,16
20.974,15,421,16
216.52,15,421,16
116.58,15,421,16
24.257,15,421,16
294.96,15,421,16
58.364,15,421,16
126.34,15,421,16
105.9,15,421,16
27.645,15,421,16
30.499,15,421,16
101.42,20.8,1,0
19.958,20.8,1,0
5.9469,20.8,1,0
65.714,20.8,1,0
153.24,20.8,1,0
292.66,20.8,1,0
43.927,20.8,1,0
180.66,20.8,1,0
226.95,20.8,1,0
36.178,20.8,1,0
297.76,20.8,1,0
159.82,20.8,1,0
37.173,20.8,1,0
57.216,20.8,1,0
54.371,20.8,1,0
240.39,20.8,1,0
101.87,20.8,1,0
20.024,20.8,1,0
108.18,20.8,1,0
103.76,20.8,1,0
24.852,20.8,1,0
160.84,20.8,1,0
42.064,20.8,1,0
174.04,20.8,1,0
30.671,20.8,1,0
43.215,19.7,2,0
81.233,19.7,2,0
91.21,19.7,2,0
70.486,19.7,2,0
51.899,19.7,2,0
159.49,19.7,2,0
101.99,19.7,2,0
11.146,19.7,2,0
42.685,19.7,2,0
95.208,19.7,2,0
83.671,19.7,2,0
105.89,19.7,2,0
127.33,19.7,2,0
119.65,19.7,2,0
164.78,19.7,2,0
42.014,19.7,2,0
112.7,19.7,2,0
32.369,19.7,2,0
118,19.7,2,0
46.006,19.7,2,0
189.91,19.7,2,0
44.911,19.7,2,0
182.14,19.7,2,0
112.69,19.7,2,0
30.717,19.7,2,0
21.207,19.7,2,0
218.89,19.7,2,0
37.327,19.7,2,0
185.45,20.7,3,0
3.7347,20.7,3,0
32.096,20.7,3,0
182.4,20.7,3,0
10.851,20.7,3,0
116.28,20.7,3,0
104.06,20.7,3,0
16.99,20.7,3,0
66.15,20.7,3,0
25.821,20.7,3,0
15.166,20.7,3,0
83.615,20.7,3,0
77.596,20.7,3,0
29.189,20.7,3,0
78.884,20.7,3,0
6.1175,20.7,3,0
55.849,20.7,3,0
3.8586,20.7,3,0
5.8648,20.7,3,0
9.0442,20.7,3,0
82.847,20.7,3,0
101.34,20.7,3,0
125.91,20.7,3,0
54.707,20.7,3,0
20.827,20.7,3,0
134.04,20.7,3,0
11.578,20.7,3,0
140.62,20.7,4,0
161.44,20.7,4,0
48.344,20.7,4,0
16.216,20.7,4,0
19.459,20.7,4,0
125.53,20.7,4,0
101.54,20.7,4,0
223.1,20.7,4,0
153.76,20.7,4,0
0.89681,20.7,4,0
70.71,20.7,4,0
8.9196,20.7,4,0
24.15,20.7,4,0
34.006,20.7,4,0
195.82,20.7,4,0
47.032,20.7,4,0
11.283,20.7,4,0
221.21,20.7,4,0
30.484,20.7,4,0
48.808,20.7,4,0
19.221,20.7,4,0
45.378,20.7,4,0
43.308,20.7,4,0
198.11,20.7,4,0
45.123,20.7,4,0
55.547,20.7,4,0
56.97,20.7,4,0
31.84,20.7,4,0
52.812,20.7,4,0
1090.7,21.5,78,0
413.81,21.5,78,0
13.995,21.5,78,0
16.48,21.5,78,0
106.09,21.5,78,0
206.41,21.5,78,0
127.81,21.5,78,0
159.28,21.5,78,0
149.22,21.5,78,0
58.448,21.5,78,0
65.587,21.5,78,0
14.117,19.9,99,0
112.74,19.9,99,0
29.037,19.9,99,0
34.574,19.9,99,0
54.055,19.9,99,0
49.51,19.9,99,0
107.14,19.9,99,0
85.141,19.9,99,0
186.52,19.9,99,0
148.89,19.9,99,0
50.678,19.9,99,0
0.55203,19.9,99,0
118.49,18.6,100,0
179.6,18.6,100,0
64.703,18.6,100,0
257.61,18.6,100,0
101.46,18.6,100,0
118.87,18.6,100,0
48.263,18.6,100,0
61.532,18.6,100,0
203.27,18.6,100,0
171.09,18.6,100,0
85.451,18.6,100,0
99.432,18.6,100,0
43.113,18.6,101,0
195.1,18.6,101,0
18.992,18.6,101,0
204.46,18.6,101,0
90.241,18.6,101,0
59.332,18.6,101,0
2.562,18.6,101,0
97.206,18.6,101,0
60.108,18.6,101,0
52.254,18.6,101,0
39.418,18.3,102,0
230.58,18.3,102,0
20.433,18.3,102,0
13.071,18.3,102,0
20.752,18.3,102,0
86.253,18.3,102,0
54.763,18.3,102,0
21.832,18.3,102,0
1.966,18.3,102,0
86.854,18.3,102,0
0.91202,18.3,102,0
58.403,18.3,102,0
29.166,18.3,102,0
306.13,18.9,103,0
210.35,18.9,103,0
247.43,18.9,103,0
193.38,18.9,103,0
155.47,18.9,103,0
277.51,18.9,103,0
0.047431,18.9,103,0
96.332,18.9,103,0
62.934,18.9,103,0
175.33,18.9,103,0
3.9332,18.9,103,0
133.96,18.9,103,0
26.744,18.9,103,0
108.36,18,104,0
100.14,18,104,0
308.36,18,104,0
190.17,18,104,0
121.03,18,104,0
198.74,18,104,0
32.472,18,104,0
73.261,18,104,0
8.204,18,104,0
212.67,18,104,0
123.5,18,104,0
4.5292,18,104,0
151.67,18,104,0
13.842,19,105,0
40.796,19,105,0
48.279,19,105,0
45.665,19,105,0
56.583,19,105,0
80.321,19,105,0
194.18,19,105,0
84.793,19,105,0
5.991,19,105,0
68.996,19,105,0
94.394,19,105,0
0.42796,19,105,0
56.955,19,105,0
90.607,19,105,0
57.923,19.3,107,0
10.638,19.3,107,0
83.727,19.3,107,0
78.128,19.3,107,0
78.678,19.3,107,0
7.0393,19.3,107,0
46.431,19.3,107,0
8.6621,19.3,107,0
101.77,19.3,107,0
45.979,19.3,107,0
73.568,19.3,107,0
74.37,19.3,107,0
2.0514,19.3,107,0
298.96,18.7,108,0
221.44,18.7,108,0
39.624,18.7,108,0
26.784,18.7,108,0
137.94,18.7,108,0
297.21,18.7,108,0
179.67,18.7,108,0
61.765,18.7,108,0
261.95,18.7,108,0
248.87,18.7,109,0
1.2204,18.7,109,0
79.304,18.7,109,0
8.126,18.7,109,0
82.585,18.7,109,0
107.64,18.7,109,0
24.45,18.7,109,0
46.4,18.7,109,0
25.9,18.7,109,0
51.376,18.7,109,0
56.109,18.7,109,0
108.27,18.7,109,0
148.51,18.7,109,0
227.08,18.7,109,0
145.54,19.7,110,0
134.59,19.7,110,0
201.41,19.7,110,0
113.62,19.7,110,0
243.52,19.7,110,0
264.61,19.7,110,0
202.7,19.7,110,0
35.553,19.7,110,0
110.36,19.7,110,0
6.0007,19.7,110,0
177.78,19.7,110,0
58.801,19.7,110,0
48.402,18.2,111,0
158.05,18.2,111,0
214.32,18.2,111,0
98.126,18.2,111,0
260.49,18.2,111,0
170.31,18.2,111,0
225.98,18.2,111,0
48.104,19.3,112,0
221.3,19.3,112,0
19.958,19.3,112,0
33.695,19.3,112,0
3.1428,19.3,112,0
22.189,19.3,112,0
45.501,19.3,112,0
7.3048,19.3,112,0
26.768,19.3,112,0
123.93,19.3,112,0
184.89,19.3,112,0
38.622,18.4,113,0
31.26,18.4,113,0
27.563,18.4,113,0
2.0037,18.4,113,0
4.447,18.4,113,0
32.576,18.4,113,0
102.69,18.4,113,0
9.6262,18.4,113,0
64.383,18.4,113,0
64.351,18.4,113,0
23.167,18.4,113,0
154.99,18.4,113,0
228.9,18.2,114,0
99.966,18.2,114,0
393.4,18.2,114,0
194.56,18.2,114,0
26.973,18.2,114,0
192.21,18.2,114,0
96.291,18.2,114,0
327.55,18.2,114,0
127.21,18.2,114,0
76.872,18.5,115,0
66.201,18.5,115,0
50.588,18.5,115,0
1.8121,18.5,115,0
62.458,18.5,115,0
21.557,18.5,115,0
85.516,18.5,115,0
34.698,18.5,115,0
22.432,18.5,115,0
8.5244,18.5,115,0
19.647,18.5,115,0
7.6529,18.5,115,0
39.792,18.5,115,0
5.4071,18.5,115,0
4.7479,18.5,115,0
91.654,18.5,116,0
21.306,18.5,116,0
38.983,18.5,116,0
4.5221,18.5,116,0
40.182,18.5,116,0
31.552,18.5,116,0
109.26,18.5,116,0
174.29,18.5,116,0
39.126,18.5,116,0
2.6124,18.5,116,0
74.566,18.5,116,0
36.006,18.5,116,0
35.855,18.5,116,0
182.23,19.7,142,0
33.31,19.7,142,0
36.216,19.7,142,0
165.26,19.7,142,0
48.851,19.7,142,0
24.449,19.7,142,0
109.33,19.7,142,0
78.469,19.7,142,0
166.59,19.7,142,0
64.174,19.7,142,0
2.775,19.7,142,0
29.297,19.7,142,0
51.133,19.7,143,0
63.595,19.7,143,0
59.826,19.7,143,0
253.99,19.7,143,0
253.06,19.7,143,0
180.93,19.7,143,0
17.121,19.7,143,0
2.6639,19.7,143,0
37.287,19.7,143,0
73.612,19.7,143,0
18.495,19.7,143,0
190.76,19.7,143,0
26.325,19.7,143,0
59.659,20.5,144,0
161.88,20.5,144,0
107.71,20.5,144,0
363.95,20.5,144,0
146.14,20.5,144,0
1.9831,20.5,144,0
50.086,20.5,144,0
28.453,20.5,144,0
20.82,20.5,144,0
84.145,20.5,144,0
8.3278,20.5,144,0
66.281,20.5,144,0
34.072,20.5,144,0
101.98,19.6,145,0
6.571,19.6,145,0
175.12,19.6,145,0
97.698,19.6,145,0
75.436,19.6,145,0
63.837,19.6,145,0
86.16,19.6,145,0
55.907,19.6,145,0
111.2,19.6,145,0
59.324,19.6,145,0
175.71,19.6,145,0
21.508,19.6,145,0
66.077,19.6,145,0
31.974,20.2,147,0
33.219,20.2,147,0
39.88,20.2,147,0
77.513,20.2,147,0
7.652,20.2,147,0
49.537,20.2,147,0
75.339,20.2,147,0
106.81,20.2,147,0
74.558,20.2,147,0
33.799,20.2,147,0
73.677,20.2,147,0
115.49,20.2,147,0
77.445,20.2,147,0
15.031,20.2,147,0
68.79,21.3,157,0
18.913,21.3,157,0
78.014,21.3,157,0
60.17,21.3,157,0
229.88,21.3,157,0
112.43,21.3,157,0
47.971,21.3,157,0
230.01,21.3,157,0
188.06,21.3,157,0
208.4,21.3,157,0
173.25,20.4,158,0
229.34,20.4,158,0
94.334,20.4,158,0
124.61,20.4,158,0
61.378,20.4,158,0
17.118,20.4,158,0
269.75,21.9,177,0
102.37,21.9,177,0
33.244,21.9,177,0
125.55,21.9,177,0
222.83,21.9,177,0
1.7828,21.9,177,0
69.477,21.9,177,0
70.791,21.9,177,0
51.885,21.9,177,0
98.953,21.9,177,0
91.037,21.9,177,0
39.47,21.9,177,0
168.18,21.9,177,0
106.73,20.6,181,0
16.793,20.6,181,0
170.64,20.6,181,0
173.89,20.6,181,0
55.422,20.6,181,0
110.8,20.6,181,0
191.29,20.6,181,0
54.335,20.6,181,0
66.923,20.6,181,0
103.63,20.6,181,0
181.46,20.3,182,0
8.4951,20.3,182,0
95.674,20.3,182,0
21.257,20.3,182,0
59.93,20.3,182,0
14.567,20.3,182,0
116.09,20.3,182,0
1.7297,20.3,182,0
43.995,20.3,182,0
65.291,20.3,182,0
86.681,20.3,182,0
62.066,20.3,182,0
174.46,20.3,182,0
7.6168,20.3,182,0
293.14,21.8,189,0
262.11,21.8,189,0
15.36,21.8,189,0
90.977,21.8,189,0
54.169,21.8,189,0
35.2,21.8,189,0
41.119,21.8,189,0
34.749,21.8,189,0
27.031,21.8,189,0
36.122,21.8,189,0
23.212,21.8,189,0
81.343,21.8,189,0
117.94,21.8,189,0
212.93,21.2,190,0
178.08,21.2,190,0
125.1,21.2,190,0
198.07,21.2,190,0
167.36,21.2,190,0
50.479,21.2,190,0
95.18,21.2,190,0
79.096,21.2,190,0
149.02,21.2,190,0
28.414,21.2,190,0
1.1816,21.2,190,0
85.414,21.2,190,0
117.11,21.2,190,0
32.686,20,201,0
67.439,20,201,0
10.311,20,201,0
274.7,20,201,0
119.7,20,201,0
172.13,20,201,0
148.72,20,201,0
277.42,21.9,241,0
30.334,21.9,241,0
190.33,21.9,241,0
79.158,21.9,241,0
25.799,21.9,241,0
89.588,21.9,241,0
78.453,21.9,241,0
130.92,21.9,241,0
273.15,21.9,241,0
77.946,21.9,241,0
68.633,21.9,241,0
14.294,21.9,241,0
66.315,21.9,241,0
34.568,19.5,242,0
175.34,19.5,242,0
6.0923,19.5,242,0
50.198,19.5,242,0
179.29,19.5,242,0
88.388,19.5,242,0
20.096,19.5,242,0
43.68,19.5,242,0
73.498,19.5,242,0
10.42,19.5,242,0
96.568,19.5,242,0
301.6,21.1,247,0
201.97,21.1,247,0
26.568,21.1,247,0
292.49,21.1,247,0
210.83,21.1,247,0
97.6,21.1,247,0
80.634,21.1,247,0
188.39,20.7,251,0
35.808,20.7,251,0
70.208,20.7,251,0
36.707,20.7,251,0
124.06,20.7,251,0
27.193,20.7,251,0
167.85,20.7,251,0
64.356,20.7,251,0
56.128,20.7,251,0
71.571,20.7,251,0
49.182,20.7,251,0
53.499,20.7,251,0
126.97,20.7,251,0
13.408,20.7,251,0
44.801,20.7,251,0
203.55,20.3,252,0
155.94,20.3,252,0
34.121,20.3,252,0
155.66,20.3,252,0
49.35,20.3,252,0
14.084,20.3,252,0
5.2802,20.3,252,0
31.687,20.3,252,0
47.582,20.3,252,0
51.16,20.3,252,0
126.81,20.3,252,0
123.82,20.3,252,0
6.7007,20.3,252,0
72.01,20.3,252,0
3.708,18.3,276,0
210.17,18.3,276,0
164.77,18.3,276,0
25.534,18.3,276,0
13.997,18.3,276,0
169.79,18.3,276,0
64.548,18.3,276,0
45.611,18.3,276,0
42.826,18.3,276,0
150.5,18.3,276,0
143.34,18.3,276,0
55.015,18.3,276,0
13.928,18.3,276,0
24.695,18.3,276,0
66.786,18.3,276,0
104.56,18.2,277,0
188.56,18.2,277,0
149.83,18.2,277,0
79.765,18.2,277,0
80.482,18.2,277,0
210.22,18.2,277,0
19.29,18.2,277,0
74.666,18.2,277,0
81.523,18.2,277,0
83.52,18.2,277,0
96.408,18.2,277,0
180.36,18.2,277,0
42.563,19.9,299,0
210.78,19.9,299,0
42.975,19.9,299,0
48.273,19.9,299,0
86.447,19.9,299,0
33.868,19.9,299,0
112.46,19.9,299,0
173.85,19.9,299,0
11.586,19.9,299,0
78.519,19.9,299,0
65.769,20.2,300,0
85.876,20.2,300,0
83.708,20.2,300,0
21.09,20.2,300,0
23.903,20.2,300,0
50.216,20.2,300,0
101.33,20.2,300,0
13.652,20.2,300,0
42.09,20.2,300,0
47.556,20.2,300,0
24.424,20.2,300,0
86.056,20.2,300,0
37.159,20.2,300,0
5.8535,20.2,300,0
21.064,20.2,300,0
63.932,20.2,306,0
9.7267,20.2,306,0
52.13,20.2,306,0
98.536,20.2,306,0
59.32,20.2,306,0
60.406,20.2,306,0
42.534,20.2,306,0
56.034,20.2,306,0
102.15,20.2,306,0
110.72,20.2,306,0
30.494,20.2,306,0
43.581,20.2,306,0
110.31,20.2,306,0
44.571,20.2,306,0
295.74,21.4,338,0
206.03,21.4,338,0
26.239,21.4,338,0
119.1,21.4,338,0
77.523,21.4,338,0
141.97,21.4,338,0
261.54,21.4,338,0
151.06,21.4,338,0
13.318,19.3,339,0
71.579,19.3,339,0
69.674,19.3,339,0
113.71,19.3,339,0
55.989,19.3,339,0
29.131,19.3,339,0
53.659,19.3,339,0
69.828,19.3,339,0
37.798,19.3,339,0
111.02,19.3,339,0
61.909,19.3,339,0
148.33,19.3,339,0
193.64,19.7,340,0
49.237,19.7,340,0
20.781,19.7,340,0
22.904,19.7,340,0
18.454,19.7,340,0
2.4825,19.7,340,0
84.962,19.7,340,0
76.083,19.7,340,0
79.381,19.7,340,0
242.12,20.8,368,0
18.579,20.8,368,0
204.24,20.8,368,0
17.084,20.8,368,0
234.36,20.8,368,0
215.12,20.8,368,0
86.14,20.8,368,0
304.54,20.8,368,0
85.95,20.8,368,0
49.988,21.3,417,0
28.401,21.3,417,0
58.871,21.3,417,0
14.548,21.3,417,0
148.12,21.3,417,0
100.78,21.3,417,0
1.579,21.3,417,0
31.108,21.3,417,0
33.921,21.3,417,0
51.402,21.3,417,0
67.994,21.3,417,0
36.964,21.3,417,0
37.194,19.5,418,0
38.822,19.5,418,0
43.295,19.5,418,0
10.302,19.5,418,0
1.6913,19.5,418,0
35.608,19.5,418,0
13.381,19.5,418,0
68.746,19.5,418,0
85.757,19.5,418,0
15.308,19.5,418,0
1.0325,19.5,418,0
33.245,19.5,418,0
18.99,19.5,418,0
