25.416,3,6.6,49,6
9.2408,1,6.6,49,6
113.44,1,6.6,49,6
30.572,1,6.6,49,6
4.2437,3,6.6,49,6
136.75,3,5.3,52,6
242.43,1,5.3,52,6
2.8877,2,5.3,52,6
33.515,2,5.3,52,6
31.908,2,5.3,52,6
20.154,3,5.3,52,6
176.08,1,5.3,52,6
82.454,3,5.3,52,6
46.875,2,5.3,52,6
8.055,1,5.3,52,6
29.738,1,5.3,52,6
23.59,1,5.3,52,6
24.529,3,5.3,52,6
106.88,2,5.3,52,6
56.699,3,5.3,52,6
212.92,3,6,80,6
69.023,1,6,80,6
252.2,2,6,80,6
217.16,2,6,80,6
238.79,2,6,80,6
223.79,3,6,80,6
32.727,1,6,80,6
51.171,3,6,80,6
134.92,2,6,80,6
128.43,1,6,80,6
5.5269,1,6,80,6
106.41,1,6,80,6
76.701,3,6,80,6
106.24,2,6,80,6
109.9,3,6,80,6
51.841,3,6.8,81,6
22.823,1,6.8,81,6
8.6138,2,6.8,81,6
84.534,2,6.8,81,6
41.38,2,6.8,81,6
34.824,3,6.8,81,6
15.421,1,6.8,81,6
126.03,3,6.8,81,6
130.97,2,6.8,81,6
133.11,1,6.8,81,6
30.273,1,6.8,81,6
4.7754,1,6.8,81,6
102.23,3,6.8,81,6
230.86,2,6.8,81,6
27.513,3,6.8,81,6
66.231,3,6.4,92,6
79.269,1,6.4,92,6
245.27,2,6.4,92,6
41.26,2,6.4,92,6
45.502,2,6.4,92,6
3.8743,3,6.4,92,6
19.587,1,6.4,92,6
52.336,3,6.4,92,6
18.469,2,6.4,92,6
60.814,1,6.4,92,6
71.692,1,6.4,92,6
117.6,1,6.4,92,6
87.836,3,6.4,92,6
100.5,2,6.4,92,6
104.41,3,6.4,92,6
66.099,1,6.9,94,6
0.10634,2,6.9,94,6
171.62,2,6.9,94,6
37.644,2,6.9,94,6
91.121,3,6.9,94,6
243.37,1,6.9,94,6
112.21,3,6.9,94,6
11.486,2,6.9,94,6
15.312,1,6.9,94,6
6.4731,1,6.9,94,6
92.595,1,6.9,94,6
34.575,3,6.9,94,6
67.248,2,6.9,94,6
18.074,3,6.9,94,6
119.74,2,6.5,126,6
11.093,2,6.5,126,6
64.794,2,6.5,126,6
60.96,3,6.5,126,6
35.669,1,6.5,126,6
68.02,3,6.5,126,6
74.615,2,6.5,126,6
95.711,1,6.5,126,6
241.42,3,6.5,126,6
49.258,2,6.5,126,6
217.29,3,6.5,126,6
207.09,3,6.5,126,6
14.115,1,6.5,126,6
69.641,2,6.5,126,6
26.139,2,6.5,126,6
43.768,2,6.5,126,6
75.7,3,6.5,126,6
72.585,1,6.5,126,6
121.02,3,6.5,126,6
163.95,2,6.5,126,6
106.76,1,6.5,126,6
6.9038,1,6.5,126,6
3.3601,1,6.5,126,6
23.19,3,6.5,126,6
96.879,2,6.5,126,6
98.771,3,6.5,126,6
52.703,3,6.9,155,6
82.598,1,6.9,155,6
64.789,2,6.9,155,6
68.414,2,6.9,155,6
47.349,2,6.9,155,6
15.503,3,6.9,155,6
5.8142,1,6.9,155,6
40.997,2,6.9,155,6
74.342,1,6.9,155,6
53.417,1,6.9,155,6
19.062,1,6.9,155,6
101.61,3,6.9,155,6
28.578,2,6.9,155,6
24.208,3,6.9,155,6
90.881,1,6.3,165,6
88.336,2,6.3,165,6
75.201,2,6.3,165,6
120.98,2,6.3,165,6
27.436,3,6.3,165,6
14.599,1,6.3,165,6
185.09,3,6.3,165,6
108.55,2,6.3,165,6
117.15,1,6.3,165,6
101.6,1,6.3,165,6
16.782,1,6.3,165,6
245.83,3,6.3,165,6
5.6461,3,6.3,165,6
34.917,1,6.9,186,6
6.0038,2,6.9,186,6
53.959,2,6.9,186,6
41.558,2,6.9,186,6
41.505,3,6.9,186,6
43.443,1,6.9,186,6
108.64,3,6.9,186,6
117.52,2,6.9,186,6
90.059,1,6.9,186,6
56.797,1,6.9,186,6
35.96,1,6.9,186,6
139.02,3,6.9,186,6
115.54,2,6.9,186,6
75.977,3,6.9,186,6
124.48,3,6.9,192,6
2.9397,1,6.9,192,6
45.283,2,6.9,192,6
28.322,2,6.9,192,6
29.514,2,6.9,192,6
83.768,3,6.9,192,6
57.472,1,6.9,192,6
93.348,3,6.9,192,6
201.77,2,6.9,192,6
29.052,1,6.9,192,6
148.84,1,6.9,192,6
53.295,1,6.9,192,6
52.04,3,6.9,192,6
158.68,2,6.9,192,6
88.159,3,6.9,192,6
67.931,1,6,195,6
23.269,2,6,195,6
90.458,2,6,195,6
105.58,3,6,195,6
47.752,1,6,195,6
118.34,2,6,195,6
245.48,1,6,195,6
74.633,1,6,195,6
245.24,1,6,195,6
174.63,3,6,195,6
99.823,2,6,195,6
56.372,3,6,195,6
2.0125,2,6,224,6
8.1216,2,6,224,6
77.473,2,6,224,6
24.769,3,6,224,6
59.642,1,6,224,6
15.54,3,6,224,6
129.71,2,6,224,6
239.8,1,6,224,6
10.686,3,6,224,6
142.52,3,6,225,6
139.14,2,6,225,6
211.91,3,6,225,6
68.262,3,6,225,6
55.809,2,6,225,6
106.99,3,5.2,263,6
152.82,1,5.2,263,6
43.97,2,5.2,263,6
261.75,2,5.2,263,6
199.84,2,5.2,263,6
166.11,3,5.2,263,6
56.246,3,5.2,263,6
71.118,1,5.2,263,6
13.638,1,5.2,263,6
11.512,1,5.2,263,6
3.9311,3,5.2,263,6
325.37,2,5.2,263,6
23.741,3,5.2,263,6
43.144,3,5.1,270,6
74.274,1,5.1,270,6
34.002,2,5.1,270,6
24.371,2,5.1,270,6
10.09,2,5.1,270,6
109.74,3,5.1,270,6
5.4911,1,5.1,270,6
243.83,3,5.1,270,6
84.203,2,5.1,270,6
320.47,1,5.1,270,6
25.292,1,5.1,270,6
43.392,1,5.1,270,6
43.341,2,5.1,270,6
3.8465,3,5.1,270,6
145.44,3,5.8,281,6
108.01,3,5.8,281,6
7.4656,1,5.8,281,6
108.09,3,5.8,281,6
12.852,2,5.8,281,6
39.715,1,5.8,281,6
20.049,1,5.8,281,6
28.998,1,5.8,281,6
65.234,3,5.8,281,6
55.792,2,5.8,281,6
68.704,3,5.8,281,6
151.74,1,6.6,289,6
126.34,2,6.6,289,6
151.98,2,6.6,289,6
109.92,2,6.6,289,6
43.455,3,6.6,289,6
18.098,1,6.6,289,6
165.71,3,6.6,289,6
46.207,2,6.6,289,6
75.727,1,6.6,289,6
31.961,1,6.6,289,6
59.604,1,6.6,289,6
184.25,3,6.6,289,6
40.035,2,6.6,289,6
25.911,3,6.6,289,6
158.63,1,6,295,6
82.58,2,6,295,6
28.666,2,6,295,6
204.08,2,6,295,6
88.835,3,6,295,6
208.67,1,6,295,6
58.499,3,6,295,6
61.978,2,6,295,6
154.59,1,6,295,6
11.475,1,6,295,6
178.99,1,6,295,6
248.03,3,6,295,6
93.312,2,6,295,6
39.761,3,6,295,6
1.0947,3,5.8,344,6
76.954,1,5.8,344,6
129.76,2,5.8,344,6
117.21,2,5.8,344,6
123.18,2,5.8,344,6
108.33,3,5.8,344,6
63.73,1,5.8,344,6
176.55,3,5.8,344,6
106.26,2,5.8,344,6
58.284,1,5.8,344,6
132.7,1,5.8,344,6
236.64,1,5.8,344,6
174.67,3,5.8,344,6
61.75,3,5.8,344,6
13.848,3,6.5,366,6
79.479,1,6.5,366,6
190.04,2,6.5,366,6
301.17,2,6.5,366,6
385.57,2,6.5,366,6
140.32,3,6.5,366,6
34.503,1,6.5,366,6
18.459,3,6.5,366,6
6.3818,2,6.5,366,6
48.46,1,6.5,366,6
73.175,1,6.5,366,6
47.278,1,6.5,366,6
46.264,3,6.5,366,6
78.883,2,6.5,366,6
106.15,3,6.5,366,6
5.1643,2,6.8,380,6
168.17,3,6.8,380,6
74.555,3,6.8,380,6
260.95,2,6.8,380,6
253.5,1,6.8,380,6
43.281,1,6.8,380,6
239.35,2,6.8,380,6
39.409,3,6.8,380,6
16.331,3,8.8,6,8
95.945,1,8.8,6,8
69.633,2,8.8,6,8
10.684,3,8.8,6,8
143.3,3,8.8,6,8
75.413,1,8.8,6,8
60.218,2,8.8,6,8
54.775,2,8.8,6,8
8.6057,3,8.8,6,8
17.872,3,8.8,6,8
3.3309,1,8.8,6,8
41.295,3,8.8,6,8
83.986,2,8.8,6,8
77.304,2,8.8,6,8
66.573,1,8.8,6,8
129.68,3,8.8,6,8
22.55,2,8.8,6,8
124.95,1,8.8,6,8
95.764,3,8.8,6,8
41.891,2,8.8,6,8
24.34,1,8.8,6,8
12.017,1,8.8,6,8
32.973,3,8.8,6,8
143.34,1,8.8,6,8
96.521,1,8.8,6,8
3.0995,2,8.8,6,8
72.562,2,8.8,6,8
50.106,1,7.7,17,8
183.22,3,7.7,17,8
86.277,2,7.7,17,8
93.483,3,7.7,17,8
26.05,1,7.7,17,8
71.003,1,7.7,17,8
109.31,1,7.7,17,8
167.31,1,7.7,17,8
89.818,3,7.7,17,8
84.892,3,7.7,17,8
10.317,1,7.7,17,8
122.94,2,7.7,17,8
13.783,3,7.7,17,8
13.254,3,7.7,17,8
69.458,1,7.7,17,8
6.1818,1,7.7,17,8
65.248,2,7.7,17,8
15.476,2,7.7,17,8
108.51,1,7.7,17,8
8.2359,3,7.6,51,8
34.26,1,7.6,51,8
140,2,7.6,51,8
67.799,2,7.6,51,8
170.58,2,7.6,51,8
10.437,3,7.6,51,8
196.63,1,7.6,51,8
169.98,3,7.6,51,8
87.635,2,7.6,51,8
64.33,1,7.6,51,8
53.401,1,7.6,51,8
75.2,1,7.6,51,8
91.835,3,7.6,51,8
5.4659,2,7.6,51,8
20.991,3,7.6,51,8
26.422,3,8.8,67,8
35.532,1,8.8,67,8
20.689,2,8.8,67,8
158.09,2,8.8,67,8
124.43,2,8.8,67,8
45.082,3,8.8,67,8
135.65,1,8.8,67,8
15.412,3,8.8,67,8
23.56,2,8.8,67,8
20.386,1,8.8,67,8
89.711,3,8.8,67,8
135.45,2,8.8,67,8
1.6919,3,8.8,67,8
7.2798,3,7.2,68,8
50.165,1,7.2,68,8
105.66,2,7.2,68,8
161.31,2,7.2,68,8
0.43469,2,7.2,68,8
104.17,3,7.2,68,8
67.772,1,7.2,68,8
63.938,3,7.2,68,8
18.419,2,7.2,68,8
160.24,1,7.2,68,8
45.969,1,7.2,68,8
84.071,3,7.2,68,8
156.57,2,7.2,68,8
46.569,3,7.2,68,8
137.48,3,8.8,69,8
142.08,1,8.8,69,8
60.62,2,8.8,69,8
27.541,2,8.8,69,8
21.182,2,8.8,69,8
17.234,3,8.8,69,8
66.811,1,8.8,69,8
80.713,3,8.8,69,8
14.644,2,8.8,69,8
67.068,1,8.8,69,8
54.059,1,8.8,69,8
117.12,1,8.8,69,8
35.143,3,8.8,69,8
87.103,2,8.8,69,8
185.69,3,8.8,69,8
19.61,3,8.3,84,8
27.962,1,8.3,84,8
33.522,2,8.3,84,8
50.247,2,8.3,84,8
16.513,2,8.3,84,8
104.17,3,8.3,84,8
76.85,1,8.3,84,8
30.829,3,8.3,84,8
182.79,2,8.3,84,8
208.13,1,8.3,84,8
167.93,1,8.3,84,8
222.14,3,8.3,84,8
200.2,2,8.3,84,8
31.073,3,8.3,84,8
167.04,3,8.1,148,8
60.907,2,8.1,148,8
10.24,3,8.1,148,8
78.233,2,8.1,148,8
99.55,1,8.1,148,8
93.111,2,7.9,171,8
200.07,2,7.9,171,8
120.17,3,7.9,171,8
32.79,1,7.9,171,8
0.59999,1,7.9,171,8
217.93,3,7.9,171,8
15.146,2,7.9,171,8
228.66,3,7.9,171,8
118.75,3,8.8,187,8
24.044,1,8.8,187,8
55.805,2,8.8,187,8
23.631,2,8.8,187,8
74.733,2,8.8,187,8
80.249,3,8.8,187,8
190.09,1,8.8,187,8
51.125,3,8.8,187,8
1.3264,2,8.8,187,8
24.878,1,8.8,187,8
78.984,1,8.8,187,8
51.228,1,8.8,187,8
9.9374,3,8.8,187,8
104.66,2,8.8,187,8
12.531,3,8.8,187,8
57.619,3,8.7,197,8
7.2908,1,8.7,197,8
28.518,2,8.7,197,8
4.6541,2,8.7,197,8
64.094,2,8.7,197,8
58.285,3,8.7,197,8
14.542,1,8.7,197,8
20.237,3,8.7,197,8
102.26,2,8.7,197,8
34.802,1,8.7,197,8
10.252,1,8.7,197,8
12.925,1,8.7,197,8
73.638,3,8.7,197,8
62.258,2,8.7,197,8
39.554,3,8.7,197,8
48.852,2,7.7,220,8
2.5187,2,7.7,220,8
85.937,2,7.7,220,8
111.13,3,7.7,220,8
173.9,1,7.7,220,8
10.209,3,7.7,220,8
80.747,2,7.7,220,8
12.089,1,7.7,220,8
73.387,1,7.7,220,8
90.821,1,7.7,220,8
32.148,3,7.7,220,8
44.595,2,7.7,220,8
16.997,3,7.7,220,8
37.084,3,8.5,223,8
59.098,2,8.5,223,8
0.27777,2,8.5,223,8
109.79,2,8.5,223,8
58.351,3,8.5,223,8
3.0805,1,8.5,223,8
102.17,3,8.5,223,8
95.824,2,8.5,223,8
14.876,1,8.5,223,8
64.257,1,8.5,223,8
7.6062,1,8.5,223,8
90.049,3,8.5,223,8
135.22,2,8.5,223,8
56.623,3,8.5,223,8
39.95,3,7.3,236,8
37.444,1,7.3,236,8
24.733,2,7.3,236,8
23.349,2,7.3,236,8
26.37,2,7.3,236,8
1.4824,3,7.3,236,8
45.915,1,7.3,236,8
66.59,3,7.3,236,8
30.842,2,7.3,236,8
60.999,1,7.3,236,8
4.4091,1,7.3,236,8
56.065,1,7.3,236,8
25.624,3,7.3,236,8
41.978,2,7.3,236,8
16.933,3,7.3,236,8
20.765,3,7.2,253,8
79.667,1,7.2,253,8
47.979,2,7.2,253,8
44.574,2,7.2,253,8
66.633,2,7.2,253,8
83.752,3,7.2,253,8
55.426,1,7.2,253,8
140.37,3,7.2,253,8
56.536,2,7.2,253,8
29.175,1,7.2,253,8
18.844,1,7.2,253,8
67.223,1,7.2,253,8
104.92,3,7.2,253,8
38.702,2,7.2,253,8
67.967,3,7.2,253,8
62.234,3,8,261,8
37.894,1,8,261,8
55.275,2,8,261,8
3.0394,2,8,261,8
15.413,2,8,261,8
45.341,3,8,261,8
29.993,1,8,261,8
55.49,3,8,261,8
41.744,2,8,261,8
38.729,1,8,261,8
42.544,1,8,261,8
84.505,1,8,261,8
10.347,3,8,261,8
39.954,2,8,261,8
38.098,3,8,261,8
256.58,3,7.3,271,8
138.64,1,7.3,271,8
102.92,2,7.3,271,8
57.031,2,7.3,271,8
148.23,2,7.3,271,8
85.131,3,7.3,271,8
163.01,1,7.3,271,8
2.0797,3,7.3,271,8
145.92,2,7.3,271,8
52.83,1,7.3,271,8
64.503,1,7.3,271,8
183.08,1,7.3,271,8
31.576,3,7.3,271,8
76.008,2,7.3,271,8
167.48,3,7.3,271,8
92.112,1,7.2,280,8
112.46,2,7.2,280,8
75.174,2,7.2,280,8
133.09,2,7.2,280,8
146.43,3,7.2,280,8
8.8548,2,7.2,280,8
31.373,1,7.2,280,8
38.817,1,7.2,280,8
96.915,1,7.2,280,8
22.188,3,7.2,280,8
9.3418,2,7.2,280,8
2.5412,3,7.2,280,8
91.886,3,7.8,282,8
70.856,3,7.8,282,8
204.26,2,7.8,282,8
138.26,1,7.8,282,8
8.1677,1,7.8,282,8
207.34,1,7.8,282,8
12.128,3,7.8,282,8
67.925,2,7.8,282,8
56.233,3,7.8,282,8
63.556,1,8.3,286,8
96.484,2,8.3,286,8
109.07,2,8.3,286,8
43.092,2,8.3,286,8
107.83,3,8.3,286,8
69.288,1,8.3,286,8
79.35,3,8.3,286,8
51.518,2,8.3,286,8
94.901,1,8.3,286,8
80.917,1,8.3,286,8
15.424,1,8.3,286,8
67.757,3,8.3,286,8
45.49,2,8.3,286,8
73.366,3,8.3,286,8
99.508,2,7.4,290,8
60.093,2,7.4,290,8
16.342,1,7.4,290,8
112.64,3,7.4,290,8
14.677,2,7.4,290,8
10.841,1,7.4,290,8
180.64,1,7.4,290,8
73.681,1,7.4,290,8
1.4792,3,7.4,290,8
49.213,2,7.4,290,8
71.328,3,7.4,290,8
102.76,3,8.6,297,8
127.63,1,8.6,297,8
84.611,2,8.6,297,8
108.3,2,8.6,297,8
30.776,2,8.6,297,8
50.28,3,8.6,297,8
47.14,1,8.6,297,8
11.311,3,8.6,297,8
7.2421,2,8.6,297,8
59.117,1,8.6,297,8
116.87,1,8.6,297,8
68.111,1,8.6,297,8
41.468,3,8.6,297,8
131.81,2,8.6,297,8
126.32,3,8.6,297,8
197.8,1,8.7,298,8
125.04,2,8.7,298,8
13.898,2,8.7,298,8
155.22,2,8.7,298,8
71.012,3,8.7,298,8
2.8685,1,8.7,298,8
152.37,3,8.7,298,8
36.389,2,8.7,298,8
28.158,1,8.7,298,8
101.86,1,8.7,298,8
75.972,1,8.7,298,8
29.678,3,8.7,298,8
56.826,2,8.7,298,8
91.713,3,8.7,298,8
101.84,2,7.6,315,8
38.603,2,7.6,315,8
58.426,3,7.6,315,8
16.262,1,7.6,315,8
171.22,3,7.6,315,8
9.058,2,7.6,315,8
2.2017,1,7.6,315,8
65.95,1,7.6,315,8
43.447,1,7.6,315,8
55.437,3,7.6,315,8
15.538,2,7.6,315,8
28.758,3,7.6,315,8
7,3,7.8,346,8
74.728,1,7.8,346,8
6.4661,2,7.8,346,8
53.324,2,7.8,346,8
14.754,2,7.8,346,8
173,3,7.8,346,8
147.47,1,7.8,346,8
100.22,3,7.8,346,8
6.141,2,7.8,346,8
16.222,1,7.8,346,8
8.051,1,7.8,346,8
58.114,1,7.8,346,8
14.168,3,7.8,346,8
52.795,2,7.8,346,8
90.492,3,7.8,346,8
105.71,3,7.2,347,8
112.38,1,7.2,347,8
37.819,2,7.2,347,8
60.161,2,7.2,347,8
76.113,2,7.2,347,8
2.1614,3,7.2,347,8
31.705,1,7.2,347,8
4.1714,3,7.2,347,8
155.38,2,7.2,347,8
72.889,1,7.2,347,8
142.43,1,7.2,347,8
119.73,1,7.2,347,8
4.1576,3,7.2,347,8
14.521,2,7.2,347,8
3.8498,3,7.2,347,8
267.1,2,7.2,370,8
121.73,2,7.2,370,8
116.31,1,7.2,370,8
24.472,3,7.2,370,8
250.76,2,7.2,370,8
109.9,1,7.2,370,8
84.542,1,7.2,370,8
4.0496,1,7.2,370,8
109.26,3,7.2,370,8
28.235,3,7.2,370,8
132.32,3,8.5,371,8
214.28,1,8.5,371,8
28.114,2,8.5,371,8
35.331,2,8.5,371,8
105.81,2,8.5,371,8
21.089,3,8.5,371,8
204.76,1,8.5,371,8
108.66,3,8.5,371,8
198.35,2,8.5,371,8
257.23,1,8.5,371,8
71.988,1,8.5,371,8
223.66,3,8.5,371,8
93.624,3,8.5,371,8
200.71,3,8.6,410,8
159.73,1,8.6,410,8
235.89,3,8.6,410,8
134.36,3,8.6,410,8
54.071,1,8.6,410,8
36.912,1,8.6,410,8
107.43,3,8.6,410,8
19.862,3,7.5,426,8
114.85,1,7.5,426,8
66.252,2,7.5,426,8
8.5583,2,7.5,426,8
167.89,2,7.5,426,8
252,3,7.5,426,8
13.533,3,7.5,426,8
254.55,2,7.5,426,8
151.57,1,7.5,426,8
189.96,1,7.5,426,8
203.99,2,7,439,8
139.29,3,7,439,8
24.25,3,7,439,8
155.44,2,7,439,8
29.244,1,7,439,8
49.689,3,7,439,8
139.56,2,7,439,8
62.001,3,8.9,444,8
54.092,1,8.9,444,8
3.9015,2,8.9,444,8
46.763,2,8.9,444,8
3.0461,2,8.9,444,8
78.364,3,8.9,444,8
109.49,1,8.9,444,8
32.504,3,8.9,444,8
86.376,1,8.9,444,8
73.105,1,8.9,444,8
38.247,1,8.9,444,8
106.84,3,8.9,444,8
157.37,3,8.9,444,8
105.4,1,10.1,20,10
83.603,1,10.1,20,10
247.92,3,10.1,20,10
1.7528,2,10.1,20,10
93.468,3,10.1,20,10
86.342,1,10.1,20,10
44.708,1,10.1,20,10
38.999,1,10.1,20,10
54.293,3,10.1,20,10
93.403,3,10.1,20,10
66.144,1,10.1,20,10
8.0248,2,10.1,20,10
176.73,3,10.1,20,10
29.747,3,10.1,20,10
198.66,1,10.1,20,10
48.052,2,10.1,20,10
124.95,2,10.1,20,10
40.72,1,10.1,20,10
164.21,3,10.5,25,10
65.343,1,10.5,25,10
12.013,2,10.5,25,10
27.296,2,10.5,25,10
30.818,2,10.5,25,10
2.1827,3,10.5,25,10
57.917,1,10.5,25,10
89.754,3,10.5,25,10
65.759,1,10.5,25,10
103.49,1,10.5,25,10
103.41,1,10.5,25,10
82.901,3,10.5,25,10
100.83,3,10.5,25,10
105.93,3,10.9,26,10
56.257,1,10.9,26,10
62.692,2,10.9,26,10
93.017,2,10.9,26,10
47.138,2,10.9,26,10
18.145,3,10.9,26,10
61.262,1,10.9,26,10
114.47,3,10.9,26,10
67.252,2,10.9,26,10
56.546,1,10.9,26,10
71.203,1,10.9,26,10
102.55,3,10.9,26,10
85.881,2,10.9,26,10
92.45,3,10.9,26,10
147.54,3,10.6,30,10
36.933,1,10.6,30,10
6.3604,2,10.6,30,10
46.82,2,10.6,30,10
31.278,2,10.6,30,10
51.514,3,10.6,30,10
11.263,1,10.6,30,10
15.275,3,10.6,30,10
100.07,2,10.6,30,10
28.302,1,10.6,30,10
64.805,1,10.6,30,10
5.5159,1,10.6,30,10
122.27,3,10.6,30,10
11.589,2,10.6,30,10
166.04,3,10.6,30,10
59.831,3,9.6,44,10
44.922,1,9.6,44,10
26.751,2,9.6,44,10
105.73,2,9.6,44,10
51.228,2,9.6,44,10
22.827,3,9.6,44,10
52.52,1,9.6,44,10
11.593,3,9.6,44,10
79.368,2,9.6,44,10
57.938,1,9.6,44,10
47.085,1,9.6,44,10
177.86,1,9.6,44,10
13.351,2,9.6,44,10
20.732,3,9.6,44,10
54.794,1,9.6,45,10
82.985,2,9.6,45,10
46.642,2,9.6,45,10
17.953,2,9.6,45,10
59.478,3,9.6,45,10
82.252,1,9.6,45,10
108.31,3,9.6,45,10
33.899,2,9.6,45,10
1.9527,1,9.6,45,10
23.681,1,9.6,45,10
37.851,1,9.6,45,10
44.843,3,9.6,45,10
20.358,2,9.6,45,10
24.408,3,9.6,45,10
98.424,3,10.1,47,10
148.83,1,10.1,47,10
17.651,2,10.1,47,10
22.475,2,10.1,47,10
69.418,2,10.1,47,10
4.4724,3,10.1,47,10
60.979,1,10.1,47,10
2.6066,2,10.1,47,10
23.757,1,10.1,47,10
27.51,1,10.1,47,10
61.031,1,10.1,47,10
1.6027,3,10.1,47,10
130.79,2,10.1,47,10
70.092,3,10.1,47,10
87.122,3,9.7,50,10
48.038,1,9.7,50,10
73.482,2,9.7,50,10
30.514,2,9.7,50,10
49.77,2,9.7,50,10
62.249,3,9.7,50,10
78.493,1,9.7,50,10
6.9356,3,9.7,50,10
72.032,2,9.7,50,10
93.924,1,9.7,50,10
55.775,1,9.7,50,10
104.28,1,9.7,50,10
3.4154,3,9.7,50,10
160.07,2,9.7,50,10
3.3754,3,9.7,50,10
168.92,3,10.3,70,10
22.352,1,10.3,70,10
102.37,2,10.3,70,10
66.56,2,10.3,70,10
62.488,2,10.3,70,10
137.23,3,10.3,70,10
58.854,1,10.3,70,10
167.31,3,10.3,70,10
54.638,2,10.3,70,10
21.461,1,10.3,70,10
15.16,1,10.3,70,10
155.98,1,10.3,70,10
58.785,3,10.3,70,10
32.149,2,10.3,70,10
78.047,3,10.3,70,10
125.31,3,9.9,87,10
35.305,1,9.9,87,10
89.271,2,9.9,87,10
49.332,2,9.9,87,10
8.5051,2,9.9,87,10
65.17,3,9.9,87,10
117.74,1,9.9,87,10
64.777,3,9.9,87,10
80.282,2,9.9,87,10
52.035,1,9.9,87,10
5.3847,1,9.9,87,10
133.08,1,9.9,87,10
56.246,3,9.9,87,10
85.509,2,9.9,87,10
30.005,3,9.9,87,10
108.09,3,9.9,93,10
82.332,1,9.9,93,10
11.137,2,9.9,93,10
66.468,3,9.9,93,10
8.6014,1,9.9,93,10
154.91,3,9.9,93,10
29.211,2,9.9,93,10
29.142,1,9.9,93,10
59.397,1,9.9,93,10
36.862,1,9.9,93,10
52.372,3,9.9,93,10
29.376,2,9.9,93,10
43.109,3,9.9,93,10
221.79,3,10.6,98,10
21.935,1,10.6,98,10
58.858,2,10.6,98,10
24.032,2,10.6,98,10
133.45,2,10.6,98,10
66.468,3,10.6,98,10
57.558,1,10.6,98,10
5.9137,3,10.6,98,10
21.206,2,10.6,98,10
24.869,1,10.6,98,10
56.5,1,10.6,98,10
83.948,1,10.6,98,10
26.969,3,10.6,98,10
75.344,2,10.6,98,10
46.113,3,10.6,98,10
53.003,3,10.4,154,10
75.389,1,10.4,154,10
52.738,2,10.4,154,10
76.037,2,10.4,154,10
56.405,2,10.4,154,10
1.5427,3,10.4,154,10
132.58,1,10.4,154,10
38.783,3,10.4,154,10
88.59,2,10.4,154,10
47.786,1,10.4,154,10
45.196,1,10.4,154,10
0.4461,1,10.4,154,10
177.5,3,10.4,154,10
47.399,2,10.4,154,10
86.469,3,10.4,154,10
98.874,3,10,205,10
102.4,1,10,205,10
23.131,2,10,205,10
30.438,2,10,205,10
43.874,3,10,205,10
42.475,1,10,205,10
47.794,3,10,205,10
41.249,2,10,205,10
58.84,1,10,205,10
123.44,1,10,205,10
103.03,1,10,205,10
69.642,3,10,205,10
2.4524,2,10,205,10
76.906,3,10,205,10
88.052,3,9.3,231,10
2.7863,1,9.3,231,10
85.764,2,9.3,231,10
62.24,2,9.3,231,10
41.127,2,9.3,231,10
19.91,3,9.3,231,10
15,1,9.3,231,10
20.673,3,9.3,231,10
85.162,2,9.3,231,10
52.994,1,9.3,231,10
102.63,1,9.3,231,10
107.41,1,9.3,231,10
158,3,9.3,231,10
5.7509,2,9.3,231,10
73.391,3,9.3,231,10
58.002,3,9,237,10
31.782,1,9,237,10
61.94,2,9,237,10
109.07,2,9,237,10
55.486,2,9,237,10
213.67,3,9,237,10
33.602,1,9,237,10
70.962,3,9,237,10
163.99,2,9,237,10
29.064,1,9,237,10
25.808,1,9,237,10
17.847,1,9,237,10
102.2,3,9,237,10
133.44,2,9,237,10
42.555,3,9,237,10
255.26,3,10.9,245,10
3.285,1,10.9,245,10
146.71,2,10.9,245,10
135.53,2,10.9,245,10
57.74,2,10.9,245,10
19.355,3,10.9,245,10
94.948,1,10.9,245,10
23.877,3,10.9,245,10
97.6,2,10.9,245,10
63.681,1,10.9,245,10
112.93,1,10.9,245,10
22.359,1,10.9,245,10
27.837,3,10.9,245,10
26.647,2,10.9,245,10
31.752,3,10.9,245,10
168.88,3,9.3,260,10
139.1,1,9.3,260,10
78.306,2,9.3,260,10
144.42,2,9.3,260,10
74.897,2,9.3,260,10
66.195,3,9.3,260,10
27.97,1,9.3,260,10
30.221,3,9.3,260,10
31.213,2,9.3,260,10
28.539,1,9.3,260,10
19.22,1,9.3,260,10
18.765,1,9.3,260,10
139.9,3,9.3,260,10
5.0157,2,9.3,260,10
34.36,3,9.3,260,10
86.897,3,10.5,291,10
74.495,2,10.5,291,10
20.449,2,10.5,291,10
93.733,2,10.5,291,10
34.184,3,10.5,291,10
61.428,1,10.5,291,10
89.392,3,10.5,291,10
101.82,2,10.5,291,10
121.51,1,10.5,291,10
36.736,1,10.5,291,10
76.731,1,10.5,291,10
4.4327,3,10.5,291,10
38.399,3,10.5,293,10
86.806,1,10.5,293,10
90.951,2,10.5,293,10
102.03,2,10.5,293,10
13.815,2,10.5,293,10
26.827,3,10.5,293,10
87.435,1,10.5,293,10
52.449,3,10.5,293,10
33.857,2,10.5,293,10
54.28,1,10.5,293,10
73.416,1,10.5,293,10
144.94,1,10.5,293,10
10.033,3,10.5,293,10
42.586,2,10.5,293,10
81.234,3,10.5,293,10
29.995,3,10.2,294,10
43.977,1,10.2,294,10
104.91,2,10.2,294,10
10.621,2,10.2,294,10
4.0001,2,10.2,294,10
106.14,3,10.2,294,10
182.55,1,10.2,294,10
25.559,3,10.2,294,10
92,2,10.2,294,10
114.16,1,10.2,294,10
7.43,1,10.2,294,10
55.948,1,10.2,294,10
9.6283,3,10.2,294,10
37.972,2,10.2,294,10
48.6,3,10.2,294,10
75.861,3,10.3,301,10
106.54,1,10.3,301,10
23.497,2,10.3,301,10
146.19,2,10.3,301,10
39.439,3,10.3,301,10
54.043,1,10.3,301,10
19.458,3,10.3,301,10
35.674,2,10.3,301,10
54.444,1,10.3,301,10
38.91,1,10.3,301,10
142.66,1,10.3,301,10
43.837,3,10.3,301,10
107.84,2,10.3,301,10
85.01,3,10.3,301,10
116.74,3,9.1,304,10
28.143,1,9.1,304,10
102.64,2,9.1,304,10
103.07,2,9.1,304,10
79.967,2,9.1,304,10
131.32,3,9.1,304,10
27.581,2,9.1,304,10
106.63,1,9.1,304,10
61.771,1,9.1,304,10
35.275,1,9.1,304,10
124.5,3,9.1,304,10
39.692,2,9.1,304,10
30.903,3,9.1,304,10
36.873,3,9.2,308,10
26.019,1,9.2,308,10
47.768,2,9.2,308,10
40.853,2,9.2,308,10
52.608,3,9.2,308,10
14.136,1,9.2,308,10
60.043,3,9.2,308,10
35.141,2,9.2,308,10
109.38,1,9.2,308,10
50.531,1,9.2,308,10
2.0218,1,9.2,308,10
2.1708,3,9.2,308,10
46.409,2,9.2,308,10
35.966,3,9.2,308,10
16.623,3,9.8,310,10
83.523,1,9.8,310,10
79.862,2,9.8,310,10
6.9869,2,9.8,310,10
6.5166,2,9.8,310,10
99.497,3,9.8,310,10
125.98,1,9.8,310,10
155.99,3,9.8,310,10
125.73,2,9.8,310,10
98.631,1,9.8,310,10
96.97,1,9.8,310,10
54.997,1,9.8,310,10
96.999,3,9.8,310,10
42.807,2,9.8,310,10
26.208,3,9.8,310,10
61.211,3,9.6,342,10
77.389,1,9.6,342,10
78.498,2,9.6,342,10
36.192,2,9.6,342,10
71.524,2,9.6,342,10
48.609,3,9.6,342,10
112.82,1,9.6,342,10
93.743,2,9.6,342,10
83.073,1,9.6,342,10
41.969,1,9.6,342,10
19.498,3,9.6,342,10
1.8557,2,9.6,342,10
19.617,3,9.6,342,10
180.33,3,9.2,348,10
125.66,2,9.2,348,10
251.94,3,9.2,348,10
113.49,3,9.2,348,10
9.457,2,9.2,348,10
52.83,1,9.2,348,10
49.378,1,9.2,348,10
102.72,1,9.2,348,10
122.44,3,9.2,348,10
134.77,2,9.2,348,10
47.33,3,10.6,367,10
77.33,1,10.6,367,10
0.82362,2,10.6,367,10
10.187,2,10.6,367,10
35.282,2,10.6,367,10
218.66,3,10.6,367,10
3.097,1,10.6,367,10
40.384,3,10.6,367,10
92.66,2,10.6,367,10
107.59,1,10.6,367,10
9.0289,1,10.6,367,10
51.449,1,10.6,367,10
24.925,3,10.6,367,10
86.225,2,10.6,367,10
41.35,3,10.6,367,10
109.37,3,9.9,373,10
108.56,1,9.9,373,10
85.497,2,9.9,373,10
189.18,2,9.9,373,10
185.61,2,9.9,373,10
1.2257,3,9.9,373,10
75.537,1,9.9,373,10
173.38,3,9.9,373,10
13.489,2,9.9,373,10
97.083,1,9.9,373,10
13.811,1,9.9,373,10
7.0513,1,9.9,373,10
43.309,3,9.9,373,10
168.11,2,9.9,373,10
41.64,3,9.9,373,10
40.861,3,9.3,374,10
4.304,1,9.3,374,10
0.34875,2,9.3,374,10
27.635,2,9.3,374,10
55.294,2,9.3,374,10
34.855,3,9.3,374,10
12.427,1,9.3,374,10
192.17,3,9.3,374,10
109.52,2,9.3,374,10
79.471,1,9.3,374,10
21.567,1,9.3,374,10
11.862,1,9.3,374,10
91.026,3,9.3,374,10
83.591,2,9.3,374,10
19.304,3,9.3,374,10
36.676,3,10.1,384,10
11.248,1,10.1,384,10
10.284,2,10.1,384,10
40.774,2,10.1,384,10
81.956,2,10.1,384,10
19.041,3,10.1,384,10
49.794,1,10.1,384,10
39.429,3,10.1,384,10
47.378,2,10.1,384,10
35.722,1,10.1,384,10
97.033,1,10.1,384,10
87.06,3,10.1,384,10
74.33,2,10.1,384,10
99.53,3,10.1,384,10
234.36,3,9.1,387,10
13.946,1,9.1,387,10
98.399,2,9.1,387,10
45.765,2,9.1,387,10
34.65,2,9.1,387,10
184.61,3,9.1,387,10
8.8118,1,9.1,387,10
89.459,3,9.1,387,10
54.721,2,9.1,387,10
58.488,1,9.1,387,10
124.15,1,9.1,387,10
29.122,1,9.1,387,10
164.84,3,9.1,387,10
33.284,2,9.1,387,10
40.635,3,9.1,387,10
100.4,3,9.7,424,10
81.156,1,9.7,424,10
21.464,2,9.7,424,10
14.573,2,9.7,424,10
38.709,2,9.7,424,10
2.2508,3,9.7,424,10
60.691,1,9.7,424,10
79.36,3,9.7,424,10
33.025,2,9.7,424,10
103.97,1,9.7,424,10
47.64,1,9.7,424,10
6.363,3,9.7,424,10
45.78,2,9.7,424,10
60.21,3,9.7,424,10
230.19,3,9.4,427,10
4.239,1,9.4,427,10
105.58,2,9.4,427,10
39.511,2,9.4,427,10
43.709,2,9.4,427,10
10.185,3,9.4,427,10
100.79,1,9.4,427,10
129.5,3,9.4,427,10
96.895,2,9.4,427,10
5.2884,1,9.4,427,10
147.37,1,9.4,427,10
25.632,1,9.4,427,10
65.057,3,9.4,427,10
53.963,2,9.4,427,10
58.875,3,9.4,427,10
80.722,3,10.5,429,10
46.857,1,10.5,429,10
183.66,2,10.5,429,10
233.11,3,10.5,429,10
84.01,2,10.5,429,10
4.3787,1,10.5,429,10
15.356,1,10.5,429,10
54.593,1,10.5,429,10
109.31,3,10.5,429,10
95.379,2,10.5,429,10
106.47,3,10.5,429,10
57.56,3,10.1,431,10
100.64,1,10.1,431,10
30.433,2,10.1,431,10
81.933,2,10.1,431,10
120.88,2,10.1,431,10
6.4125,3,10.1,431,10
87.365,1,10.1,431,10
114.09,3,10.1,431,10
95.685,2,10.1,431,10
9.8442,1,10.1,431,10
47.763,1,10.1,431,10
49.73,2,10.1,431,10
9.8789,3,10.1,431,10
101.94,1,9.2,449,10
255.29,2,9.2,449,10
206.08,3,9.2,449,10
32.973,1,9.2,449,10
160.51,3,9.2,449,10
83.321,2,9.2,449,10
249.63,1,9.2,449,10
178.54,1,9.2,449,10
117.94,3,9.2,449,10
238.32,3,11.6,7,12
86.742,1,11.6,7,12
213.97,2,11.6,7,12
3.0494,3,11.6,7,12
58.844,3,11.6,7,12
141.13,1,11.6,7,12
265.27,1,11.6,7,12
22.786,2,11.6,7,12
150.6,2,11.6,7,12
103.44,1,11.6,7,12
72.448,3,11.6,7,12
139.22,3,11.6,7,12
77.855,1,11.6,7,12
61.431,3,11.6,7,12
48.144,2,11.6,7,12
72.576,2,11.6,7,12
81.772,1,11.6,7,12
24.786,2,11.6,7,12
17.979,3,11.6,7,12
95.272,2,11.6,7,12
91.426,1,11.6,7,12
209.06,3,11.6,7,12
106.31,2,11.6,7,12
92.689,1,11.6,7,12
225.01,1,11.6,7,12
158.03,3,11.6,7,12
8.237,1,11.6,7,12
144.68,1,11.6,7,12
131.09,2,11.6,7,12
74.567,2,11.6,7,12
245.05,3,11,29,12
74.87,1,11,29,12
187.82,2,11,29,12
66.976,2,11,29,12
112.38,2,11,29,12
109.47,1,11,29,12
154.63,3,11,29,12
67.8,2,11,29,12
161.33,1,11,29,12
81.278,1,11,29,12
85.515,3,11,29,12
275.25,2,11,29,12
63.907,3,11,29,12
14.464,2,11.6,53,12
22.421,2,11.6,53,12
150.3,3,11.6,53,12
69.71,1,11.6,53,12
23.499,3,11.6,53,12
149.88,2,11.6,53,12
153.78,1,11.6,53,12
47.514,1,11.6,53,12
68.099,3,11.6,53,12
81.759,2,11.6,53,12
5.0791,3,11.6,53,12
107.59,3,11.9,56,12
137.25,1,11.9,56,12
175.24,2,11.9,56,12
9.243,2,11.9,56,12
247.57,2,11.9,56,12
104.3,3,11.9,56,12
48.947,1,11.9,56,12
15.882,3,11.9,56,12
53.295,2,11.9,56,12
96.63,1,11.9,56,12
61.812,1,11.9,56,12
4.5966,1,11.9,56,12
159.54,3,11.9,56,12
62.448,2,11.9,56,12
33.469,3,11.9,56,12
120.13,3,11.3,66,12
51.941,1,11.3,66,12
2.6385,2,11.3,66,12
3.3766,2,11.3,66,12
231.16,2,11.3,66,12
9.778,3,11.3,66,12
106.7,1,11.3,66,12
35.374,3,11.3,66,12
58.584,2,11.3,66,12
82.839,1,11.3,66,12
38.036,1,11.3,66,12
18.836,1,11.3,66,12
4.3201,3,11.3,66,12
63.853,2,11.3,66,12
60.433,3,11.3,66,12
197.25,3,12.1,74,12
101.56,1,12.1,74,12
61.833,2,12.1,74,12
53.369,2,12.1,74,12
72.557,2,12.1,74,12
4.8671,3,12.1,74,12
19.863,1,12.1,74,12
136.96,3,12.1,74,12
66.988,2,12.1,74,12
85.15,1,12.1,74,12
63.535,1,12.1,74,12
4.3778,1,12.1,74,12
112.06,3,12.1,74,12
52.872,2,12.1,74,12
5.1645,3,12.1,74,12
41.38,2,11.2,83,12
79.756,2,11.2,83,12
81.772,2,11.2,83,12
73.038,3,11.2,83,12
96.763,1,11.2,83,12
102.72,1,11.2,83,12
1.6816,1,11.2,83,12
40.783,1,11.2,83,12
62.189,3,11.2,83,12
49.543,2,11.2,83,12
50.645,3,11.2,83,12
29.195,3,11.8,86,12
60.306,1,11.8,86,12
96.525,2,11.8,86,12
102.13,2,11.8,86,12
36.557,2,11.8,86,12
56.609,3,11.8,86,12
46.211,1,11.8,86,12
34.905,3,11.8,86,12
18.463,2,11.8,86,12
104.63,1,11.8,86,12
106.31,1,11.8,86,12
96.404,1,11.8,86,12
72.414,3,11.8,86,12
39.46,2,11.8,86,12
32.632,1,11.3,128,12
52.065,2,11.3,128,12
65.264,2,11.3,128,12
16.084,2,11.3,128,12
52.946,3,11.3,128,12
10.758,1,11.3,128,12
20.934,3,11.3,128,12
46.675,2,11.3,128,12
72.377,1,11.3,128,12
123.96,1,11.3,128,12
70.72,1,11.3,128,12
74.254,3,11.3,128,12
178.57,2,11.3,128,12
110.26,3,11.3,128,12
19.261,3,11.7,199,12
11.394,1,11.7,199,12
98.806,2,11.7,199,12
71.629,2,11.7,199,12
0.43742,2,11.7,199,12
51.048,1,11.7,199,12
31.668,3,11.7,199,12
34.371,2,11.7,199,12
29.405,1,11.7,199,12
74.22,2,11.7,199,12
47.258,3,11.7,199,12
68.248,3,11.9,203,12
35.291,1,11.9,203,12
11.71,2,11.9,203,12
88.984,2,11.9,203,12
102.6,2,11.9,203,12
104.25,3,11.9,203,12
177.71,3,11.9,203,12
163.86,2,11.9,203,12
49.604,1,11.9,203,12
82.892,1,11.9,203,12
148.11,1,11.9,203,12
18.467,2,11.9,203,12
65.681,3,11.9,203,12
46.005,3,11.9,250,12
81.984,1,11.9,250,12
107.39,2,11.9,250,12
70.486,2,11.9,250,12
31.254,2,11.9,250,12
5.2312,3,11.9,250,12
13.99,1,11.9,250,12
105.13,3,11.9,250,12
142.47,2,11.9,250,12
60.883,1,11.9,250,12
42.837,1,11.9,250,12
34.007,1,11.9,250,12
41.308,3,11.9,250,12
14.523,2,11.9,250,12
15.565,3,11.9,250,12
33.335,3,12.7,257,12
41.635,1,12.7,257,12
33.018,2,12.7,257,12
85.315,2,12.7,257,12
4.5795,2,12.7,257,12
65.69,3,12.7,257,12
91.95,1,12.7,257,12
35.226,3,12.7,257,12
8.3493,2,12.7,257,12
54.312,1,12.7,257,12
3.6011,1,12.7,257,12
5.1325,1,12.7,257,12
32.996,3,12.7,257,12
0.95478,2,12.7,257,12
97.985,3,12.7,257,12
81.188,3,12.8,265,12
20.03,1,12.8,265,12
7.3277,2,12.8,265,12
26.158,2,12.8,265,12
73.442,2,12.8,265,12
96.673,3,12.8,265,12
48.755,1,12.8,265,12
10.164,3,12.8,265,12
5.7377,2,12.8,265,12
54.995,1,12.8,265,12
51.09,1,12.8,265,12
73.791,1,12.8,265,12
52.88,3,12.8,265,12
49.77,2,12.8,265,12
5.6183,3,12.8,265,12
75.979,3,11.4,283,12
21.893,1,11.4,283,12
84.303,2,11.4,283,12
79.85,2,11.4,283,12
11.307,2,11.4,283,12
60.961,3,11.4,283,12
16.232,1,11.4,283,12
94.27,3,11.4,283,12
100.37,2,11.4,283,12
50.746,1,11.4,283,12
38.141,1,11.4,283,12
20.285,1,11.4,283,12
28.189,3,11.4,283,12
8.1046,2,11.4,283,12
54.772,3,11.4,283,12
80.844,1,11.5,303,12
25.391,2,11.5,303,12
35.098,2,11.5,303,12
62.615,2,11.5,303,12
104.45,3,11.5,303,12
40.777,1,11.5,303,12
0.93292,3,11.5,303,12
4.1125,2,11.5,303,12
28.619,1,11.5,303,12
14.117,1,11.5,303,12
23.111,1,11.5,303,12
55.911,3,11.5,303,12
181.63,2,11.5,303,12
12.296,3,11.5,303,12
31.246,2,11.3,309,12
25.635,2,11.3,309,12
76.315,2,11.3,309,12
9.7723,3,11.3,309,12
74.936,1,11.3,309,12
39.912,3,11.3,309,12
35.194,2,11.3,309,12
68.572,1,11.3,309,12
105.88,1,11.3,309,12
36.862,1,11.3,309,12
63.464,3,11.3,309,12
1.3432,3,11.3,309,12
138.41,3,11.3,311,12
72.772,1,11.3,311,12
2.1318,2,11.3,311,12
94.398,2,11.3,311,12
3.3684,2,11.3,311,12
80.744,3,11.3,311,12
15.499,1,11.3,311,12
3.0422,3,11.3,311,12
51.548,2,11.3,311,12
54.64,1,11.3,311,12
8.6563,1,11.3,311,12
68.196,1,11.3,311,12
83.575,2,11.3,311,12
230.31,3,11.3,311,12
39.944,3,12.1,357,12
90.067,1,12.1,357,12
8.145,2,12.1,357,12
73.909,2,12.1,357,12
3.6749,2,12.1,357,12
46.896,3,12.1,357,12
128.21,3,12.1,357,12
29.238,2,12.1,357,12
7.3434,1,12.1,357,12
53.272,1,12.1,357,12
21.323,1,12.1,357,12
77.237,3,12.1,357,12
82.025,2,12.1,357,12
45.948,3,12.1,357,12
81.028,3,12.2,369,12
185.25,1,12.2,369,12
158.4,2,12.2,369,12
54.875,2,12.2,369,12
253.26,2,12.2,369,12
97.786,3,12.2,369,12
97.864,1,12.2,369,12
32.592,3,12.2,369,12
21.936,2,12.2,369,12
8.0568,1,12.2,369,12
11.2,1,12.2,369,12
61.517,1,12.2,369,12
6.5091,3,12.2,369,12
67.828,2,12.2,369,12
9.8676,3,12.2,369,12
66.73,3,12.6,375,12
94.496,1,12.6,375,12
105.13,2,12.6,375,12
98.621,2,12.6,375,12
66.364,3,12.6,375,12
129.61,1,12.6,375,12
62.894,3,12.6,375,12
73.568,2,12.6,375,12
109.82,1,12.6,375,12
63.941,1,12.6,375,12
9.1597,1,12.6,375,12
103.2,3,12.6,375,12
40.731,2,12.6,375,12
30.702,3,12.6,375,12
3.9635,3,12,385,12
25.631,1,12,385,12
98.907,2,12,385,12
34.585,2,12,385,12
14.451,2,12,385,12
12.451,3,12,385,12
54.152,1,12,385,12
75.009,3,12,385,12
33.784,2,12,385,12
28.468,1,12,385,12
38.761,1,12,385,12
116.19,3,12,385,12
105.75,2,12,385,12
7.6971,3,12,385,12
51.442,3,12.5,386,12
75.542,1,12.5,386,12
56.454,2,12.5,386,12
14.386,2,12.5,386,12
18.422,2,12.5,386,12
53.173,3,12.5,386,12
1.5186,1,12.5,386,12
71.966,3,12.5,386,12
93.011,2,12.5,386,12
42.786,1,12.5,386,12
57.195,1,12.5,386,12
23.452,1,12.5,386,12
6.6323,3,12.5,386,12
37.589,2,12.5,386,12
62.434,3,12.5,386,12
33.078,3,12.9,428,12
76.345,1,12.9,428,12
100.02,2,12.9,428,12
63.036,1,12.9,428,12
46.921,3,12.9,428,12
38.881,2,12.9,428,12
12.286,1,12.9,428,12
18.058,1,12.9,428,12
10.734,1,12.9,428,12
27.077,3,12.9,428,12
27.477,2,12.9,428,12
16.672,3,12.9,428,12
17.103,3,12.4,436,12
27.864,1,12.4,436,12
118.92,2,12.4,436,12
3.8044,2,12.4,436,12
16.452,2,12.4,436,12
31.665,3,12.4,436,12
33.198,1,12.4,436,12
12.382,3,12.4,436,12
7.1034,2,12.4,436,12
51.556,1,12.4,436,12
70.816,1,12.4,436,12
161.48,1,12.4,436,12
46.795,3,12.4,436,12
64.489,2,12.4,436,12
59.315,3,11.2,440,12
62.891,1,11.2,440,12
63.093,2,11.2,440,12
211.95,2,11.2,440,12
92.595,2,11.2,440,12
120.25,1,11.2,440,12
63.488,3,11.2,440,12
27.988,2,11.2,440,12
115.99,1,11.2,440,12
43.729,2,11.2,440,12
153.21,3,11.2,440,12
114.48,3,13.1,32,14
199.91,1,13.1,32,14
110.68,2,13.1,32,14
103.52,2,13.1,32,14
76.923,2,13.1,32,14
13.753,3,13.1,32,14
41.917,1,13.1,32,14
31.793,3,13.1,32,14
37.852,2,13.1,32,14
34.273,1,13.1,32,14
47.609,1,13.1,32,14
19.744,1,13.1,32,14
31.836,3,13.1,32,14
70.8,2,13.1,32,14
14.576,3,13.1,32,14
37.894,3,13.5,97,14
64.482,1,13.5,97,14
15.202,2,13.5,97,14
76.691,2,13.5,97,14
9.4766,2,13.5,97,14
61.475,3,13.5,97,14
73.333,1,13.5,97,14
87.83,3,13.5,97,14
3.4559,2,13.5,97,14
0.49807,1,13.5,97,14
3.4751,1,13.5,97,14
36.928,1,13.5,97,14
33.474,3,13.5,97,14
77.573,2,13.5,97,14
63.688,3,14.8,204,14
15.403,1,14.8,204,14
31.516,2,14.8,204,14
99.465,2,14.8,204,14
9.8887,3,14.8,204,14
35.532,1,14.8,204,14
87.42,3,14.8,204,14
17.127,2,14.8,204,14
5.0444,1,14.8,204,14
49.859,1,14.8,204,14
44.003,1,14.8,204,14
82.023,2,14.8,204,14
14.219,3,14.8,204,14
87.971,3,14.4,264,14
149.46,1,14.4,264,14
201.71,2,14.4,264,14
80.811,2,14.4,264,14
219.59,2,14.4,264,14
194.47,3,14.4,264,14
97.814,1,14.4,264,14
0.02344,3,14.4,264,14
15.575,2,14.4,264,14
134.18,1,14.4,264,14
35.68,1,14.4,264,14
12.171,3,14.4,264,14
79.892,2,14.4,264,14
169.42,3,14.4,264,14
68.812,3,13.8,302,14
61.997,1,13.8,302,14
84.912,2,13.8,302,14
103.77,2,13.8,302,14
10.956,2,13.8,302,14
2.5367,3,13.8,302,14
50.027,1,13.8,302,14
27.279,3,13.8,302,14
16.993,2,13.8,302,14
10.914,1,13.8,302,14
154.85,1,13.8,302,14
16.1,1,13.8,302,14
23.86,3,13.8,302,14
178.84,2,13.8,302,14
44.592,3,13.8,302,14
235.1,3,13.9,358,14
18.003,1,13.9,358,14
124.35,2,13.9,358,14
102.04,2,13.9,358,14
33.463,2,13.9,358,14
52.245,3,13.9,358,14
6.3771,1,13.9,358,14
123.56,3,13.9,358,14
6.0514,2,13.9,358,14
53.775,1,13.9,358,14
20.784,1,13.9,358,14
54.05,1,13.9,358,14
45.154,3,13.9,358,14
93.989,2,13.9,358,14
24.055,3,13.9,358,14
167.01,3,13.9,412,14
72.846,1,13.9,412,14
49.753,2,13.9,412,14
41.788,2,13.9,412,14
78.51,2,13.9,412,14
124.3,3,13.9,412,14
12.072,1,13.9,412,14
50.675,3,13.9,412,14
42.589,2,13.9,412,14
112.96,1,13.9,412,14
9.4366,1,13.9,412,14
14.391,1,13.9,412,14
189.41,3,13.9,412,14
102.97,2,13.9,412,14
3.6745,3,13.9,412,14
29.677,3,14.2,419,14
3.9176,1,14.2,419,14
53.216,2,14.2,419,14
1.7792,2,14.2,419,14
236.88,2,14.2,419,14
38.823,3,14.2,419,14
124.5,1,14.2,419,14
106.84,3,14.2,419,14
52.973,2,14.2,419,14
34.361,1,14.2,419,14
55.386,1,14.2,419,14
16.918,1,14.2,419,14
175.04,3,14.2,419,14
81.873,2,14.2,419,14
227.32,3,14.2,419,14
194.74,3,14.8,430,14
42.814,1,14.8,430,14
47.675,2,14.8,430,14
10.697,2,14.8,430,14
5.6282,2,14.8,430,14
102.03,3,14.8,430,14
97.248,1,14.8,430,14
52.181,3,14.8,430,14
57.592,2,14.8,430,14
58.235,1,14.8,430,14
17.904,1,14.8,430,14
6.9428,1,14.8,430,14
25.866,3,14.8,430,14
41.965,2,14.8,430,14
33.083,3,14.8,430,14
53.087,1,16.3,19,16
60.323,1,16.3,19,16
97.789,3,16.3,19,16
62.553,2,16.3,19,16
65.509,3,16.3,19,16
23.945,1,16.3,19,16
151.66,1,16.3,19,16
125.6,1,16.3,19,16
57.414,3,16.3,19,16
56.613,3,16.3,19,16
103.83,1,16.3,19,16
93.941,2,16.3,19,16
58.959,3,16.3,19,16
74.297,3,16.3,19,16
20.419,1,16.3,19,16
18.209,1,16.3,19,16
95.732,2,16.3,19,16
26.59,2,16.3,19,16
49.795,1,16.3,19,16
6.0129,3,15,71,16
47.304,1,15,71,16
26.55,2,15,71,16
66.956,2,15,71,16
64.82,2,15,71,16
108.13,3,15,71,16
49.487,1,15,71,16
26.229,3,15,71,16
88.549,2,15,71,16
15.429,1,15,71,16
12.455,1,15,71,16
30.86,1,15,71,16
140.5,3,15,71,16
45.235,2,15,71,16
104.25,3,15,71,16
106.87,3,15,72,16
13.292,1,15,72,16
44.232,2,15,72,16
39.576,2,15,72,16
38.613,2,15,72,16
32.733,3,15,72,16
42.091,1,15,72,16
33.929,3,15,72,16
19.361,2,15,72,16
6.3548,1,15,72,16
19.997,1,15,72,16
47.254,1,15,72,16
66,3,15,72,16
86.426,2,15,72,16
2.6696,3,15,72,16
63.616,3,15.2,227,16
306.53,1,15.2,227,16
43.492,2,15.2,227,16
26.786,2,15.2,227,16
3.0175,2,15.2,227,16
14.702,3,15.2,227,16
31.243,1,15.2,227,16
7.7366,3,15.2,227,16
44.196,2,15.2,227,16
47.181,1,15.2,227,16
55.343,1,15.2,227,16
187.12,1,15.2,227,16
41.156,3,15.2,227,16
107.75,2,15.2,227,16
1.0194,3,15.2,227,16
61.642,3,16,378,16
64.179,1,16,378,16
79.683,2,16,378,16
61.435,2,16,378,16
50.924,2,16,378,16
3.3185,3,16,378,16
40.901,1,16,378,16
14.955,3,16,378,16
55.411,2,16,378,16
41.155,1,16,378,16
77.303,1,16,378,16
71.265,1,16,378,16
11.614,3,16,378,16
179.04,2,16,378,16
32.979,3,16,378,16
4.887,3,16.8,391,16
50.736,1,16.8,391,16
126.47,2,16.8,391,16
59.37,2,16.8,391,16
80.066,2,16.8,391,16
36.299,3,16.8,391,16
73.819,1,16.8,391,16
65.364,3,16.8,391,16
24.967,2,16.8,391,16
25.852,1,16.8,391,16
60.759,1,16.8,391,16
62.348,1,16.8,391,16
161.67,3,16.8,391,16
5.4562,2,16.8,391,16
31.698,3,16.8,391,16
29.394,1,15,421,16
9.7078,2,15,421,16
23.615,2,15,421,16
45.097,2,15,421,16
11.136,3,15,421,16
5.5788,1,15,421,16
51.43,3,15,421,16
49.899,2,15,421,16
0.74095,1,15,421,16
47.517,1,15,421,16
10.977,1,15,421,16
17.861,3,15,421,16
14.72,2,15,421,16
5.7042,3,15,421,16
101.7,3,20.8,1,0
39.496,1,20.8,1,0
32.526,2,20.8,1,0
10.513,3,20.8,1,0
69.615,3,20.8,1,0
91.652,1,20.8,1,0
5.9973,1,20.8,1,0
6.4695,2,20.8,1,0
4.1896,2,20.8,1,0
73.411,1,20.8,1,0
36.016,3,20.8,1,0
85.809,3,20.8,1,0
55.265,1,20.8,1,0
94.906,3,20.8,1,0
43.247,2,20.8,1,0
33.095,2,20.8,1,0
18.151,1,20.8,1,0
107.17,2,20.8,1,0
34.861,3,20.8,1,0
76.997,2,20.8,1,0
22.388,1,20.8,1,0
5.875,3,20.8,1,0
85.706,2,20.8,1,0
32.272,1,20.8,1,0
42.68,1,20.8,1,0
18.577,3,20.8,1,0
6.4525,1,20.8,1,0
40.818,1,20.8,1,0
29.971,2,20.8,1,0
19.14,2,20.8,1,0
63.942,3,19.7,2,0
9.8837,1,19.7,2,0
58.32,2,19.7,2,0
40.043,3,19.7,2,0
7.2655,3,19.7,2,0
68.68,1,19.7,2,0
19.366,1,19.7,2,0
5.4943,2,19.7,2,0
30.57,2,19.7,2,0
11.181,1,19.7,2,0
2.7327,3,19.7,2,0
63.16,3,19.7,2,0
53.967,1,19.7,2,0
13.799,3,19.7,2,0
8.5602,2,19.7,2,0
41.689,2,19.7,2,0
94.879,1,19.7,2,0
2.941,2,19.7,2,0
17.809,3,19.7,2,0
61.09,2,19.7,2,0
28.622,1,19.7,2,0
5.5097,3,19.7,2,0
61.493,2,19.7,2,0
16.837,1,19.7,2,0
58.54,1,19.7,2,0
23.202,3,19.7,2,0
54.583,1,19.7,2,0
21.992,1,19.7,2,0
21.159,2,19.7,2,0
38.956,2,19.7,2,0
69.016,3,20.7,3,0
36.95,1,20.7,3,0
31.261,2,20.7,3,0
30.519,3,20.7,3,0
16.377,1,20.7,3,0
30.879,1,20.7,3,0
9.6853,2,20.7,3,0
17.287,2,20.7,3,0
27.763,1,20.7,3,0
94.485,3,20.7,3,0
16.728,3,20.7,3,0
46.913,1,20.7,3,0
60.061,3,20.7,3,0
37.806,2,20.7,3,0
24.428,2,20.7,3,0
9.5608,1,20.7,3,0
11.306,2,20.7,3,0
9.7484,3,20.7,3,0
3.0197,2,20.7,3,0
14.267,1,20.7,3,0
33.86,3,20.7,3,0
44.453,2,20.7,3,0
84.944,1,20.7,3,0
15.014,1,20.7,3,0
101.35,3,20.7,3,0
44.359,1,20.7,3,0
52.939,1,20.7,3,0
108.62,2,20.7,3,0
93.941,2,20.7,3,0
16.347,3,20.7,4,0
55.894,1,20.7,4,0
97.958,3,20.7,4,0
52.262,3,20.7,4,0
14.576,1,20.7,4,0
19.982,1,20.7,4,0
10.747,2,20.7,4,0
7.0322,2,20.7,4,0
67.895,1,20.7,4,0
22.229,3,20.7,4,0
39.028,3,20.7,4,0
14.652,1,20.7,4,0
56.133,3,20.7,4,0
58.201,2,20.7,4,0
28.831,2,20.7,4,0
15.846,1,20.7,4,0
0.19577,2,20.7,4,0
29.158,3,20.7,4,0
36.387,2,20.7,4,0
35.103,1,20.7,4,0
43.223,3,20.7,4,0
1.8665,2,20.7,4,0
22.373,1,20.7,4,0
18.032,1,20.7,4,0
33.151,3,20.7,4,0
68.99,1,20.7,4,0
32.5,1,20.7,4,0
68.736,2,20.7,4,0
15.125,2,20.7,4,0
34.788,3,21.5,78,0
74.499,1,21.5,78,0
12.041,2,21.5,78,0
56.769,2,21.5,78,0
59.26,2,21.5,78,0
105.6,1,21.5,78,0
23.262,3,21.5,78,0
18.02,2,21.5,78,0
9.2959,1,21.5,78,0
17.537,1,21.5,78,0
2.997,1,21.5,78,0
12.431,3,21.5,78,0
53.945,2,21.5,78,0
77.777,3,21.5,78,0
54.932,3,19.9,99,0
39.334,1,19.9,99,0
41.974,2,19.9,99,0
16.92,2,19.9,99,0
12.809,2,19.9,99,0
21.119,3,19.9,99,0
7.5181,1,19.9,99,0
54.09,3,19.9,99,0
7.8624,2,19.9,99,0
5.7079,1,19.9,99,0
10.434,1,19.9,99,0
0.73115,1,19.9,99,0
41.823,3,19.9,99,0
107.27,2,19.9,99,0
87.566,3,19.9,99,0
41.529,1,18.6,100,0
42.788,2,18.6,100,0
35.222,2,18.6,100,0
69.484,2,18.6,100,0
214.68,3,18.6,100,0
159.13,2,18.6,100,0
102.42,1,18.6,100,0
23.965,1,18.6,100,0
19.194,3,18.6,100,0
2.0401,2,18.6,100,0
52.015,3,18.6,100,0
96.619,3,18.6,101,0
25.41,1,18.6,101,0
19.884,2,18.6,101,0
80.172,2,18.6,101,0
5.5875,2,18.6,101,0
65.309,3,18.6,101,0
109.39,1,18.6,101,0
77.279,3,18.6,101,0
65.583,2,18.6,101,0
10.476,1,18.6,101,0
60.047,1,18.6,101,0
5.847,1,18.6,101,0
32.074,3,18.6,101,0
14.696,2,18.6,101,0
4.3731,3,18.6,101,0
49.937,3,18.3,102,0
80.086,1,18.3,102,0
24.228,2,18.3,102,0
30.035,2,18.3,102,0
39.624,2,18.3,102,0
46.825,3,18.3,102,0
78.48,1,18.3,102,0
59.627,3,18.3,102,0
42.51,2,18.3,102,0
27.026,1,18.3,102,0
50.257,1,18.3,102,0
102.2,1,18.3,102,0
100.92,3,18.3,102,0
57.436,2,18.3,102,0
8.9241,3,18.3,102,0
112.9,3,18.9,103,0
71.867,1,18.9,103,0
35.995,2,18.9,103,0
21.749,2,18.9,103,0
33.069,2,18.9,103,0
6.3704,3,18.9,103,0
119.36,1,18.9,103,0
89.578,3,18.9,103,0
35.166,2,18.9,103,0
256.71,3,18.9,103,0
42.269,3,18.9,103,0
69.634,1,18.9,103,0
56.442,2,18.9,103,0
14.311,2,18.9,103,0
20.851,2,18.9,103,0
77.574,1,18.9,103,0
3.3799,3,18.9,103,0
4.1494,2,18.9,103,0
2.985,1,18.9,103,0
14.649,1,18.9,103,0
51.459,1,18.9,103,0
21.709,3,18.9,103,0
7.7801,2,18.9,103,0
29.575,3,18.9,103,0
35.159,3,18,104,0
73.343,1,18,104,0
28.345,2,18,104,0
24.763,2,18,104,0
8.2362,2,18,104,0
3.0067,3,18,104,0
96.111,1,18,104,0
3.0134,3,18,104,0
14.308,2,18,104,0
77.015,1,18,104,0
13.27,1,18,104,0
99.991,1,18,104,0
22.813,3,18,104,0
139.93,2,18,104,0
69.031,3,18,104,0
191.27,3,19,105,0
46.958,1,19,105,0
2.9034,2,19,105,0
92.307,2,19,105,0
12.894,2,19,105,0
23.578,3,19,105,0
44.646,1,19,105,0
49.201,3,19,105,0
72.128,2,19,105,0
72.008,1,19,105,0
26.482,1,19,105,0
64.802,1,19,105,0
45.96,3,19,105,0
17.076,2,19,105,0
0.77194,3,19,105,0
94.382,3,19.3,107,0
24.969,1,19.3,107,0
67.772,2,19.3,107,0
83.446,2,19.3,107,0
83.786,2,19.3,107,0
71.296,3,19.3,107,0
32.26,1,19.3,107,0
92.683,3,19.3,107,0
69.883,2,19.3,107,0
93.423,1,19.3,107,0
75.202,1,19.3,107,0
143.8,1,19.3,107,0
150.66,3,19.3,107,0
97.02,2,19.3,107,0
52.703,3,19.3,107,0
183.8,3,18.7,108,0
82.04,1,18.7,108,0
31.099,2,18.7,108,0
87.87,2,18.7,108,0
82.216,2,18.7,108,0
7.4285,3,18.7,108,0
9.8838,1,18.7,108,0
61.839,3,18.7,108,0
13.182,2,18.7,108,0
16.862,1,18.7,108,0
20.607,1,18.7,108,0
102.53,1,18.7,108,0
32.248,3,18.7,108,0
44.184,2,18.7,108,0
45.09,3,18.7,108,0
29.744,3,18.7,109,0
21.965,1,18.7,109,0
1.1427,2,18.7,109,0
53.184,2,18.7,109,0
54.041,2,18.7,109,0
28.671,3,18.7,109,0
48.984,1,18.7,109,0
104.76,3,18.7,109,0
15.554,2,18.7,109,0
93.712,1,18.7,109,0
46.07,1,18.7,109,0
64.701,1,18.7,109,0
17.162,3,18.7,109,0
42.09,2,18.7,109,0
88.845,3,18.7,109,0
93.006,3,19.7,110,0
28.171,1,19.7,110,0
40.29,2,19.7,110,0
135.31,2,19.7,110,0
0.60322,2,19.7,110,0
157.26,3,19.7,110,0
12.476,1,19.7,110,0
14.955,3,19.7,110,0
3.4183,2,19.7,110,0
11.589,1,19.7,110,0
6.9402,1,19.7,110,0
28.772,1,19.7,110,0
32.408,3,19.7,110,0
18.273,2,19.7,110,0
16.391,3,19.7,110,0
13.382,3,18.2,111,0
15.356,1,18.2,111,0
44.977,2,18.2,111,0
90.187,2,18.2,111,0
15.064,2,18.2,111,0
89.374,3,18.2,111,0
59.069,1,18.2,111,0
70.113,3,18.2,111,0
10.987,2,18.2,111,0
34.826,1,18.2,111,0
32.795,1,18.2,111,0
16.393,1,18.2,111,0
33.589,3,18.2,111,0
8.0397,2,18.2,111,0
99.955,3,18.2,111,0
30.528,3,19.3,112,0
162.77,1,19.3,112,0
38.416,2,19.3,112,0
2.2496,2,19.3,112,0
48.283,2,19.3,112,0
25.866,3,19.3,112,0
19.669,1,19.3,112,0
109.41,3,19.3,112,0
44.221,2,19.3,112,0
96.29,1,19.3,112,0
72.584,1,19.3,112,0
34.973,1,19.3,112,0
4.7884,3,19.3,112,0
3.0437,2,19.3,112,0
16.429,3,19.3,112,0
71.177,3,18.4,113,0
43.319,1,18.4,113,0
14.629,2,18.4,113,0
54.442,2,18.4,113,0
17.928,2,18.4,113,0
17.572,3,18.4,113,0
65.774,1,18.4,113,0
67.756,3,18.4,113,0
55.083,2,18.4,113,0
79.816,1,18.4,113,0
51.915,1,18.4,113,0
10.904,1,18.4,113,0
24.345,3,18.4,113,0
33.511,2,18.4,113,0
66.445,3,18.4,113,0
190.93,3,18.2,114,0
5.6536,1,18.2,114,0
4.0492,2,18.2,114,0
33.057,2,18.2,114,0
44.643,2,18.2,114,0
4.1933,3,18.2,114,0
10.198,1,18.2,114,0
18.079,3,18.2,114,0
7.4235,2,18.2,114,0
46.013,1,18.2,114,0
75.704,1,18.2,114,0
0.63289,1,18.2,114,0
0.28742,3,18.2,114,0
54.784,2,18.2,114,0
168.32,3,18.2,114,0
46.907,3,18.5,115,0
57.63,2,18.5,115,0
6.0212,2,18.5,115,0
17.548,2,18.5,115,0
39.176,3,18.5,115,0
72.003,1,18.5,115,0
12.95,3,18.5,115,0
104.81,2,18.5,115,0
14.022,1,18.5,115,0
13.263,1,18.5,115,0
32.501,3,18.5,115,0
9.8653,2,18.5,115,0
10.566,3,18.5,115,0
0.83374,3,18.5,116,0
109.39,1,18.5,116,0
33.49,2,18.5,116,0
84.009,2,18.5,116,0
39.53,3,18.5,116,0
44.166,1,18.5,116,0
11.67,3,18.5,116,0
78.072,2,18.5,116,0
41.391,1,18.5,116,0
50.006,1,18.5,116,0
27.743,1,18.5,116,0
108.49,3,18.5,116,0
5.9205,2,18.5,116,0
14.272,3,18.5,116,0
94.424,3,19.7,142,0
56.481,1,19.7,142,0
38.62,2,19.7,142,0
45.191,2,19.7,142,0
27.87,2,19.7,142,0
10.697,3,19.7,142,0
19.026,1,19.7,142,0
39.207,3,19.7,142,0
25.815,2,19.7,142,0
34.133,1,19.7,142,0
42.161,1,19.7,142,0
25.748,1,19.7,142,0
89.811,3,19.7,142,0
5.2552,2,19.7,142,0
4.9494,3,19.7,142,0
21.968,1,19.7,143,0
14.093,2,19.7,143,0
49.287,2,19.7,143,0
30.897,3,19.7,143,0
56.582,1,19.7,143,0
46.816,3,19.7,143,0
25.779,2,19.7,143,0
60.983,1,19.7,143,0
30.121,3,19.7,143,0
7.6841,3,19.7,143,0
99.868,3,20.5,144,0
84.68,2,20.5,144,0
12.706,2,20.5,144,0
42.557,2,20.5,144,0
81.235,3,20.5,144,0
21.334,1,20.5,144,0
13.623,3,20.5,144,0
13.382,2,20.5,144,0
2.74,1,20.5,144,0
27.01,1,20.5,144,0
4.7442,1,20.5,144,0
4.6465,3,20.5,144,0
35.619,2,20.5,144,0
3.3258,3,20.5,144,0
4.2924,3,19.6,145,0
127.7,1,19.6,145,0
55.742,2,19.6,145,0
21.445,2,19.6,145,0
88.561,2,19.6,145,0
42.642,3,19.6,145,0
96.403,1,19.6,145,0
59.564,3,19.6,145,0
17.988,2,19.6,145,0
84.531,1,19.6,145,0
108.14,1,19.6,145,0
22.311,1,19.6,145,0
61.85,3,19.6,145,0
78.014,2,19.6,145,0
5.3325,3,19.6,145,0
92.803,3,20.2,147,0
19.437,1,20.2,147,0
31.172,2,20.2,147,0
12.39,2,20.2,147,0
15.413,2,20.2,147,0
45.962,3,20.2,147,0
8.4788,1,20.2,147,0
126.18,3,20.2,147,0
24.254,2,20.2,147,0
3.4631,1,20.2,147,0
19.788,1,20.2,147,0
1.3537,1,20.2,147,0
28.278,3,20.2,147,0
70.881,2,20.2,147,0
26.654,3,20.2,147,0
29.496,3,21.3,157,0
53.794,1,21.3,157,0
48.573,2,21.3,157,0
59.583,2,21.3,157,0
13.914,2,21.3,157,0
98.842,3,21.3,157,0
62.683,1,21.3,157,0
30.274,3,21.3,157,0
39.315,2,21.3,157,0
3.2179,1,21.3,157,0
29.956,1,21.3,157,0
58.094,1,21.3,157,0
141.35,3,21.3,157,0
78.732,2,21.3,157,0
4.6239,3,21.3,157,0
30.021,3,20.4,158,0
40.689,1,20.4,158,0
22.169,2,20.4,158,0
24.657,2,20.4,158,0
23.97,2,20.4,158,0
118.55,3,20.4,158,0
40.855,1,20.4,158,0
52.13,3,20.4,158,0
49.398,2,20.4,158,0
89.428,1,20.4,158,0
41.838,1,20.4,158,0
37.757,1,20.4,158,0
0.27368,3,20.4,158,0
38.966,2,20.4,158,0
12.664,3,20.4,158,0
10.32,3,21.9,177,0
58.791,1,21.9,177,0
2.408,2,21.9,177,0
60.843,2,21.9,177,0
20.655,2,21.9,177,0
102.67,3,21.9,177,0
48.928,1,21.9,177,0
0.98715,3,21.9,177,0
56.355,2,21.9,177,0
6.0143,1,21.9,177,0
17.624,1,21.9,177,0
45.965,1,21.9,177,0
76.82,3,21.9,177,0
48.596,2,21.9,177,0
35.653,3,21.9,177,0
32.232,1,20.6,181,0
52.524,2,20.6,181,0
31.3,2,20.6,181,0
8.2509,2,20.6,181,0
43.024,3,20.6,181,0
62.964,1,20.6,181,0
54.568,3,20.6,181,0
82.455,2,20.6,181,0
3.8661,1,20.6,181,0
46.135,1,20.6,181,0
98.299,1,20.6,181,0
58.001,3,20.6,181,0
20.856,2,20.6,181,0
51.532,3,20.6,181,0
71.144,3,20.3,182,0
19.745,1,20.3,182,0
31.337,2,20.3,182,0
34.402,2,20.3,182,0
55.795,2,20.3,182,0
48.092,3,20.3,182,0
72.091,1,20.3,182,0
21.941,3,20.3,182,0
5.5654,2,20.3,182,0
17.874,1,20.3,182,0
16.546,1,20.3,182,0
103.73,1,20.3,182,0
6.5254,3,20.3,182,0
190.94,2,20.3,182,0
120.2,3,20.3,182,0
34.897,3,21.8,189,0
35.231,1,21.8,189,0
28.531,2,21.8,189,0
9.7734,2,21.8,189,0
106.81,2,21.8,189,0
53.302,3,21.8,189,0
80.956,1,21.8,189,0
13.27,3,21.8,189,0
9.4492,2,21.8,189,0
10.387,1,21.8,189,0
6.7377,1,21.8,189,0
6.4263,1,21.8,189,0
44.648,3,21.8,189,0
16.445,2,21.8,189,0
33.012,3,21.8,189,0
38.913,3,21.2,190,0
30.526,1,21.2,190,0
23.497,2,21.2,190,0
15.007,2,21.2,190,0
28.716,2,21.2,190,0
25.749,3,21.2,190,0
22.837,1,21.2,190,0
105.64,3,21.2,190,0
24.027,2,21.2,190,0
82.214,1,21.2,190,0
150.6,1,21.2,190,0
23.287,1,21.2,190,0
38.512,3,21.2,190,0
45.542,2,21.2,190,0
23.433,3,21.2,190,0
32.043,3,20,201,0
25.254,1,20,201,0
237.69,2,20,201,0
17.692,2,20,201,0
125.69,3,20,201,0
160.11,1,20,201,0
71.639,3,20,201,0
3.4622,2,20,201,0
110.23,1,20,201,0
58.56,1,20,201,0
28.516,1,20,201,0
66.107,3,20,201,0
13.165,2,20,201,0
94.857,3,20,201,0
149.5,3,21.9,241,0
82.469,1,21.9,241,0
90.203,2,21.9,241,0
20.447,2,21.9,241,0
7.1928,2,21.9,241,0
55.736,3,21.9,241,0
10.598,1,21.9,241,0
84.077,3,21.9,241,0
47.647,2,21.9,241,0
74.273,1,21.9,241,0
30.89,1,21.9,241,0
10.723,1,21.9,241,0
100.84,3,21.9,241,0
19.358,2,21.9,241,0
17.19,3,21.9,241,0
69.637,3,19.5,242,0
39.633,1,19.5,242,0
24.408,2,19.5,242,0
76.183,2,19.5,242,0
49.948,3,19.5,242,0
102.54,1,19.5,242,0
68.864,3,19.5,242,0
49.729,2,19.5,242,0
50.531,1,19.5,242,0
66.051,1,19.5,242,0
48.404,1,19.5,242,0
73.775,3,19.5,242,0
65.602,2,19.5,242,0
78.591,3,19.5,242,0
109.35,3,21.1,247,0
19.622,1,21.1,247,0
92.274,2,21.1,247,0
77.504,2,21.1,247,0
100.37,2,21.1,247,0
27.452,3,21.1,247,0
85.219,1,21.1,247,0
23.184,3,21.1,247,0
109.89,1,21.1,247,0
90.894,1,21.1,247,0
89.553,1,21.1,247,0
90.546,3,21.1,247,0
63.991,2,21.1,247,0
43.334,3,21.1,247,0
7.6271,3,20.7,251,0
60.047,1,20.7,251,0
45.899,2,20.7,251,0
19.87,2,20.7,251,0
43.307,2,20.7,251,0
53.537,3,20.7,251,0
33.168,1,20.7,251,0
0.15549,3,20.7,251,0
38.103,2,20.7,251,0
15.444,1,20.7,251,0
36.598,1,20.7,251,0
6.4345,1,20.7,251,0
82.523,3,20.7,251,0
31.502,2,20.7,251,0
27.655,3,20.7,251,0
25.173,3,20.3,252,0
18.538,1,20.3,252,0
76.424,2,20.3,252,0
20.209,2,20.3,252,0
49.502,2,20.3,252,0
0.44658,3,20.3,252,0
47.174,1,20.3,252,0
45.062,3,20.3,252,0
97.129,2,20.3,252,0
23.123,1,20.3,252,0
4.6514,1,20.3,252,0
97.751,1,20.3,252,0
1.9872,3,20.3,252,0
65.329,2,20.3,252,0
19.297,3,20.3,252,0
38.94,3,18.3,276,0
21.464,1,18.3,276,0
59.746,2,18.3,276,0
9.1509,2,18.3,276,0
74.218,2,18.3,276,0
82.882,3,18.3,276,0
75.514,1,18.3,276,0
13.763,3,18.3,276,0
79.953,1,18.3,276,0
28.26,1,18.3,276,0
41.194,1,18.3,276,0
19.79,3,18.3,276,0
48.901,2,18.3,276,0
35.32,3,18.3,276,0
49.841,3,18.2,277,0
41.084,1,18.2,277,0
101.72,2,18.2,277,0
38.26,2,18.2,277,0
139.18,2,18.2,277,0
65.695,3,18.2,277,0
56.278,1,18.2,277,0
42.371,3,18.2,277,0
2.5826,2,18.2,277,0
79.762,1,18.2,277,0
13.348,1,18.2,277,0
12.418,1,18.2,277,0
33.926,3,18.2,277,0
27.498,2,18.2,277,0
39.89,3,18.2,277,0
149.19,3,19.9,299,0
134.9,1,19.9,299,0
34.039,2,19.9,299,0
148.15,2,19.9,299,0
49.852,2,19.9,299,0
47.945,3,19.9,299,0
10.48,1,19.9,299,0
78.698,3,19.9,299,0
42.379,2,19.9,299,0
22.532,1,19.9,299,0
82.484,1,19.9,299,0
9.9392,1,19.9,299,0
43.451,3,19.9,299,0
40.463,2,19.9,299,0
4.421,3,19.9,299,0
147.55,3,20.2,300,0
43.183,1,20.2,300,0
142.88,2,20.2,300,0
24.398,2,20.2,300,0
133.75,2,20.2,300,0
41.254,3,20.2,300,0
19.862,3,20.2,300,0
47.63,2,20.2,300,0
21.451,1,20.2,300,0
32.646,1,20.2,300,0
6.2478,1,20.2,300,0
3.5384,3,20.2,300,0
34.603,2,20.2,300,0
8.5987,3,20.2,300,0
157.36,3,20.2,306,0
28.13,1,20.2,306,0
34.278,2,20.2,306,0
27.968,2,20.2,306,0
18.262,2,20.2,306,0
20.401,3,20.2,306,0
63.385,1,20.2,306,0
29.171,3,20.2,306,0
41.487,2,20.2,306,0
70.696,1,20.2,306,0
80.671,1,20.2,306,0
76.917,1,20.2,306,0
137.51,3,20.2,306,0
56.302,2,20.2,306,0
19.272,3,20.2,306,0
20.082,3,21.4,338,0
48.186,1,21.4,338,0
87.658,2,21.4,338,0
2.9666,2,21.4,338,0
56.876,3,21.4,338,0
87.019,1,21.4,338,0
67.445,2,21.4,338,0
15.496,1,21.4,338,0
24.11,1,21.4,338,0
64.32,1,21.4,338,0
13.812,3,21.4,338,0
50.02,2,21.4,338,0
10.417,3,21.4,338,0
59.131,3,19.3,339,0
46.644,1,19.3,339,0
58.199,2,19.3,339,0
53.09,2,19.3,339,0
55.317,2,19.3,339,0
51.892,3,19.3,339,0
7.9122,1,19.3,339,0
84.037,3,19.3,339,0
39.685,2,19.3,339,0
3.1208,1,19.3,339,0
70.356,1,19.3,339,0
38.398,1,19.3,339,0
34.182,3,19.3,339,0
36.514,2,19.3,339,0
7.1679,3,19.3,339,0
37.913,3,19.7,340,0
49.403,1,19.7,340,0
14.487,2,19.7,340,0
56.961,2,19.7,340,0
31.673,2,19.7,340,0
41.683,3,19.7,340,0
54.911,1,19.7,340,0
26.681,3,19.7,340,0
42.89,2,19.7,340,0
29.505,1,19.7,340,0
9.5318,1,19.7,340,0
45.388,1,19.7,340,0
63.879,3,19.7,340,0
23.918,2,19.7,340,0
28.702,3,19.7,340,0
67.343,3,19.4,363,0
26.557,1,19.4,363,0
34.972,2,19.4,363,0
55.685,2,19.4,363,0
46.45,2,19.4,363,0
41.193,3,19.4,363,0
72.071,1,19.4,363,0
121.04,3,19.4,363,0
27.412,2,19.4,363,0
24.079,1,19.4,363,0
9.0244,1,19.4,363,0
29.574,1,19.4,363,0
6.6756,3,19.4,363,0
52.795,2,19.4,363,0
15.967,3,19.4,363,0
29.081,3,20.8,368,0
10.322,1,20.8,368,0
16.761,2,20.8,368,0
52.001,2,20.8,368,0
109.4,2,20.8,368,0
82.477,3,20.8,368,0
72.96,1,20.8,368,0
203.06,3,20.8,368,0
103,2,20.8,368,0
248.11,1,20.8,368,0
67.375,3,20.8,368,0
108.11,3,21.3,417,0
24.275,1,21.3,417,0
7.4804,2,21.3,417,0
44.252,2,21.3,417,0
97.432,2,21.3,417,0
3.7062,3,21.3,417,0
107.01,1,21.3,417,0
97.848,3,21.3,417,0
25.502,2,21.3,417,0
100.42,1,21.3,417,0
77.263,1,21.3,417,0
39.909,1,21.3,417,0
57.814,3,21.3,417,0
16.242,2,21.3,417,0
1.9745,3,21.3,417,0
107.25,3,19.5,418,0
20.587,1,19.5,418,0
76.891,2,19.5,418,0
23.767,2,19.5,418,0
16.298,2,19.5,418,0
46.714,3,19.5,418,0
18.044,1,19.5,418,0
115.6,3,19.5,418,0
37.803,2,19.5,418,0
70.096,1,19.5,418,0
50.708,1,19.5,418,0
76.324,1,19.5,418,0
102.22,3,19.5,418,0
83.573,2,19.5,418,0
73.829,3,19.5,418,0
