0,2,6.6,49,6
0,2,6.6,49,6
1,1,6.6,49,6
1,2,6.6,49,6
1,3,6.6,49,6
0,3,6.6,49,6
0,1,6.6,49,6
0,1,6.6,49,6
1,3,6.6,49,6
0,2,6.6,49,6
0,2,6.6,49,6
0,3,6.6,49,6
0,1,6.6,49,6
1,1,6.6,49,6
0,2,6.6,49,6
0,3,6.6,49,6
0,2,6.6,49,6
1,1,6.6,49,6
0,3,6.6,49,6
1,3,6.6,49,6
1,1,6.6,49,6
1,3,6.6,49,6
1,2,6.6,49,6
0,2,6.6,49,6
1,3,6.6,49,6
1,1,6.6,49,6
0,1,6.6,49,6
0,2,6.6,49,6
1,3,6.6,49,6
0,1,6.6,49,6
0,2,5.3,52,6
0,1,5.3,52,6
1,2,5.3,52,6
0,2,5.3,52,6
0,1,5.3,52,6
0,3,5.3,52,6
1,3,5.3,52,6
1,1,5.3,52,6
0,3,5.3,52,6
0,2,5.3,52,6
0,2,5.3,52,6
0,3,5.3,52,6
0,1,5.3,52,6
1,1,5.3,52,6
1,3,5.3,52,6
0,3,5.3,52,6
0,2,5.3,52,6
0,1,5.3,52,6
0,3,5.3,52,6
0,2,5.3,52,6
0,1,5.3,52,6
0,3,5.3,52,6
0,2,5.3,52,6
0,2,5.3,52,6
1,3,5.3,52,6
0,1,5.3,52,6
0,1,5.3,52,6
0,2,5.3,52,6
0,3,5.3,52,6
0,1,5.3,52,6
1,2,6,80,6
0,1,6,80,6
1,2,6,80,6
0,2,6,80,6
0,1,6,80,6
0,3,6,80,6
1,3,6,80,6
0,1,6,80,6
0,3,6,80,6
0,2,6,80,6
1,2,6,80,6
0,3,6,80,6
0,1,6,80,6
0,1,6,80,6
1,3,6,80,6
1,3,6,80,6
0,2,6,80,6
1,1,6,80,6
0,3,6,80,6
1,2,6,80,6
0,1,6,80,6
0,3,6,80,6
0,2,6,80,6
0,2,6,80,6
0,3,6,80,6
0,1,6,80,6
1,1,6,80,6
1,2,6,80,6
0,3,6,80,6
1,1,6,80,6
0,3,6.8,81,6
0,1,6.8,81,6
0,2,6.8,81,6
0,2,6.8,81,6
0,1,6.8,81,6
0,1,6.8,81,6
0,3,6.8,81,6
0,1,6.8,81,6
0,3,6.8,81,6
1,2,6.8,81,6
1,2,6.8,81,6
1,3,6.8,81,6
1,1,6.8,81,6
1,2,6.8,81,6
0,1,6.8,81,6
0,3,6.8,81,6
0,2,6.8,81,6
0,1,6.8,81,6
1,3,6.8,81,6
0,3,6.8,81,6
0,1,6.8,81,6
0,3,6.8,81,6
0,2,6.8,81,6
0,2,6.8,81,6
0,2,6.8,81,6
0,1,6.8,81,6
1,1,6.8,81,6
1,2,6.8,81,6
1,3,6.8,81,6
0,3,6.8,81,6
1,2,5.2,88,6
0,1,5.2,88,6
0,2,5.2,88,6
1,2,5.2,88,6
1,1,5.2,88,6
1,3,5.2,88,6
0,3,5.2,88,6
0,1,5.2,88,6
0,3,5.2,88,6
0,2,5.2,88,6
1,2,5.2,88,6
0,3,5.2,88,6
1,1,5.2,88,6
1,1,5.2,88,6
0,3,5.2,88,6
0,3,5.2,88,6
0,2,5.2,88,6
0,1,5.2,88,6
1,3,5.2,88,6
1,2,5.2,88,6
1,1,5.2,88,6
1,3,5.2,88,6
1,2,5.2,88,6
0,2,5.2,88,6
0,3,5.2,88,6
0,1,5.2,88,6
1,1,5.2,88,6
0,2,5.2,88,6
0,3,5.2,88,6
0,1,5.2,88,6
0,2,6.4,92,6
0,1,6.4,92,6
0,2,6.4,92,6
1,2,6.4,92,6
1,1,6.4,92,6
0,3,6.4,92,6
0,3,6.4,92,6
0,1,6.4,92,6
1,3,6.4,92,6
0,2,6.4,92,6
0,2,6.4,92,6
0,3,6.4,92,6
0,1,6.4,92,6
1,1,6.4,92,6
0,3,6.4,92,6
0,3,6.4,92,6
0,2,6.4,92,6
0,1,6.4,92,6
0,3,6.4,92,6
0,2,6.4,92,6
1,1,6.4,92,6
0,3,6.4,92,6
0,2,6.4,92,6
1,2,6.4,92,6
0,3,6.4,92,6
0,1,6.4,92,6
0,1,6.4,92,6
0,2,6.4,92,6
0,3,6.4,92,6
0,1,6.4,92,6
1,2,6.9,94,6
1,2,6.9,94,6
0,1,6.9,94,6
1,2,6.9,94,6
0,1,6.9,94,6
0,3,6.9,94,6
1,3,6.9,94,6
0,1,6.9,94,6
0,3,6.9,94,6
0,2,6.9,94,6
1,3,6.9,94,6
0,3,6.9,94,6
0,1,6.9,94,6
1,1,6.9,94,6
0,2,6.9,94,6
0,3,6.9,94,6
0,2,6.9,94,6
1,1,6.9,94,6
0,3,6.9,94,6
0,2,6.9,94,6
0,1,6.9,94,6
1,3,6.9,94,6
1,2,6.9,94,6
1,2,6.9,94,6
0,3,6.9,94,6
1,1,6.9,94,6
0,1,6.9,94,6
0,2,6.9,94,6
0,3,6.9,94,6
0,1,6.9,94,6
0,2,6.5,126,6
1,2,6.5,126,6
1,1,6.5,126,6
0,2,6.5,126,6
0,3,6.5,126,6
1,3,6.5,126,6
1,1,6.5,126,6
1,1,6.5,126,6
0,3,6.5,126,6
1,2,6.5,126,6
0,2,6.5,126,6
0,3,6.5,126,6
0,1,6.5,126,6
1,1,6.5,126,6
1,2,6.5,126,6
1,3,6.5,126,6
0,2,6.5,126,6
1,1,6.5,126,6
0,3,6.5,126,6
0,3,6.5,126,6
1,1,6.5,126,6
0,3,6.5,126,6
1,2,6.5,126,6
0,2,6.5,126,6
0,3,6.5,126,6
1,1,6.5,126,6
1,1,6.5,126,6
0,2,6.5,126,6
0,3,6.5,126,6
1,1,6.5,126,6
0,2,5.6,152,6
1,2,5.6,152,6
1,1,5.6,152,6
1,2,5.6,152,6
1,1,5.6,152,6
0,3,5.6,152,6
0,3,5.6,152,6
1,1,5.6,152,6
0,3,5.6,152,6
0,2,5.6,152,6
0,3,5.6,152,6
1,3,5.6,152,6
0,1,5.6,152,6
1,1,5.6,152,6
0,2,5.6,152,6
0,3,5.6,152,6
0,2,5.6,152,6
0,1,5.6,152,6
1,3,5.6,152,6
0,2,5.6,152,6
0,1,5.6,152,6
0,3,5.6,152,6
1,2,5.6,152,6
0,2,5.6,152,6
1,3,5.6,152,6
1,1,5.6,152,6
0,1,5.6,152,6
0,2,5.6,152,6
0,3,5.6,152,6
0,1,5.6,152,6
0,1,6.9,155,6
1,3,6.9,155,6
1,1,6.9,155,6
1,2,6.9,155,6
0,1,6.9,155,6
1,2,6.9,155,6
0,3,6.9,155,6
0,3,6.9,155,6
0,3,6.9,155,6
1,2,6.9,155,6
0,2,6.9,155,6
0,3,6.9,155,6
0,1,6.9,155,6
0,1,6.9,155,6
0,2,6.9,155,6
0,3,6.9,155,6
0,2,6.9,155,6
0,1,6.9,155,6
1,3,6.9,155,6
1,2,6.9,155,6
1,1,6.9,155,6
0,3,6.9,155,6
1,2,6.9,155,6
0,2,6.9,155,6
1,3,6.9,155,6
1,1,6.9,155,6
0,1,6.9,155,6
1,2,6.9,155,6
1,3,6.9,155,6
1,1,6.9,155,6
1,1,6.9,161,6
1,2,6.9,161,6
1,1,6.9,161,6
1,2,6.9,161,6
1,1,6.9,161,6
1,3,6.9,161,6
0,3,6.9,161,6
1,1,6.9,161,6
0,3,6.9,161,6
0,2,6.9,161,6
1,2,6.9,161,6
1,3,6.9,161,6
1,1,6.9,161,6
1,1,6.9,161,6
1,2,6.9,161,6
1,3,6.9,161,6
0,2,6.9,161,6
1,1,6.9,161,6
1,3,6.9,161,6
1,2,6.9,161,6
1,3,6.9,161,6
1,3,6.9,161,6
0,2,6.9,161,6
1,2,6.9,161,6
1,1,6.9,161,6
1,1,6.9,161,6
1,1,6.9,161,6
0,2,6.9,161,6
0,3,6.9,161,6
1,3,6.9,161,6
0,3,6.3,165,6
1,2,6.3,165,6
1,1,6.3,165,6
0,3,6.3,165,6
0,1,6.3,165,6
0,2,6.3,165,6
1,3,6.3,165,6
0,1,6.3,165,6
0,3,6.3,165,6
1,2,6.3,165,6
0,2,6.3,165,6
1,3,6.3,165,6
1,1,6.3,165,6
1,1,6.3,165,6
1,2,6.3,165,6
0,3,6.3,165,6
0,2,6.3,165,6
1,1,6.3,165,6
0,3,6.3,165,6
1,2,6.3,165,6
1,1,6.3,165,6
1,3,6.3,165,6
1,2,6.3,165,6
0,2,6.3,165,6
0,3,6.3,165,6
1,1,6.3,165,6
0,1,6.3,165,6
0,2,6.3,165,6
0,3,6.3,165,6
1,1,6.3,165,6
1,2,6.9,186,6
0,2,6.9,186,6
0,3,6.9,186,6
1,2,6.9,186,6
1,1,6.9,186,6
0,1,6.9,186,6
0,3,6.9,186,6
1,1,6.9,186,6
0,3,6.9,186,6
1,2,6.9,186,6
0,2,6.9,186,6
1,3,6.9,186,6
1,1,6.9,186,6
1,1,6.9,186,6
1,2,6.9,186,6
0,3,6.9,186,6
1,2,6.9,186,6
1,1,6.9,186,6
1,3,6.9,186,6
1,2,6.9,186,6
1,1,6.9,186,6
1,3,6.9,186,6
0,2,6.9,186,6
0,2,6.9,186,6
0,3,6.9,186,6
1,1,6.9,186,6
0,1,6.9,186,6
0,3,6.9,186,6
0,3,6.9,186,6
0,1,6.9,186,6
0,3,6,195,6
0,1,6,195,6
0,2,6,195,6
1,2,6,195,6
0,1,6,195,6
0,1,6,195,6
1,3,6,195,6
0,1,6,195,6
0,3,6,195,6
0,2,6,195,6
0,2,6,195,6
0,3,6,195,6
0,1,6,195,6
0,2,6,195,6
0,1,6,195,6
0,3,6,195,6
0,2,6,195,6
0,1,6,195,6
1,3,6,195,6
0,3,6,195,6
0,1,6,195,6
0,3,6,195,6
0,2,6,195,6
0,2,6,195,6
0,2,6,195,6
0,1,6,195,6
1,1,6,195,6
0,2,6,195,6
0,3,6,195,6
1,3,6,195,6
0,1,5.2,196,6
1,3,5.2,196,6
0,1,5.2,196,6
0,2,5.2,196,6
0,1,5.2,196,6
1,1,5.2,196,6
0,3,5.2,196,6
1,3,5.2,196,6
0,3,5.2,196,6
0,2,5.2,196,6
1,2,5.2,196,6
1,3,5.2,196,6
0,1,5.2,196,6
1,1,5.2,196,6
1,2,5.2,196,6
0,3,5.2,196,6
1,2,5.2,196,6
1,1,5.2,196,6
1,3,5.2,196,6
0,2,5.2,196,6
0,1,5.2,196,6
0,3,5.2,196,6
1,2,5.2,196,6
0,2,5.2,196,6
0,3,5.2,196,6
1,1,5.2,196,6
0,1,5.2,196,6
0,2,5.2,196,6
0,3,5.2,196,6
1,1,5.2,196,6
0,2,6.6,213,6
1,2,6.6,213,6
0,3,6.6,213,6
0,2,6.6,213,6
0,1,6.6,213,6
1,1,6.6,213,6
0,3,6.6,213,6
0,1,6.6,213,6
1,3,6.6,213,6
0,2,6.6,213,6
1,2,6.6,213,6
0,3,6.6,213,6
0,1,6.6,213,6
1,1,6.6,213,6
1,2,6.6,213,6
0,3,6.6,213,6
0,2,6.6,213,6
1,1,6.6,213,6
0,3,6.6,213,6
0,2,6.6,213,6
1,1,6.6,213,6
0,3,6.6,213,6
0,2,6.6,213,6
0,2,6.6,213,6
0,3,6.6,213,6
0,1,6.6,213,6
1,1,6.6,213,6
0,3,6.6,213,6
0,3,6.6,213,6
0,1,6.6,213,6
1,1,6,216,6
1,2,6,216,6
0,1,6,216,6
0,2,6,216,6
0,1,6,216,6
1,3,6,216,6
0,3,6,216,6
0,1,6,216,6
0,3,6,216,6
0,2,6,216,6
0,2,6,216,6
1,3,6,216,6
1,1,6,216,6
0,1,6,216,6
0,2,6,216,6
0,3,6,216,6
1,2,6,216,6
1,3,6,216,6
0,3,6,216,6
1,2,6,216,6
0,1,6,216,6
0,3,6,216,6
1,2,6,216,6
1,2,6,216,6
1,3,6,216,6
1,1,6,216,6
0,1,6,216,6
0,2,6,216,6
1,3,6,216,6
1,1,6,216,6
0,1,6,225,6
0,2,6,225,6
1,1,6,225,6
1,2,6,225,6
1,1,6,225,6
0,3,6,225,6
0,3,6,225,6
1,1,6,225,6
0,3,6,225,6
1,2,6,225,6
0,2,6,225,6
1,3,6,225,6
0,1,6,225,6
0,1,6,225,6
0,2,6,225,6
0,3,6,225,6
0,2,6,225,6
1,1,6,225,6
0,3,6,225,6
0,2,6,225,6
0,3,6,225,6
1,3,6,225,6
1,2,6,225,6
1,2,6,225,6
1,1,6,225,6
1,1,6,225,6
1,1,6,225,6
1,2,6,225,6
0,3,6,225,6
1,3,6,225,6
0,2,5.4,226,6
1,2,5.4,226,6
1,1,5.4,226,6
0,2,5.4,226,6
1,1,5.4,226,6
0,3,5.4,226,6
1,3,5.4,226,6
0,1,5.4,226,6
1,3,5.4,226,6
1,2,5.4,226,6
0,3,5.4,226,6
0,3,5.4,226,6
1,1,5.4,226,6
1,1,5.4,226,6
1,2,5.4,226,6
0,3,5.4,226,6
0,2,5.4,226,6
1,1,5.4,226,6
0,3,5.4,226,6
1,2,5.4,226,6
0,1,5.4,226,6
1,3,5.4,226,6
1,2,5.4,226,6
1,2,5.4,226,6
0,3,5.4,226,6
0,1,5.4,226,6
1,1,5.4,226,6
0,2,5.4,226,6
0,3,5.4,226,6
0,1,5.4,226,6
0,2,5.2,263,6
0,2,5.2,263,6
0,1,5.2,263,6
0,2,5.2,263,6
0,1,5.2,263,6
0,3,5.2,263,6
1,1,5.2,263,6
0,1,5.2,263,6
0,3,5.2,263,6
1,2,5.2,263,6
1,2,5.2,263,6
0,3,5.2,263,6
0,1,5.2,263,6
1,1,5.2,263,6
0,2,5.2,263,6
0,3,5.2,263,6
0,2,5.2,263,6
0,1,5.2,263,6
0,3,5.2,263,6
1,2,5.2,263,6
0,1,5.2,263,6
1,3,5.2,263,6
1,2,5.2,263,6
0,2,5.2,263,6
0,3,5.2,263,6
0,1,5.2,263,6
1,1,5.2,263,6
0,3,5.2,263,6
1,3,5.2,263,6
1,1,5.2,263,6
1,1,5.1,270,6
0,2,5.1,270,6
0,1,5.1,270,6
0,2,5.1,270,6
0,1,5.1,270,6
0,3,5.1,270,6
0,3,5.1,270,6
0,1,5.1,270,6
1,3,5.1,270,6
0,2,5.1,270,6
0,2,5.1,270,6
0,3,5.1,270,6
0,1,5.1,270,6
1,1,5.1,270,6
0,2,5.1,270,6
0,3,5.1,270,6
1,2,5.1,270,6
0,3,5.1,270,6
0,3,5.1,270,6
1,2,5.1,270,6
1,1,5.1,270,6
0,3,5.1,270,6
0,2,5.1,270,6
0,2,5.1,270,6
0,3,5.1,270,6
0,1,5.1,270,6
1,1,5.1,270,6
0,2,5.1,270,6
1,3,5.1,270,6
0,1,5.1,270,6
1,1,5.8,281,6
1,2,5.8,281,6
1,1,5.8,281,6
1,2,5.8,281,6
0,1,5.8,281,6
0,3,5.8,281,6
0,3,5.8,281,6
1,1,5.8,281,6
1,3,5.8,281,6
1,2,5.8,281,6
0,2,5.8,281,6
1,3,5.8,281,6
1,1,5.8,281,6
0,1,5.8,281,6
1,2,5.8,281,6
0,3,5.8,281,6
0,2,5.8,281,6
0,1,5.8,281,6
0,3,5.8,281,6
0,2,5.8,281,6
0,1,5.8,281,6
1,3,5.8,281,6
0,2,5.8,281,6
1,2,5.8,281,6
0,1,5.8,281,6
1,1,5.8,281,6
0,1,5.8,281,6
0,2,5.8,281,6
0,3,5.8,281,6
1,3,5.8,281,6
1,1,6.6,289,6
1,3,6.6,289,6
0,1,6.6,289,6
0,2,6.6,289,6
1,1,6.6,289,6
1,2,6.6,289,6
0,3,6.6,289,6
1,3,6.6,289,6
0,3,6.6,289,6
1,2,6.6,289,6
1,2,6.6,289,6
1,3,6.6,289,6
1,1,6.6,289,6
1,1,6.6,289,6
1,2,6.6,289,6
1,3,6.6,289,6
1,2,6.6,289,6
1,1,6.6,289,6
0,3,6.6,289,6
0,2,6.6,289,6
1,1,6.6,289,6
0,3,6.6,289,6
0,2,6.6,289,6
0,2,6.6,289,6
0,3,6.6,289,6
1,1,6.6,289,6
1,1,6.6,289,6
1,2,6.6,289,6
0,3,6.6,289,6
1,1,6.6,289,6
1,1,6,295,6
1,2,6,295,6
1,1,6,295,6
1,2,6,295,6
1,1,6,295,6
0,3,6,295,6
1,3,6,295,6
1,1,6,295,6
0,3,6,295,6
0,2,6,295,6
0,2,6,295,6
0,3,6,295,6
1,1,6,295,6
1,1,6,295,6
1,2,6,295,6
0,3,6,295,6
1,2,6,295,6
1,1,6,295,6
0,3,6,295,6
1,2,6,295,6
1,3,6,295,6
0,3,6,295,6
0,2,6,295,6
0,2,6,295,6
1,1,6,295,6
1,1,6,295,6
1,1,6,295,6
0,2,6,295,6
0,3,6,295,6
0,3,6,295,6
0,1,6.9,296,6
1,3,6.9,296,6
0,1,6.9,296,6
1,2,6.9,296,6
1,1,6.9,296,6
0,2,6.9,296,6
1,3,6.9,296,6
0,3,6.9,296,6
1,3,6.9,296,6
0,2,6.9,296,6
1,2,6.9,296,6
1,3,6.9,296,6
1,1,6.9,296,6
1,1,6.9,296,6
1,2,6.9,296,6
1,3,6.9,296,6
0,2,6.9,296,6
0,1,6.9,296,6
0,3,6.9,296,6
0,2,6.9,296,6
1,1,6.9,296,6
1,3,6.9,296,6
0,2,6.9,296,6
1,2,6.9,296,6
1,3,6.9,296,6
0,1,6.9,296,6
1,1,6.9,296,6
1,2,6.9,296,6
0,3,6.9,296,6
1,1,6.9,296,6
0,1,6.3,319,6
0,2,6.3,319,6
1,1,6.3,319,6
0,2,6.3,319,6
1,1,6.3,319,6
0,3,6.3,319,6
0,3,6.3,319,6
1,1,6.3,319,6
0,3,6.3,319,6
0,2,6.3,319,6
1,2,6.3,319,6
1,3,6.3,319,6
1,1,6.3,319,6
0,1,6.3,319,6
0,2,6.3,319,6
1,3,6.3,319,6
1,2,6.3,319,6
1,1,6.3,319,6
1,3,6.3,319,6
1,2,6.3,319,6
1,3,6.3,319,6
1,3,6.3,319,6
1,2,6.3,319,6
1,2,6.3,319,6
1,1,6.3,319,6
1,1,6.3,319,6
1,1,6.3,319,6
1,2,6.3,319,6
1,3,6.3,319,6
0,3,6.3,319,6
0,1,5.8,344,6
0,1,5.8,344,6
0,2,5.8,344,6
1,2,5.8,344,6
0,1,5.8,344,6
0,1,5.8,344,6
1,3,5.8,344,6
0,1,5.8,344,6
0,3,5.8,344,6
0,2,5.8,344,6
1,2,5.8,344,6
0,3,5.8,344,6
0,1,5.8,344,6
0,2,5.8,344,6
1,1,5.8,344,6
0,3,5.8,344,6
0,2,5.8,344,6
0,1,5.8,344,6
0,3,5.8,344,6
1,3,5.8,344,6
0,1,5.8,344,6
0,3,5.8,344,6
1,2,5.8,344,6
0,2,5.8,344,6
0,2,5.8,344,6
0,1,5.8,344,6
1,1,5.8,344,6
1,2,5.8,344,6
1,3,5.8,344,6
0,1,5.8,344,6
1,1,6.8,380,6
0,3,6.8,380,6
0,1,6.8,380,6
0,2,6.8,380,6
0,1,6.8,380,6
0,2,6.8,380,6
1,3,6.8,380,6
0,3,6.8,380,6
0,3,6.8,380,6
1,2,6.8,380,6
0,2,6.8,380,6
0,3,6.8,380,6
0,1,6.8,380,6
0,1,6.8,380,6
0,2,6.8,380,6
0,3,6.8,380,6
0,2,6.8,380,6
0,1,6.8,380,6
0,3,6.8,380,6
0,2,6.8,380,6
0,1,6.8,380,6
0,3,6.8,380,6
0,2,6.8,380,6
0,2,6.8,380,6
0,3,6.8,380,6
0,1,6.8,380,6
0,1,6.8,380,6
0,2,6.8,380,6
0,3,6.8,380,6
1,1,6.8,380,6
0,3,7.5,12,8
0,1,7.5,12,8
1,2,7.5,12,8
0,2,7.5,12,8
1,1,7.5,12,8
1,1,7.5,12,8
0,3,7.5,12,8
1,1,7.5,12,8
1,3,7.5,12,8
1,2,7.5,12,8
1,2,7.5,12,8
1,3,7.5,12,8
1,1,7.5,12,8
1,2,7.5,12,8
1,1,7.5,12,8
0,3,7.5,12,8
1,2,7.5,12,8
1,1,7.5,12,8
1,3,7.5,12,8
1,3,7.5,12,8
0,1,7.5,12,8
0,3,7.5,12,8
1,2,7.5,12,8
0,2,7.5,12,8
1,2,7.5,12,8
1,1,7.5,12,8
0,1,7.5,12,8
0,2,7.5,12,8
0,3,7.5,12,8
1,3,7.5,12,8
1,1,7.7,17,8
0,3,7.7,17,8
1,1,7.7,17,8
1,2,7.7,17,8
1,1,7.7,17,8
1,2,7.7,17,8
1,3,7.7,17,8
1,3,7.7,17,8
1,3,7.7,17,8
1,2,7.7,17,8
1,2,7.7,17,8
1,3,7.7,17,8
0,1,7.7,17,8
1,1,7.7,17,8
0,2,7.7,17,8
0,3,7.7,17,8
1,2,7.7,17,8
1,1,7.7,17,8
1,3,7.7,17,8
1,2,7.7,17,8
1,1,7.7,17,8
0,3,7.7,17,8
0,2,7.7,17,8
1,2,7.7,17,8
1,3,7.7,17,8
1,1,7.7,17,8
1,1,7.7,17,8
0,2,7.7,17,8
0,3,7.7,17,8
1,1,7.7,17,8
0,1,7.6,51,8
0,2,7.6,51,8
1,1,7.6,51,8
0,2,7.6,51,8
0,1,7.6,51,8
1,3,7.6,51,8
1,3,7.6,51,8
0,1,7.6,51,8
1,3,7.6,51,8
0,2,7.6,51,8
0,2,7.6,51,8
1,3,7.6,51,8
1,1,7.6,51,8
1,1,7.6,51,8
0,2,7.6,51,8
1,3,7.6,51,8
0,2,7.6,51,8
1,3,7.6,51,8
1,3,7.6,51,8
0,2,7.6,51,8
1,1,7.6,51,8
1,3,7.6,51,8
0,2,7.6,51,8
0,2,7.6,51,8
1,3,7.6,51,8
1,1,7.6,51,8
1,1,7.6,51,8
0,2,7.6,51,8
1,3,7.6,51,8
0,1,7.6,51,8
1,2,8.8,67,8
1,1,8.8,67,8
0,2,8.8,67,8
1,2,8.8,67,8
1,1,8.8,67,8
1,3,8.8,67,8
0,3,8.8,67,8
1,1,8.8,67,8
1,3,8.8,67,8
1,2,8.8,67,8
1,2,8.8,67,8
1,3,8.8,67,8
1,1,8.8,67,8
1,1,8.8,67,8
0,3,8.8,67,8
0,3,8.8,67,8
0,2,8.8,67,8
0,1,8.8,67,8
1,3,8.8,67,8
0,2,8.8,67,8
0,1,8.8,67,8
1,3,8.8,67,8
1,2,8.8,67,8
1,2,8.8,67,8
1,3,8.8,67,8
1,1,8.8,67,8
1,1,8.8,67,8
1,2,8.8,67,8
1,3,8.8,67,8
1,1,8.8,67,8
0,2,7.2,68,8
1,2,7.2,68,8
1,1,7.2,68,8
0,2,7.2,68,8
0,1,7.2,68,8
0,3,7.2,68,8
0,3,7.2,68,8
0,1,7.2,68,8
1,3,7.2,68,8
1,2,7.2,68,8
1,3,7.2,68,8
1,3,7.2,68,8
1,1,7.2,68,8
1,1,7.2,68,8
0,2,7.2,68,8
1,3,7.2,68,8
0,2,7.2,68,8
1,1,7.2,68,8
1,3,7.2,68,8
0,2,7.2,68,8
1,1,7.2,68,8
0,3,7.2,68,8
0,2,7.2,68,8
1,2,7.2,68,8
1,3,7.2,68,8
1,1,7.2,68,8
1,1,7.2,68,8
0,2,7.2,68,8
0,3,7.2,68,8
1,1,7.2,68,8
1,1,8.8,69,8
0,3,8.8,69,8
0,1,8.8,69,8
1,2,8.8,69,8
1,1,8.8,69,8
1,2,8.8,69,8
1,3,8.8,69,8
1,3,8.8,69,8
0,3,8.8,69,8
1,2,8.8,69,8
1,2,8.8,69,8
1,3,8.8,69,8
1,1,8.8,69,8
0,1,8.8,69,8
1,2,8.8,69,8
1,3,8.8,69,8
1,2,8.8,69,8
1,1,8.8,69,8
0,3,8.8,69,8
1,2,8.8,69,8
1,1,8.8,69,8
0,3,8.8,69,8
1,2,8.8,69,8
1,2,8.8,69,8
1,3,8.8,69,8
1,1,8.8,69,8
0,1,8.8,69,8
1,2,8.8,69,8
1,3,8.8,69,8
1,1,8.8,69,8
0,2,8.3,84,8
1,1,8.3,84,8
1,2,8.3,84,8
0,2,8.3,84,8
1,1,8.3,84,8
0,3,8.3,84,8
0,3,8.3,84,8
1,1,8.3,84,8
0,3,8.3,84,8
0,2,8.3,84,8
0,2,8.3,84,8
0,3,8.3,84,8
0,1,8.3,84,8
1,1,8.3,84,8
0,3,8.3,84,8
1,3,8.3,84,8
0,2,8.3,84,8
1,1,8.3,84,8
0,3,8.3,84,8
0,2,8.3,84,8
0,1,8.3,84,8
0,3,8.3,84,8
1,2,8.3,84,8
0,2,8.3,84,8
0,3,8.3,84,8
1,1,8.3,84,8
1,1,8.3,84,8
0,2,8.3,84,8
0,3,8.3,84,8
1,1,8.3,84,8
1,3,7.9,171,8
1,1,7.9,171,8
1,2,7.9,171,8
0,2,7.9,171,8
0,1,7.9,171,8
0,3,7.9,171,8
1,3,7.9,171,8
0,1,7.9,171,8
0,3,7.9,171,8
0,2,7.9,171,8
1,2,7.9,171,8
0,3,7.9,171,8
1,1,7.9,171,8
1,2,7.9,171,8
0,1,7.9,171,8
1,3,7.9,171,8
0,2,7.9,171,8
1,1,7.9,171,8
1,3,7.9,171,8
0,3,7.9,171,8
1,1,7.9,171,8
0,3,7.9,171,8
0,2,7.9,171,8
0,2,7.9,171,8
1,2,7.9,171,8
0,1,7.9,171,8
1,1,7.9,171,8
1,2,7.9,171,8
0,3,7.9,171,8
1,3,7.9,171,8
1,3,8.8,187,8
1,1,8.8,187,8
1,2,8.8,187,8
1,2,8.8,187,8
1,1,8.8,187,8
1,1,8.8,187,8
1,3,8.8,187,8
1,1,8.8,187,8
0,3,8.8,187,8
1,2,8.8,187,8
1,2,8.8,187,8
1,3,8.8,187,8
1,1,8.8,187,8
1,2,8.8,187,8
1,1,8.8,187,8
1,3,8.8,187,8
1,2,8.8,187,8
1,1,8.8,187,8
1,3,8.8,187,8
1,3,8.8,187,8
1,1,8.8,187,8
1,3,8.8,187,8
1,2,8.8,187,8
0,2,8.8,187,8
1,2,8.8,187,8
1,1,8.8,187,8
1,1,8.8,187,8
1,2,8.8,187,8
1,3,8.8,187,8
0,3,8.8,187,8
1,3,8.7,197,8
0,1,8.7,197,8
0,2,8.7,197,8
1,2,8.7,197,8
1,1,8.7,197,8
1,1,8.7,197,8
0,3,8.7,197,8
1,1,8.7,197,8
1,3,8.7,197,8
0,2,8.7,197,8
0,2,8.7,197,8
1,3,8.7,197,8
1,1,8.7,197,8
0,2,8.7,197,8
0,1,8.7,197,8
1,3,8.7,197,8
0,2,8.7,197,8
0,1,8.7,197,8
1,3,8.7,197,8
1,3,8.7,197,8
1,1,8.7,197,8
1,3,8.7,197,8
0,2,8.7,197,8
1,2,8.7,197,8
1,2,8.7,197,8
1,1,8.7,197,8
1,1,8.7,197,8
1,2,8.7,197,8
1,3,8.7,197,8
1,3,8.7,197,8
1,2,7.2,210,8
1,2,7.2,210,8
1,3,7.2,210,8
1,2,7.2,210,8
0,1,7.2,210,8
1,1,7.2,210,8
1,3,7.2,210,8
1,1,7.2,210,8
1,3,7.2,210,8
0,2,7.2,210,8
1,2,7.2,210,8
1,3,7.2,210,8
1,1,7.2,210,8
1,1,7.2,210,8
0,2,7.2,210,8
1,3,7.2,210,8
1,2,7.2,210,8
0,1,7.2,210,8
1,3,7.2,210,8
0,2,7.2,210,8
1,1,7.2,210,8
1,3,7.2,210,8
0,2,7.2,210,8
1,2,7.2,210,8
1,3,7.2,210,8
1,1,7.2,210,8
1,1,7.2,210,8
1,3,7.2,210,8
0,3,7.2,210,8
1,1,7.2,210,8
1,1,7.6,217,8
1,2,7.6,217,8
1,1,7.6,217,8
1,2,7.6,217,8
1,1,7.6,217,8
0,3,7.6,217,8
1,3,7.6,217,8
1,1,7.6,217,8
0,3,7.6,217,8
1,2,7.6,217,8
0,2,7.6,217,8
0,3,7.6,217,8
1,1,7.6,217,8
1,1,7.6,217,8
1,2,7.6,217,8
0,3,7.6,217,8
1,2,7.6,217,8
1,1,7.6,217,8
0,3,7.6,217,8
0,2,7.6,217,8
0,3,7.6,217,8
0,3,7.6,217,8
0,2,7.6,217,8
1,2,7.6,217,8
1,1,7.6,217,8
1,1,7.6,217,8
1,1,7.6,217,8
0,2,7.6,217,8
0,3,7.6,217,8
0,3,7.6,217,8
1,1,7.7,220,8
0,2,7.7,220,8
0,1,7.7,220,8
1,2,7.7,220,8
1,1,7.7,220,8
0,3,7.7,220,8
0,3,7.7,220,8
0,1,7.7,220,8
0,3,7.7,220,8
1,2,7.7,220,8
0,2,7.7,220,8
0,3,7.7,220,8
0,1,7.7,220,8
1,1,7.7,220,8
0,2,7.7,220,8
0,3,7.7,220,8
1,2,7.7,220,8
0,3,7.7,220,8
1,3,7.7,220,8
1,2,7.7,220,8
1,1,7.7,220,8
0,3,7.7,220,8
0,2,7.7,220,8
0,2,7.7,220,8
0,3,7.7,220,8
0,1,7.7,220,8
1,1,7.7,220,8
1,2,7.7,220,8
0,3,7.7,220,8
1,1,7.7,220,8
0,2,8.5,223,8
0,2,8.5,223,8
1,1,8.5,223,8
1,2,8.5,223,8
0,3,8.5,223,8
1,3,8.5,223,8
1,1,8.5,223,8
1,1,8.5,223,8
1,3,8.5,223,8
1,2,8.5,223,8
1,2,8.5,223,8
1,3,8.5,223,8
1,1,8.5,223,8
1,1,8.5,223,8
0,2,8.5,223,8
1,3,8.5,223,8
1,2,8.5,223,8
1,1,8.5,223,8
1,3,8.5,223,8
0,3,8.5,223,8
0,1,8.5,223,8
1,3,8.5,223,8
1,2,8.5,223,8
1,2,8.5,223,8
1,3,8.5,223,8
0,1,8.5,223,8
1,1,8.5,223,8
1,2,8.5,223,8
1,3,8.5,223,8
1,1,8.5,223,8
1,1,7.3,233,8
0,2,7.3,233,8
0,1,7.3,233,8
0,2,7.3,233,8
0,1,7.3,233,8
0,3,7.3,233,8
1,3,7.3,233,8
0,1,7.3,233,8
0,3,7.3,233,8
0,2,7.3,233,8
0,3,7.3,233,8
1,3,7.3,233,8
0,1,7.3,233,8
0,1,7.3,233,8
0,2,7.3,233,8
0,3,7.3,233,8
1,3,7.3,233,8
0,1,7.3,233,8
1,1,7.3,233,8
0,2,7.3,233,8
0,1,7.3,233,8
0,3,7.3,233,8
1,2,7.3,233,8
0,2,7.3,233,8
0,3,7.3,233,8
1,1,7.3,233,8
0,1,7.3,233,8
0,2,7.3,233,8
0,3,7.3,233,8
0,1,7.3,233,8
0,1,8.8,235,8
0,2,8.8,235,8
1,1,8.8,235,8
0,2,8.8,235,8
0,1,8.8,235,8
0,3,8.8,235,8
1,3,8.8,235,8
0,1,8.8,235,8
0,3,8.8,235,8
0,2,8.8,235,8
1,2,8.8,235,8
0,3,8.8,235,8
0,1,8.8,235,8
1,1,8.8,235,8
0,2,8.8,235,8
0,3,8.8,235,8
0,2,8.8,235,8
0,3,8.8,235,8
1,3,8.8,235,8
1,2,8.8,235,8
1,1,8.8,235,8
1,3,8.8,235,8
1,2,8.8,235,8
0,2,8.8,235,8
0,3,8.8,235,8
0,1,8.8,235,8
0,1,8.8,235,8
1,2,8.8,235,8
1,3,8.8,235,8
0,1,8.8,235,8
1,1,7.3,236,8
1,2,7.3,236,8
1,1,7.3,236,8
1,2,7.3,236,8
1,1,7.3,236,8
0,3,7.3,236,8
0,3,7.3,236,8
1,1,7.3,236,8
1,3,7.3,236,8
1,2,7.3,236,8
1,2,7.3,236,8
1,3,7.3,236,8
1,1,7.3,236,8
1,1,7.3,236,8
0,2,7.3,236,8
1,3,7.3,236,8
1,2,7.3,236,8
1,1,7.3,236,8
0,3,7.3,236,8
0,2,7.3,236,8
1,3,7.3,236,8
1,3,7.3,236,8
1,2,7.3,236,8
1,2,7.3,236,8
1,1,7.3,236,8
0,1,7.3,236,8
1,1,7.3,236,8
0,2,7.3,236,8
0,3,7.3,236,8
0,1,7.3,236,8
1,1,8.6,240,8
0,2,8.6,240,8
1,3,8.6,240,8
0,2,8.6,240,8
0,1,8.6,240,8
1,3,8.6,240,8
0,3,8.6,240,8
0,1,8.6,240,8
1,3,8.6,240,8
0,2,8.6,240,8
0,2,8.6,240,8
1,3,8.6,240,8
0,1,8.6,240,8
1,1,8.6,240,8
0,2,8.6,240,8
0,2,8.6,240,8
0,3,8.6,240,8
0,1,8.6,240,8
0,1,8.6,240,8
0,2,8.6,240,8
0,3,8.6,240,8
1,3,8.6,240,8
1,2,8.6,240,8
1,2,8.6,240,8
1,3,8.6,240,8
1,1,8.6,240,8
0,1,8.6,240,8
0,2,8.6,240,8
1,3,8.6,240,8
1,1,8.6,240,8
0,3,7.2,253,8
0,2,7.2,253,8
1,1,7.2,253,8
0,3,7.2,253,8
1,1,7.2,253,8
0,2,7.2,253,8
1,3,7.2,253,8
1,1,7.2,253,8
0,3,7.2,253,8
0,2,7.2,253,8
1,2,7.2,253,8
0,3,7.2,253,8
0,1,7.2,253,8
1,1,7.2,253,8
0,2,7.2,253,8
0,3,7.2,253,8
0,2,7.2,253,8
0,1,7.2,253,8
0,3,7.2,253,8
1,2,7.2,253,8
1,1,7.2,253,8
0,3,7.2,253,8
0,2,7.2,253,8
1,2,7.2,253,8
0,3,7.2,253,8
1,1,7.2,253,8
1,1,7.2,253,8
0,2,7.2,253,8
0,3,7.2,253,8
1,1,7.2,253,8
1,2,8,261,8
1,2,8,261,8
1,3,8,261,8
1,2,8,261,8
1,1,8,261,8
1,1,8,261,8
0,3,8,261,8
0,1,8,261,8
1,3,8,261,8
1,2,8,261,8
1,2,8,261,8
0,3,8,261,8
1,1,8,261,8
1,1,8,261,8
0,2,8,261,8
1,3,8,261,8
1,2,8,261,8
1,1,8,261,8
1,3,8,261,8
1,2,8,261,8
1,1,8,261,8
1,3,8,261,8
0,2,8,261,8
0,2,8,261,8
0,3,8,261,8
1,1,8,261,8
1,1,8,261,8
1,3,8,261,8
1,3,8,261,8
0,1,8,261,8
0,1,7.3,271,8
1,2,7.3,271,8
1,3,7.3,271,8
0,2,7.3,271,8
0,1,7.3,271,8
0,3,7.3,271,8
0,3,7.3,271,8
1,1,7.3,271,8
0,3,7.3,271,8
0,2,7.3,271,8
0,2,7.3,271,8
1,3,7.3,271,8
1,1,7.3,271,8
0,1,7.3,271,8
0,2,7.3,271,8
0,2,7.3,271,8
1,2,7.3,271,8
1,3,7.3,271,8
1,1,7.3,271,8
1,2,7.3,271,8
0,3,7.3,271,8
1,3,7.3,271,8
0,2,7.3,271,8
1,2,7.3,271,8
0,3,7.3,271,8
0,1,7.3,271,8
1,1,7.3,271,8
1,2,7.3,271,8
0,3,7.3,271,8
0,1,7.3,271,8
1,2,7.2,280,8
1,1,7.2,280,8
0,3,7.2,280,8
0,2,7.2,280,8
0,1,7.2,280,8
0,3,7.2,280,8
1,3,7.2,280,8
0,1,7.2,280,8
1,3,7.2,280,8
1,2,7.2,280,8
0,2,7.2,280,8
0,3,7.2,280,8
0,1,7.2,280,8
1,1,7.2,280,8
0,3,7.2,280,8
1,3,7.2,280,8
1,2,7.2,280,8
1,1,7.2,280,8
0,3,7.2,280,8
0,2,7.2,280,8
1,1,7.2,280,8
0,3,7.2,280,8
0,2,7.2,280,8
0,2,7.2,280,8
0,3,7.2,280,8
1,1,7.2,280,8
1,1,7.2,280,8
0,3,7.2,280,8
0,3,7.2,280,8
0,1,7.2,280,8
1,3,7.8,282,8
0,2,7.8,282,8
1,1,7.8,282,8
0,3,7.8,282,8
0,1,7.8,282,8
1,2,7.8,282,8
1,3,7.8,282,8
1,1,7.8,282,8
1,3,7.8,282,8
1,2,7.8,282,8
0,2,7.8,282,8
0,3,7.8,282,8
1,1,7.8,282,8
1,1,7.8,282,8
1,2,7.8,282,8
1,3,7.8,282,8
1,2,7.8,282,8
1,1,7.8,282,8
1,3,7.8,282,8
1,2,7.8,282,8
1,1,7.8,282,8
1,3,7.8,282,8
1,2,7.8,282,8
0,2,7.8,282,8
0,3,7.8,282,8
0,1,7.8,282,8
1,1,7.8,282,8
1,2,7.8,282,8
1,3,7.8,282,8
1,1,7.8,282,8
1,2,8.3,286,8
1,2,8.3,286,8
1,1,8.3,286,8
0,2,8.3,286,8
1,3,8.3,286,8
1,3,8.3,286,8
1,1,8.3,286,8
0,1,8.3,286,8
1,3,8.3,286,8
1,2,8.3,286,8
0,2,8.3,286,8
1,3,8.3,286,8
0,1,8.3,286,8
0,1,8.3,286,8
1,2,8.3,286,8
0,3,8.3,286,8
1,2,8.3,286,8
0,1,8.3,286,8
1,3,8.3,286,8
1,3,8.3,286,8
1,1,8.3,286,8
0,3,8.3,286,8
0,2,8.3,286,8
1,2,8.3,286,8
1,3,8.3,286,8
0,1,8.3,286,8
1,1,8.3,286,8
0,2,8.3,286,8
1,3,8.3,286,8
0,1,8.3,286,8
1,3,7.4,290,8
0,1,7.4,290,8
1,2,7.4,290,8
0,2,7.4,290,8
1,1,7.4,290,8
0,1,7.4,290,8
0,3,7.4,290,8
0,1,7.4,290,8
0,3,7.4,290,8
0,2,7.4,290,8
1,2,7.4,290,8
0,3,7.4,290,8
1,1,7.4,290,8
0,2,7.4,290,8
1,1,7.4,290,8
0,3,7.4,290,8
0,2,7.4,290,8
1,1,7.4,290,8
0,3,7.4,290,8
1,3,7.4,290,8
1,1,7.4,290,8
0,3,7.4,290,8
1,2,7.4,290,8
1,2,7.4,290,8
0,2,7.4,290,8
1,1,7.4,290,8
1,1,7.4,290,8
1,2,7.4,290,8
0,3,7.4,290,8
0,3,7.4,290,8
1,1,8.6,297,8
0,2,8.6,297,8
1,1,8.6,297,8
0,2,8.6,297,8
1,1,8.6,297,8
0,3,8.6,297,8
0,3,8.6,297,8
0,1,8.6,297,8
0,3,8.6,297,8
0,2,8.6,297,8
0,2,8.6,297,8
0,3,8.6,297,8
1,1,8.6,297,8
1,1,8.6,297,8
1,2,8.6,297,8
0,3,8.6,297,8
0,2,8.6,297,8
1,1,8.6,297,8
0,3,8.6,297,8
1,2,8.6,297,8
0,3,8.6,297,8
0,3,8.6,297,8
0,2,8.6,297,8
1,2,8.6,297,8
1,1,8.6,297,8
1,1,8.6,297,8
1,1,8.6,297,8
1,2,8.6,297,8
0,3,8.6,297,8
0,3,8.6,297,8
0,2,8.7,298,8
1,2,8.7,298,8
0,1,8.7,298,8
0,2,8.7,298,8
1,1,8.7,298,8
0,3,8.7,298,8
1,3,8.7,298,8
1,1,8.7,298,8
0,3,8.7,298,8
1,2,8.7,298,8
0,3,8.7,298,8
1,3,8.7,298,8
1,1,8.7,298,8
0,1,8.7,298,8
1,2,8.7,298,8
0,3,8.7,298,8
1,2,8.7,298,8
0,1,8.7,298,8
0,3,8.7,298,8
0,2,8.7,298,8
0,1,8.7,298,8
0,3,8.7,298,8
0,2,8.7,298,8
1,2,8.7,298,8
1,3,8.7,298,8
0,1,8.7,298,8
1,1,8.7,298,8
1,2,8.7,298,8
1,3,8.7,298,8
0,1,8.7,298,8
0,2,7.7,322,8
0,1,7.7,322,8
1,2,7.7,322,8
0,2,7.7,322,8
1,1,7.7,322,8
1,3,7.7,322,8
1,3,7.7,322,8
1,1,7.7,322,8
1,3,7.7,322,8
1,2,7.7,322,8
1,2,7.7,322,8
1,3,7.7,322,8
0,1,7.7,322,8
1,1,7.7,322,8
1,3,7.7,322,8
1,3,7.7,322,8
1,2,7.7,322,8
1,1,7.7,322,8
1,3,7.7,322,8
1,2,7.7,322,8
1,1,7.7,322,8
1,3,7.7,322,8
1,2,7.7,322,8
1,2,7.7,322,8
1,3,7.7,322,8
1,1,7.7,322,8
1,1,7.7,322,8
1,2,7.7,322,8
0,3,7.7,322,8
0,1,7.7,322,8
0,2,8.5,323,8
1,2,8.5,323,8
1,1,8.5,323,8
1,2,8.5,323,8
1,1,8.5,323,8
0,3,8.5,323,8
0,3,8.5,323,8
1,1,8.5,323,8
0,3,8.5,323,8
0,2,8.5,323,8
0,3,8.5,323,8
1,3,8.5,323,8
1,1,8.5,323,8
1,1,8.5,323,8
1,2,8.5,323,8
1,3,8.5,323,8
0,2,8.5,323,8
1,1,8.5,323,8
1,3,8.5,323,8
1,2,8.5,323,8
1,1,8.5,323,8
0,3,8.5,323,8
1,2,8.5,323,8
1,2,8.5,323,8
0,3,8.5,323,8
1,1,8.5,323,8
1,1,8.5,323,8
1,2,8.5,323,8
1,3,8.5,323,8
1,1,8.5,323,8
1,1,7.1,332,8
1,2,7.1,332,8
1,1,7.1,332,8
1,2,7.1,332,8
1,1,7.1,332,8
0,3,7.1,332,8
0,3,7.1,332,8
1,1,7.1,332,8
0,3,7.1,332,8
0,2,7.1,332,8
1,2,7.1,332,8
0,3,7.1,332,8
1,1,7.1,332,8
0,1,7.1,332,8
0,2,7.1,332,8
0,3,7.1,332,8
0,2,7.1,332,8
0,3,7.1,332,8
0,3,7.1,332,8
0,2,7.1,332,8
0,1,7.1,332,8
0,3,7.1,332,8
0,2,7.1,332,8
1,2,7.1,332,8
0,3,7.1,332,8
1,1,7.1,332,8
1,1,7.1,332,8
1,2,7.1,332,8
1,3,7.1,332,8
0,1,7.1,332,8
0,2,8.6,334,8
1,2,8.6,334,8
1,1,8.6,334,8
1,2,8.6,334,8
1,3,8.6,334,8
0,3,8.6,334,8
1,1,8.6,334,8
1,1,8.6,334,8
1,3,8.6,334,8
1,2,8.6,334,8
1,2,8.6,334,8
1,3,8.6,334,8
1,1,8.6,334,8
1,1,8.6,334,8
1,2,8.6,334,8
1,3,8.6,334,8
1,2,8.6,334,8
1,1,8.6,334,8
1,3,8.6,334,8
1,3,8.6,334,8
1,1,8.6,334,8
0,3,8.6,334,8
1,2,8.6,334,8
1,2,8.6,334,8
1,3,8.6,334,8
1,1,8.6,334,8
1,1,8.6,334,8
1,2,8.6,334,8
1,3,8.6,334,8
1,1,8.6,334,8
0,3,7.8,346,8
1,1,7.8,346,8
0,2,7.8,346,8
0,2,7.8,346,8
1,1,7.8,346,8
0,1,7.8,346,8
0,3,7.8,346,8
1,1,7.8,346,8
0,3,7.8,346,8
0,2,7.8,346,8
1,2,7.8,346,8
0,3,7.8,346,8
1,1,7.8,346,8
1,2,7.8,346,8
1,1,7.8,346,8
0,3,7.8,346,8
1,2,7.8,346,8
1,1,7.8,346,8
0,3,7.8,346,8
1,3,7.8,346,8
1,1,7.8,346,8
0,3,7.8,346,8
1,2,7.8,346,8
1,2,7.8,346,8
0,2,7.8,346,8
1,1,7.8,346,8
0,1,7.8,346,8
1,2,7.8,346,8
0,3,7.8,346,8
0,3,7.8,346,8
1,2,7.2,347,8
0,2,7.2,347,8
1,1,7.2,347,8
1,2,7.2,347,8
1,3,7.2,347,8
0,3,7.2,347,8
1,1,7.2,347,8
1,1,7.2,347,8
0,3,7.2,347,8
1,2,7.2,347,8
0,2,7.2,347,8
1,3,7.2,347,8
1,1,7.2,347,8
1,1,7.2,347,8
1,2,7.2,347,8
1,3,7.2,347,8
1,2,7.2,347,8
1,1,7.2,347,8
0,3,7.2,347,8
1,3,7.2,347,8
1,1,7.2,347,8
0,3,7.2,347,8
0,2,7.2,347,8
1,2,7.2,347,8
1,3,7.2,347,8
0,1,7.2,347,8
1,1,7.2,347,8
1,2,7.2,347,8
1,3,7.2,347,8
1,1,7.2,347,8
1,1,7.2,370,8
0,2,7.2,370,8
0,2,7.2,370,8
0,2,7.2,370,8
1,1,7.2,370,8
1,1,7.2,370,8
0,3,7.2,370,8
1,1,7.2,370,8
1,3,7.2,370,8
0,2,7.2,370,8
0,2,7.2,370,8
0,3,7.2,370,8
1,1,7.2,370,8
0,2,7.2,370,8
0,1,7.2,370,8
0,3,7.2,370,8
0,2,7.2,370,8
1,1,7.2,370,8
0,3,7.2,370,8
0,3,7.2,370,8
0,1,7.2,370,8
0,3,7.2,370,8
0,2,7.2,370,8
0,2,7.2,370,8
1,2,7.2,370,8
1,1,7.2,370,8
0,1,7.2,370,8
0,2,7.2,370,8
0,3,7.2,370,8
0,3,7.2,370,8
0,2,8.5,371,8
0,1,8.5,371,8
0,2,8.5,371,8
1,2,8.5,371,8
1,1,8.5,371,8
1,3,8.5,371,8
0,3,8.5,371,8
0,1,8.5,371,8
0,3,8.5,371,8
0,2,8.5,371,8
1,2,8.5,371,8
1,3,8.5,371,8
1,1,8.5,371,8
0,1,8.5,371,8
0,3,8.5,371,8
0,3,8.5,371,8
0,2,8.5,371,8
0,1,8.5,371,8
0,3,8.5,371,8
1,2,8.5,371,8
1,1,8.5,371,8
0,3,8.5,371,8
1,2,8.5,371,8
0,2,8.5,371,8
0,3,8.5,371,8
1,1,8.5,371,8
1,1,8.5,371,8
1,2,8.5,371,8
0,3,8.5,371,8
1,1,8.5,371,8
0,2,8.6,410,8
0,1,8.6,410,8
1,2,8.6,410,8
1,2,8.6,410,8
0,1,8.6,410,8
1,3,8.6,410,8
1,3,8.6,410,8
0,1,8.6,410,8
1,3,8.6,410,8
1,2,8.6,410,8
1,2,8.6,410,8
0,3,8.6,410,8
1,1,8.6,410,8
1,1,8.6,410,8
0,3,8.6,410,8
1,3,8.6,410,8
0,2,8.6,410,8
1,1,8.6,410,8
1,3,8.6,410,8
1,2,8.6,410,8
1,1,8.6,410,8
1,3,8.6,410,8
0,2,8.6,410,8
0,2,8.6,410,8
1,3,8.6,410,8
1,1,8.6,410,8
0,1,8.6,410,8
1,2,8.6,410,8
1,3,8.6,410,8
0,1,8.6,410,8
0,1,7,439,8
0,2,7,439,8
0,3,7,439,8
0,2,7,439,8
1,1,7,439,8
0,3,7,439,8
1,3,7,439,8
1,1,7,439,8
1,3,7,439,8
0,2,7,439,8
1,2,7,439,8
1,3,7,439,8
1,1,7,439,8
1,1,7,439,8
1,2,7,439,8
0,2,7,439,8
0,3,7,439,8
1,1,7,439,8
0,1,7,439,8
0,2,7,439,8
1,3,7,439,8
0,3,7,439,8
1,2,7,439,8
0,2,7,439,8
0,3,7,439,8
0,1,7,439,8
1,1,7,439,8
0,2,7,439,8
0,3,7,439,8
1,1,7,439,8
1,1,8.9,444,8
1,2,8.9,444,8
0,3,8.9,444,8
0,2,8.9,444,8
1,1,8.9,444,8
0,3,8.9,444,8
0,3,8.9,444,8
0,1,8.9,444,8
0,3,8.9,444,8
0,2,8.9,444,8
0,2,8.9,444,8
0,3,8.9,444,8
1,1,8.9,444,8
1,1,8.9,444,8
1,2,8.9,444,8
1,2,8.9,444,8
0,3,8.9,444,8
1,1,8.9,444,8
1,1,8.9,444,8
1,2,8.9,444,8
1,3,8.9,444,8
1,3,8.9,444,8
1,2,8.9,444,8
1,2,8.9,444,8
1,3,8.9,444,8
1,1,8.9,444,8
1,1,8.9,444,8
0,2,8.9,444,8
1,3,8.9,444,8
0,1,8.9,444,8
1,1,10.1,20,10
1,2,10.1,20,10
1,1,10.1,20,10
1,2,10.1,20,10
1,1,10.1,20,10
1,3,10.1,20,10
1,3,10.1,20,10
1,1,10.1,20,10
0,3,10.1,20,10
1,2,10.1,20,10
1,2,10.1,20,10
1,3,10.1,20,10
1,1,10.1,20,10
1,1,10.1,20,10
1,2,10.1,20,10
0,3,10.1,20,10
0,2,10.1,20,10
1,1,10.1,20,10
1,3,10.1,20,10
0,2,10.1,20,10
1,3,10.1,20,10
0,3,10.1,20,10
1,2,10.1,20,10
1,2,10.1,20,10
0,1,10.1,20,10
1,1,10.1,20,10
1,1,10.1,20,10
1,2,10.1,20,10
1,3,10.1,20,10
1,3,10.1,20,10
0,2,9,24,10
0,2,9,24,10
0,1,9,24,10
0,2,9,24,10
0,1,9,24,10
0,3,9,24,10
1,3,9,24,10
0,1,9,24,10
0,3,9,24,10
0,2,9,24,10
0,3,9,24,10
0,3,9,24,10
0,1,9,24,10
0,1,9,24,10
1,2,9,24,10
0,3,9,24,10
0,2,9,24,10
0,1,9,24,10
0,3,9,24,10
0,2,9,24,10
1,1,9,24,10
1,3,9,24,10
1,2,9,24,10
0,2,9,24,10
1,3,9,24,10
1,1,9,24,10
0,1,9,24,10
0,2,9,24,10
1,3,9,24,10
1,1,9,24,10
1,1,10.5,25,10
0,3,10.5,25,10
1,1,10.5,25,10
1,2,10.5,25,10
1,1,10.5,25,10
1,2,10.5,25,10
1,3,10.5,25,10
1,3,10.5,25,10
1,3,10.5,25,10
0,2,10.5,25,10
1,2,10.5,25,10
1,3,10.5,25,10
1,1,10.5,25,10
0,1,10.5,25,10
0,2,10.5,25,10
1,3,10.5,25,10
0,2,10.5,25,10
0,1,10.5,25,10
1,3,10.5,25,10
1,2,10.5,25,10
0,1,10.5,25,10
1,3,10.5,25,10
1,2,10.5,25,10
1,2,10.5,25,10
1,3,10.5,25,10
0,1,10.5,25,10
1,1,10.5,25,10
1,2,10.5,25,10
1,3,10.5,25,10
1,1,10.5,25,10
1,1,10.9,26,10
1,2,10.9,26,10
1,3,10.9,26,10
0,2,10.9,26,10
1,1,10.9,26,10
1,3,10.9,26,10
0,3,10.9,26,10
0,1,10.9,26,10
1,3,10.9,26,10
1,2,10.9,26,10
1,2,10.9,26,10
1,3,10.9,26,10
1,1,10.9,26,10
0,1,10.9,26,10
1,2,10.9,26,10
1,2,10.9,26,10
1,3,10.9,26,10
1,1,10.9,26,10
1,1,10.9,26,10
1,2,10.9,26,10
1,3,10.9,26,10
1,3,10.9,26,10
1,2,10.9,26,10
1,2,10.9,26,10
1,3,10.9,26,10
1,1,10.9,26,10
1,1,10.9,26,10
1,2,10.9,26,10
1,3,10.9,26,10
1,1,10.9,26,10
0,3,10.6,30,10
1,2,10.6,30,10
1,1,10.6,30,10
0,3,10.6,30,10
0,1,10.6,30,10
0,2,10.6,30,10
1,3,10.6,30,10
0,1,10.6,30,10
0,3,10.6,30,10
1,2,10.6,30,10
1,2,10.6,30,10
0,3,10.6,30,10
0,1,10.6,30,10
0,1,10.6,30,10
0,2,10.6,30,10
0,3,10.6,30,10
0,2,10.6,30,10
0,1,10.6,30,10
0,3,10.6,30,10
1,2,10.6,30,10
1,1,10.6,30,10
1,3,10.6,30,10
1,2,10.6,30,10
0,2,10.6,30,10
1,3,10.6,30,10
0,1,10.6,30,10
1,1,10.6,30,10
1,2,10.6,30,10
0,3,10.6,30,10
0,1,10.6,30,10
1,2,9.6,44,10
1,1,9.6,44,10
1,2,9.6,44,10
1,2,9.6,44,10
1,1,9.6,44,10
1,3,9.6,44,10
1,3,9.6,44,10
1,1,9.6,44,10
0,3,9.6,44,10
1,2,9.6,44,10
1,2,9.6,44,10
1,3,9.6,44,10
1,1,9.6,44,10
1,1,9.6,44,10
0,3,9.6,44,10
1,3,9.6,44,10
1,2,9.6,44,10
1,1,9.6,44,10
1,3,9.6,44,10
1,2,9.6,44,10
1,1,9.6,44,10
1,3,9.6,44,10
1,2,9.6,44,10
1,2,9.6,44,10
1,3,9.6,44,10
1,1,9.6,44,10
1,1,9.6,44,10
1,2,9.6,44,10
1,3,9.6,44,10
0,1,9.6,44,10
0,2,9.6,45,10
1,2,9.6,45,10
0,1,9.6,45,10
0,2,9.6,45,10
1,3,9.6,45,10
0,3,9.6,45,10
1,1,9.6,45,10
1,1,9.6,45,10
1,3,9.6,45,10
0,2,9.6,45,10
0,2,9.6,45,10
1,3,9.6,45,10
1,1,9.6,45,10
1,1,9.6,45,10
1,2,9.6,45,10
1,3,9.6,45,10
1,2,9.6,45,10
1,1,9.6,45,10
1,3,9.6,45,10
1,3,9.6,45,10
1,1,9.6,45,10
1,3,9.6,45,10
1,2,9.6,45,10
1,2,9.6,45,10
1,3,9.6,45,10
1,1,9.6,45,10
1,1,9.6,45,10
1,2,9.6,45,10
0,3,9.6,45,10
1,1,9.6,45,10
0,3,9.7,50,10
0,1,9.7,50,10
1,2,9.7,50,10
0,2,9.7,50,10
1,1,9.7,50,10
0,1,9.7,50,10
1,3,9.7,50,10
1,1,9.7,50,10
1,3,9.7,50,10
1,2,9.7,50,10
1,2,9.7,50,10
1,3,9.7,50,10
0,1,9.7,50,10
1,2,9.7,50,10
1,1,9.7,50,10
0,3,9.7,50,10
1,2,9.7,50,10
0,1,9.7,50,10
1,3,9.7,50,10
1,3,9.7,50,10
0,1,9.7,50,10
1,3,9.7,50,10
0,2,9.7,50,10
1,2,9.7,50,10
1,2,9.7,50,10
1,1,9.7,50,10
1,1,9.7,50,10
1,2,9.7,50,10
1,3,9.7,50,10
1,3,9.7,50,10
1,3,10.3,70,10
1,2,10.3,70,10
0,1,10.3,70,10
1,3,10.3,70,10
0,1,10.3,70,10
0,2,10.3,70,10
1,3,10.3,70,10
1,1,10.3,70,10
1,3,10.3,70,10
1,2,10.3,70,10
1,2,10.3,70,10
1,3,10.3,70,10
1,1,10.3,70,10
0,1,10.3,70,10
0,2,10.3,70,10
1,3,10.3,70,10
0,2,10.3,70,10
1,1,10.3,70,10
0,3,10.3,70,10
1,2,10.3,70,10
1,1,10.3,70,10
0,3,10.3,70,10
0,2,10.3,70,10
1,2,10.3,70,10
1,3,10.3,70,10
0,1,10.3,70,10
1,1,10.3,70,10
1,2,10.3,70,10
0,3,10.3,70,10
1,1,10.3,70,10
1,1,9.9,87,10
1,2,9.9,87,10
0,3,9.9,87,10
1,2,9.9,87,10
1,1,9.9,87,10
0,3,9.9,87,10
1,3,9.9,87,10
1,1,9.9,87,10
1,3,9.9,87,10
0,2,9.9,87,10
1,2,9.9,87,10
1,3,9.9,87,10
1,1,9.9,87,10
1,1,9.9,87,10
1,2,9.9,87,10
0,2,9.9,87,10
1,3,9.9,87,10
1,1,9.9,87,10
0,1,9.9,87,10
1,2,9.9,87,10
1,3,9.9,87,10
1,3,9.9,87,10
1,2,9.9,87,10
1,2,9.9,87,10
1,3,9.9,87,10
0,1,9.9,87,10
1,1,9.9,87,10
1,2,9.9,87,10
1,3,9.9,87,10
1,1,9.9,87,10
1,1,9.9,93,10
0,2,9.9,93,10
0,1,9.9,93,10
0,2,9.9,93,10
0,1,9.9,93,10
0,3,9.9,93,10
1,3,9.9,93,10
0,1,9.9,93,10
0,3,9.9,93,10
0,2,9.9,93,10
0,2,9.9,93,10
0,3,9.9,93,10
0,1,9.9,93,10
1,1,9.9,93,10
1,2,9.9,93,10
1,3,9.9,93,10
0,2,9.9,93,10
0,3,9.9,93,10
1,3,9.9,93,10
0,2,9.9,93,10
0,1,9.9,93,10
0,3,9.9,93,10
0,2,9.9,93,10
1,2,9.9,93,10
0,3,9.9,93,10
0,1,9.9,93,10
1,1,9.9,93,10
0,2,9.9,93,10
0,3,9.9,93,10
0,1,9.9,93,10
1,1,10.6,98,10
1,2,10.6,98,10
0,3,10.6,98,10
0,2,10.6,98,10
0,1,10.6,98,10
1,3,10.6,98,10
0,3,10.6,98,10
1,1,10.6,98,10
0,3,10.6,98,10
0,2,10.6,98,10
0,2,10.6,98,10
0,3,10.6,98,10
1,1,10.6,98,10
1,1,10.6,98,10
0,2,10.6,98,10
1,2,10.6,98,10
1,3,10.6,98,10
1,1,10.6,98,10
1,1,10.6,98,10
1,2,10.6,98,10
1,3,10.6,98,10
0,3,10.6,98,10
0,2,10.6,98,10
1,2,10.6,98,10
0,3,10.6,98,10
1,1,10.6,98,10
1,1,10.6,98,10
0,2,10.6,98,10
1,3,10.6,98,10
1,1,10.6,98,10
1,1,10.4,154,10
1,3,10.4,154,10
1,1,10.4,154,10
0,2,10.4,154,10
1,1,10.4,154,10
1,2,10.4,154,10
1,3,10.4,154,10
0,3,10.4,154,10
1,3,10.4,154,10
1,2,10.4,154,10
0,2,10.4,154,10
1,3,10.4,154,10
1,1,10.4,154,10
0,1,10.4,154,10
1,2,10.4,154,10
1,3,10.4,154,10
1,2,10.4,154,10
1,1,10.4,154,10
1,3,10.4,154,10
1,2,10.4,154,10
1,1,10.4,154,10
1,3,10.4,154,10
1,2,10.4,154,10
1,2,10.4,154,10
1,3,10.4,154,10
0,1,10.4,154,10
1,1,10.4,154,10
1,2,10.4,154,10
0,3,10.4,154,10
1,1,10.4,154,10
0,1,10,205,10
0,3,10,205,10
0,1,10,205,10
0,2,10,205,10
0,1,10,205,10
0,2,10,205,10
0,3,10,205,10
0,3,10,205,10
0,3,10,205,10
0,2,10,205,10
0,2,10,205,10
0,3,10,205,10
1,1,10,205,10
0,1,10,205,10
0,2,10,205,10
1,3,10,205,10
1,2,10,205,10
1,1,10,205,10
0,3,10,205,10
1,2,10,205,10
0,1,10,205,10
0,3,10,205,10
1,2,10,205,10
0,2,10,205,10
0,3,10,205,10
0,1,10,205,10
1,1,10,205,10
0,2,10,205,10
1,3,10,205,10
0,1,10,205,10
0,1,9.3,231,10
1,2,9.3,231,10
0,3,9.3,231,10
1,2,9.3,231,10
1,1,9.3,231,10
1,3,9.3,231,10
1,3,9.3,231,10
1,1,9.3,231,10
0,3,9.3,231,10
0,2,9.3,231,10
0,2,9.3,231,10
1,3,9.3,231,10
1,1,9.3,231,10
1,1,9.3,231,10
0,2,9.3,231,10
0,2,9.3,231,10
1,3,9.3,231,10
1,1,9.3,231,10
1,1,9.3,231,10
0,2,9.3,231,10
1,3,9.3,231,10
1,3,9.3,231,10
1,2,9.3,231,10
0,2,9.3,231,10
1,3,9.3,231,10
1,1,9.3,231,10
0,1,9.3,231,10
1,2,9.3,231,10
0,3,9.3,231,10
1,1,9.3,231,10
1,3,9,237,10
1,1,9,237,10
1,2,9,237,10
0,2,9,237,10
0,1,9,237,10
0,1,9,237,10
1,3,9,237,10
0,1,9,237,10
1,3,9,237,10
1,2,9,237,10
1,2,9,237,10
1,3,9,237,10
1,1,9,237,10
1,2,9,237,10
1,1,9,237,10
1,3,9,237,10
0,2,9,237,10
1,1,9,237,10
0,3,9,237,10
1,3,9,237,10
1,1,9,237,10
1,3,9,237,10
1,2,9,237,10
1,2,9,237,10
0,2,9,237,10
1,1,9,237,10
0,1,9,237,10
1,2,9,237,10
0,3,9,237,10
1,3,9,237,10
1,1,9.3,260,10
1,2,9.3,260,10
1,1,9.3,260,10
1,2,9.3,260,10
1,1,9.3,260,10
1,3,9.3,260,10
1,3,9.3,260,10
0,1,9.3,260,10
1,3,9.3,260,10
1,2,9.3,260,10
1,2,9.3,260,10
1,3,9.3,260,10
1,1,9.3,260,10
1,1,9.3,260,10
1,2,9.3,260,10
1,3,9.3,260,10
1,2,9.3,260,10
1,3,9.3,260,10
0,3,9.3,260,10
1,2,9.3,260,10
1,1,9.3,260,10
1,3,9.3,260,10
1,2,9.3,260,10
1,2,9.3,260,10
0,3,9.3,260,10
1,1,9.3,260,10
1,1,9.3,260,10
1,2,9.3,260,10
1,3,9.3,260,10
1,1,9.3,260,10
0,2,10.5,291,10
0,2,10.5,291,10
1,1,10.5,291,10
1,2,10.5,291,10
1,1,10.5,291,10
1,3,10.5,291,10
1,3,10.5,291,10
0,1,10.5,291,10
1,3,10.5,291,10
1,2,10.5,291,10
1,3,10.5,291,10
0,3,10.5,291,10
0,1,10.5,291,10
0,2,10.5,291,10
1,1,10.5,291,10
1,3,10.5,291,10
1,2,10.5,291,10
1,1,10.5,291,10
0,3,10.5,291,10
1,3,10.5,291,10
0,1,10.5,291,10
1,3,10.5,291,10
1,2,10.5,291,10
0,2,10.5,291,10
1,3,10.5,291,10
0,1,10.5,291,10
1,1,10.5,291,10
0,2,10.5,291,10
0,3,10.5,291,10
1,1,10.5,291,10
1,1,10.5,293,10
0,2,10.5,293,10
0,3,10.5,293,10
0,2,10.5,293,10
1,1,10.5,293,10
1,3,10.5,293,10
0,3,10.5,293,10
1,1,10.5,293,10
0,3,10.5,293,10
1,2,10.5,293,10
0,2,10.5,293,10
0,3,10.5,293,10
1,1,10.5,293,10
1,1,10.5,293,10
1,2,10.5,293,10
0,2,10.5,293,10
0,3,10.5,293,10
1,1,10.5,293,10
1,1,10.5,293,10
1,2,10.5,293,10
1,3,10.5,293,10
1,3,10.5,293,10
1,2,10.5,293,10
1,2,10.5,293,10
0,3,10.5,293,10
1,1,10.5,293,10
1,1,10.5,293,10
1,2,10.5,293,10
1,3,10.5,293,10
1,1,10.5,293,10
1,3,10.2,294,10
1,2,10.2,294,10
1,1,10.2,294,10
1,3,10.2,294,10
1,1,10.2,294,10
1,2,10.2,294,10
1,3,10.2,294,10
1,1,10.2,294,10
1,3,10.2,294,10
1,2,10.2,294,10
1,2,10.2,294,10
0,3,10.2,294,10
1,1,10.2,294,10
1,1,10.2,294,10
1,2,10.2,294,10
1,3,10.2,294,10
1,2,10.2,294,10
1,1,10.2,294,10
1,3,10.2,294,10
1,2,10.2,294,10
1,1,10.2,294,10
1,3,10.2,294,10
1,2,10.2,294,10
1,2,10.2,294,10
1,3,10.2,294,10
1,1,10.2,294,10
1,1,10.2,294,10
1,2,10.2,294,10
1,3,10.2,294,10
1,1,10.2,294,10
1,2,10.3,301,10
1,1,10.3,301,10
1,2,10.3,301,10
1,2,10.3,301,10
1,1,10.3,301,10
1,3,10.3,301,10
0,3,10.3,301,10
1,1,10.3,301,10
1,3,10.3,301,10
0,2,10.3,301,10
1,2,10.3,301,10
0,3,10.3,301,10
1,1,10.3,301,10
1,1,10.3,301,10
1,3,10.3,301,10
0,3,10.3,301,10
1,2,10.3,301,10
1,1,10.3,301,10
0,3,10.3,301,10
0,2,10.3,301,10
1,1,10.3,301,10
1,3,10.3,301,10
1,2,10.3,301,10
1,2,10.3,301,10
1,3,10.3,301,10
1,1,10.3,301,10
1,1,10.3,301,10
1,2,10.3,301,10
1,3,10.3,301,10
1,1,10.3,301,10
1,2,9.1,304,10
0,2,9.1,304,10
0,1,9.1,304,10
0,2,9.1,304,10
0,1,9.1,304,10
1,3,9.1,304,10
1,3,9.1,304,10
1,1,9.1,304,10
0,3,9.1,304,10
1,2,9.1,304,10
1,3,9.1,304,10
1,3,9.1,304,10
0,1,9.1,304,10
0,1,9.1,304,10
0,2,9.1,304,10
1,3,9.1,304,10
1,2,9.1,304,10
1,1,9.1,304,10
1,3,9.1,304,10
1,2,9.1,304,10
1,1,9.1,304,10
1,3,9.1,304,10
1,2,9.1,304,10
0,2,9.1,304,10
1,3,9.1,304,10
1,1,9.1,304,10
1,1,9.1,304,10
1,2,9.1,304,10
1,3,9.1,304,10
1,1,9.1,304,10
0,3,9.2,308,10
0,2,9.2,308,10
1,1,9.2,308,10
0,3,9.2,308,10
1,1,9.2,308,10
1,2,9.2,308,10
1,3,9.2,308,10
1,1,9.2,308,10
1,3,9.2,308,10
0,2,9.2,308,10
0,2,9.2,308,10
0,3,9.2,308,10
0,1,9.2,308,10
0,1,9.2,308,10
0,2,9.2,308,10
0,3,9.2,308,10
0,2,9.2,308,10
1,1,9.2,308,10
1,3,9.2,308,10
1,2,9.2,308,10
0,1,9.2,308,10
1,3,9.2,308,10
0,2,9.2,308,10
0,2,9.2,308,10
0,3,9.2,308,10
1,1,9.2,308,10
1,1,9.2,308,10
0,2,9.2,308,10
1,3,9.2,308,10
0,1,9.2,308,10
1,1,9.8,310,10
0,3,9.8,310,10
1,1,9.8,310,10
1,2,9.8,310,10
0,1,9.8,310,10
0,2,9.8,310,10
1,3,9.8,310,10
0,3,9.8,310,10
0,3,9.8,310,10
0,2,9.8,310,10
0,2,9.8,310,10
0,3,9.8,310,10
1,1,9.8,310,10
1,1,9.8,310,10
1,2,9.8,310,10
1,3,9.8,310,10
0,2,9.8,310,10
1,1,9.8,310,10
0,3,9.8,310,10
1,2,9.8,310,10
1,1,9.8,310,10
1,3,9.8,310,10
0,2,9.8,310,10
0,2,9.8,310,10
0,3,9.8,310,10
1,1,9.8,310,10
1,1,9.8,310,10
1,2,9.8,310,10
1,3,9.8,310,10
1,1,9.8,310,10
0,2,9.5,316,10
1,2,9.5,316,10
1,1,9.5,316,10
0,2,9.5,316,10
0,3,9.5,316,10
1,3,9.5,316,10
1,1,9.5,316,10
0,1,9.5,316,10
0,3,9.5,316,10
1,2,9.5,316,10
0,2,9.5,316,10
0,3,9.5,316,10
0,1,9.5,316,10
1,1,9.5,316,10
1,2,9.5,316,10
1,3,9.5,316,10
0,2,9.5,316,10
1,1,9.5,316,10
0,3,9.5,316,10
1,3,9.5,316,10
0,1,9.5,316,10
1,3,9.5,316,10
1,2,9.5,316,10
0,2,9.5,316,10
1,3,9.5,316,10
0,1,9.5,316,10
1,1,9.5,316,10
1,2,9.5,316,10
1,3,9.5,316,10
0,1,9.5,316,10
0,2,9.8,318,10
0,2,9.8,318,10
0,3,9.8,318,10
0,2,9.8,318,10
0,1,9.8,318,10
1,1,9.8,318,10
1,3,9.8,318,10
1,1,9.8,318,10
1,3,9.8,318,10
1,2,9.8,318,10
1,2,9.8,318,10
0,3,9.8,318,10
1,1,9.8,318,10
1,1,9.8,318,10
0,2,9.8,318,10
1,3,9.8,318,10
0,2,9.8,318,10
1,1,9.8,318,10
1,3,9.8,318,10
1,2,9.8,318,10
1,1,9.8,318,10
1,3,9.8,318,10
0,2,9.8,318,10
0,2,9.8,318,10
1,3,9.8,318,10
1,1,9.8,318,10
1,1,9.8,318,10
1,3,9.8,318,10
1,3,9.8,318,10
1,1,9.8,318,10
1,1,10.6,327,10
0,3,10.6,327,10
0,1,10.6,327,10
1,2,10.6,327,10
0,1,10.6,327,10
1,2,10.6,327,10
0,3,10.6,327,10
0,3,10.6,327,10
0,3,10.6,327,10
1,2,10.6,327,10
1,2,10.6,327,10
1,3,10.6,327,10
0,1,10.6,327,10
0,1,10.6,327,10
1,2,10.6,327,10
0,3,10.6,327,10
0,2,10.6,327,10
0,1,10.6,327,10
0,3,10.6,327,10
1,2,10.6,327,10
0,1,10.6,327,10
1,3,10.6,327,10
1,2,10.6,327,10
1,2,10.6,327,10
1,3,10.6,327,10
0,1,10.6,327,10
1,1,10.6,327,10
1,2,10.6,327,10
1,3,10.6,327,10
0,1,10.6,327,10
0,3,9.6,330,10
0,2,9.6,330,10
1,1,9.6,330,10
1,3,9.6,330,10
0,1,9.6,330,10
0,2,9.6,330,10
1,3,9.6,330,10
1,1,9.6,330,10
1,3,9.6,330,10
1,2,9.6,330,10
1,2,9.6,330,10
1,3,9.6,330,10
1,1,9.6,330,10
0,1,9.6,330,10
0,2,9.6,330,10
1,3,9.6,330,10
1,2,9.6,330,10
0,1,9.6,330,10
1,3,9.6,330,10
1,2,9.6,330,10
0,1,9.6,330,10
1,3,9.6,330,10
1,2,9.6,330,10
1,2,9.6,330,10
1,3,9.6,330,10
1,1,9.6,330,10
1,1,9.6,330,10
0,2,9.6,330,10
0,3,9.6,330,10
1,1,9.6,330,10
1,1,9.1,336,10
0,2,9.1,336,10
1,1,9.1,336,10
1,2,9.1,336,10
1,1,9.1,336,10
0,3,9.1,336,10
1,3,9.1,336,10
0,1,9.1,336,10
1,3,9.1,336,10
0,2,9.1,336,10
1,2,9.1,336,10
1,3,9.1,336,10
1,1,9.1,336,10
1,1,9.1,336,10
0,2,9.1,336,10
0,3,9.1,336,10
0,2,9.1,336,10
1,3,9.1,336,10
1,3,9.1,336,10
0,2,9.1,336,10
1,1,9.1,336,10
0,3,9.1,336,10
0,2,9.1,336,10
1,2,9.1,336,10
1,3,9.1,336,10
1,1,9.1,336,10
1,1,9.1,336,10
0,2,9.1,336,10
1,3,9.1,336,10
1,1,9.1,336,10
0,1,9.1,337,10
1,2,9.1,337,10
1,1,9.1,337,10
0,2,9.1,337,10
0,3,9.1,337,10
1,3,9.1,337,10
1,1,9.1,337,10
0,1,9.1,337,10
0,3,9.1,337,10
0,2,9.1,337,10
1,2,9.1,337,10
1,3,9.1,337,10
1,1,9.1,337,10
1,1,9.1,337,10
1,2,9.1,337,10
0,3,9.1,337,10
1,2,9.1,337,10
1,1,9.1,337,10
0,3,9.1,337,10
1,3,9.1,337,10
1,1,9.1,337,10
0,3,9.1,337,10
1,2,9.1,337,10
0,2,9.1,337,10
0,3,9.1,337,10
1,1,9.1,337,10
1,1,9.1,337,10
0,2,9.1,337,10
0,3,9.1,337,10
1,1,9.1,337,10
1,2,9.2,348,10
1,1,9.2,348,10
1,2,9.2,348,10
1,2,9.2,348,10
1,1,9.2,348,10
1,3,9.2,348,10
1,3,9.2,348,10
1,1,9.2,348,10
0,3,9.2,348,10
1,2,9.2,348,10
0,2,9.2,348,10
1,3,9.2,348,10
0,1,9.2,348,10
1,1,9.2,348,10
0,3,9.2,348,10
1,3,9.2,348,10
1,2,9.2,348,10
0,1,9.2,348,10
1,3,9.2,348,10
1,2,9.2,348,10
1,1,9.2,348,10
0,3,9.2,348,10
1,2,9.2,348,10
1,2,9.2,348,10
1,3,9.2,348,10
1,1,9.2,348,10
0,1,9.2,348,10
1,2,9.2,348,10
1,3,9.2,348,10
1,1,9.2,348,10
0,3,10.6,367,10
0,2,10.6,367,10
0,1,10.6,367,10
0,3,10.6,367,10
1,1,10.6,367,10
1,2,10.6,367,10
0,3,10.6,367,10
1,1,10.6,367,10
0,3,10.6,367,10
0,2,10.6,367,10
0,2,10.6,367,10
0,3,10.6,367,10
1,1,10.6,367,10
0,1,10.6,367,10
1,2,10.6,367,10
1,3,10.6,367,10
0,2,10.6,367,10
1,1,10.6,367,10
1,3,10.6,367,10
1,2,10.6,367,10
1,1,10.6,367,10
1,3,10.6,367,10
0,2,10.6,367,10
1,2,10.6,367,10
1,3,10.6,367,10
0,1,10.6,367,10
0,1,10.6,367,10
0,2,10.6,367,10
1,3,10.6,367,10
1,1,10.6,367,10
0,2,10.6,372,10
1,2,10.6,372,10
1,3,10.6,372,10
0,2,10.6,372,10
0,1,10.6,372,10
0,1,10.6,372,10
1,3,10.6,372,10
0,1,10.6,372,10
1,3,10.6,372,10
0,2,10.6,372,10
1,2,10.6,372,10
0,3,10.6,372,10
0,1,10.6,372,10
1,1,10.6,372,10
1,2,10.6,372,10
1,3,10.6,372,10
1,2,10.6,372,10
0,1,10.6,372,10
0,3,10.6,372,10
1,2,10.6,372,10
0,1,10.6,372,10
1,3,10.6,372,10
1,2,10.6,372,10
1,2,10.6,372,10
0,3,10.6,372,10
0,1,10.6,372,10
1,1,10.6,372,10
0,3,10.6,372,10
0,3,10.6,372,10
0,1,10.6,372,10
0,1,9.9,373,10
1,2,9.9,373,10
0,3,9.9,373,10
0,2,9.9,373,10
1,1,9.9,373,10
0,3,9.9,373,10
0,3,9.9,373,10
0,1,9.9,373,10
1,3,9.9,373,10
0,2,9.9,373,10
0,2,9.9,373,10
1,3,9.9,373,10
0,1,9.9,373,10
1,1,9.9,373,10
0,2,9.9,373,10
0,2,9.9,373,10
0,3,9.9,373,10
0,1,9.9,373,10
1,1,9.9,373,10
0,2,9.9,373,10
0,3,9.9,373,10
0,3,9.9,373,10
0,2,9.9,373,10
1,2,9.9,373,10
0,3,9.9,373,10
0,1,9.9,373,10
1,1,9.9,373,10
0,2,9.9,373,10
0,3,9.9,373,10
1,1,9.9,373,10
1,1,9.3,374,10
0,3,9.3,374,10
1,1,9.3,374,10
1,2,9.3,374,10
0,1,9.3,374,10
1,2,9.3,374,10
1,3,9.3,374,10
0,3,9.3,374,10
1,3,9.3,374,10
1,2,9.3,374,10
0,2,9.3,374,10
0,3,9.3,374,10
1,1,9.3,374,10
0,1,9.3,374,10
1,2,9.3,374,10
1,3,9.3,374,10
1,2,9.3,374,10
1,1,9.3,374,10
0,3,9.3,374,10
1,2,9.3,374,10
1,1,9.3,374,10
1,3,9.3,374,10
1,2,9.3,374,10
1,2,9.3,374,10
1,3,9.3,374,10
1,1,9.3,374,10
1,1,9.3,374,10
1,2,9.3,374,10
1,3,9.3,374,10
1,1,9.3,374,10
1,1,9.5,376,10
0,2,9.5,376,10
0,3,9.5,376,10
1,2,9.5,376,10
1,1,9.5,376,10
0,3,9.5,376,10
1,3,9.5,376,10
1,1,9.5,376,10
1,3,9.5,376,10
1,2,9.5,376,10
1,2,9.5,376,10
0,3,9.5,376,10
1,1,9.5,376,10
1,1,9.5,376,10
0,2,9.5,376,10
1,2,9.5,376,10
0,3,9.5,376,10
1,1,9.5,376,10
1,1,9.5,376,10
1,2,9.5,376,10
1,3,9.5,376,10
0,3,9.5,376,10
0,2,9.5,376,10
0,2,9.5,376,10
0,3,9.5,376,10
1,1,9.5,376,10
1,1,9.5,376,10
1,2,9.5,376,10
1,3,9.5,376,10
1,1,9.5,376,10
0,2,10.1,384,10
1,2,10.1,384,10
0,1,10.1,384,10
0,2,10.1,384,10
0,3,10.1,384,10
0,3,10.1,384,10
0,1,10.1,384,10
1,1,10.1,384,10
0,3,10.1,384,10
0,2,10.1,384,10
0,2,10.1,384,10
0,3,10.1,384,10
1,1,10.1,384,10
1,1,10.1,384,10
1,2,10.1,384,10
1,3,10.1,384,10
1,2,10.1,384,10
1,1,10.1,384,10
0,3,10.1,384,10
1,3,10.1,384,10
0,1,10.1,384,10
1,3,10.1,384,10
0,2,10.1,384,10
1,2,10.1,384,10
1,3,10.1,384,10
1,1,10.1,384,10
0,1,10.1,384,10
1,2,10.1,384,10
0,3,10.1,384,10
1,1,10.1,384,10
1,1,9.7,424,10
1,3,9.7,424,10
0,1,9.7,424,10
0,2,9.7,424,10
1,1,9.7,424,10
1,2,9.7,424,10
0,3,9.7,424,10
0,3,9.7,424,10
1,3,9.7,424,10
0,2,9.7,424,10
1,2,9.7,424,10
0,3,9.7,424,10
0,1,9.7,424,10
0,1,9.7,424,10
0,2,9.7,424,10
0,3,9.7,424,10
0,2,9.7,424,10
1,1,9.7,424,10
0,3,9.7,424,10
1,2,9.7,424,10
1,1,9.7,424,10
1,3,9.7,424,10
1,2,9.7,424,10
0,2,9.7,424,10
1,3,9.7,424,10
0,1,9.7,424,10
1,1,9.7,424,10
1,2,9.7,424,10
1,3,9.7,424,10
1,1,9.7,424,10
1,2,9.5,425,10
0,2,9.5,425,10
0,3,9.5,425,10
0,2,9.5,425,10
0,1,9.5,425,10
1,1,9.5,425,10
0,3,9.5,425,10
0,1,9.5,425,10
0,3,9.5,425,10
1,2,9.5,425,10
0,2,9.5,425,10
0,3,9.5,425,10
0,1,9.5,425,10
1,1,9.5,425,10
0,2,9.5,425,10
0,3,9.5,425,10
1,2,9.5,425,10
0,1,9.5,425,10
0,3,9.5,425,10
0,2,9.5,425,10
0,1,9.5,425,10
0,3,9.5,425,10
0,2,9.5,425,10
1,2,9.5,425,10
0,3,9.5,425,10
0,1,9.5,425,10
1,1,9.5,425,10
0,2,9.5,425,10
0,3,9.5,425,10
0,1,9.5,425,10
1,1,9.4,427,10
1,3,9.4,427,10
1,1,9.4,427,10
0,2,9.4,427,10
1,1,9.4,427,10
0,2,9.4,427,10
1,3,9.4,427,10
1,3,9.4,427,10
1,3,9.4,427,10
1,2,9.4,427,10
0,2,9.4,427,10
1,3,9.4,427,10
1,1,9.4,427,10
1,1,9.4,427,10
1,2,9.4,427,10
1,3,9.4,427,10
1,2,9.4,427,10
1,1,9.4,427,10
1,3,9.4,427,10
1,2,9.4,427,10
1,1,9.4,427,10
1,3,9.4,427,10
1,2,9.4,427,10
1,2,9.4,427,10
0,3,9.4,427,10
1,1,9.4,427,10
1,1,9.4,427,10
0,2,9.4,427,10
1,3,9.4,427,10
1,1,9.4,427,10
1,2,10.5,429,10
0,2,10.5,429,10
0,3,10.5,429,10
1,2,10.5,429,10
0,1,10.5,429,10
0,1,10.5,429,10
1,3,10.5,429,10
1,1,10.5,429,10
1,3,10.5,429,10
0,2,10.5,429,10
0,2,10.5,429,10
0,3,10.5,429,10
1,1,10.5,429,10
1,1,10.5,429,10
0,2,10.5,429,10
1,3,10.5,429,10
0,2,10.5,429,10
1,1,10.5,429,10
1,3,10.5,429,10
1,2,10.5,429,10
1,1,10.5,429,10
1,3,10.5,429,10
1,2,10.5,429,10
1,2,10.5,429,10
0,3,10.5,429,10
1,1,10.5,429,10
1,1,10.5,429,10
1,3,10.5,429,10
0,3,10.5,429,10
1,1,10.5,429,10
1,3,10.1,431,10
0,1,10.1,431,10
1,2,10.1,431,10
1,2,10.1,431,10
0,1,10.1,431,10
1,1,10.1,431,10
1,3,10.1,431,10
1,1,10.1,431,10
0,3,10.1,431,10
0,2,10.1,431,10
0,2,10.1,431,10
0,3,10.1,431,10
1,1,10.1,431,10
1,2,10.1,431,10
1,1,10.1,431,10
1,3,10.1,431,10
0,2,10.1,431,10
0,1,10.1,431,10
1,3,10.1,431,10
1,3,10.1,431,10
1,1,10.1,431,10
1,3,10.1,431,10
1,2,10.1,431,10
1,2,10.1,431,10
0,2,10.1,431,10
1,1,10.1,431,10
1,1,10.1,431,10
0,2,10.1,431,10
0,3,10.1,431,10
0,3,10.1,431,10
0,3,9.2,449,10
1,1,9.2,449,10
0,2,9.2,449,10
1,2,9.2,449,10
0,1,9.2,449,10
1,1,9.2,449,10
1,3,9.2,449,10
1,1,9.2,449,10
0,3,9.2,449,10
1,2,9.2,449,10
0,2,9.2,449,10
0,3,9.2,449,10
1,1,9.2,449,10
1,2,9.2,449,10
1,1,9.2,449,10
1,3,9.2,449,10
0,2,9.2,449,10
1,1,9.2,449,10
1,3,9.2,449,10
1,3,9.2,449,10
1,1,9.2,449,10
1,3,9.2,449,10
0,2,9.2,449,10
1,2,9.2,449,10
0,2,9.2,449,10
1,1,9.2,449,10
1,1,9.2,449,10
0,2,9.2,449,10
0,3,9.2,449,10
1,3,9.2,449,10
1,2,11.5,23,12
0,2,11.5,23,12
0,1,11.5,23,12
0,2,11.5,23,12
1,3,11.5,23,12
1,3,11.5,23,12
1,1,11.5,23,12
0,1,11.5,23,12
1,3,11.5,23,12
1,2,11.5,23,12
1,2,11.5,23,12
1,3,11.5,23,12
0,1,11.5,23,12
1,1,11.5,23,12
1,2,11.5,23,12
0,3,11.5,23,12
1,2,11.5,23,12
0,1,11.5,23,12
1,3,11.5,23,12
0,3,11.5,23,12
0,1,11.5,23,12
1,3,11.5,23,12
1,2,11.5,23,12
1,2,11.5,23,12
1,3,11.5,23,12
1,1,11.5,23,12
0,1,11.5,23,12
1,2,11.5,23,12
0,3,11.5,23,12
1,1,11.5,23,12
1,1,11,29,12
1,2,11,29,12
0,1,11,29,12
0,2,11,29,12
1,1,11,29,12
0,3,11,29,12
1,3,11,29,12
1,1,11,29,12
0,3,11,29,12
1,2,11,29,12
0,2,11,29,12
1,3,11,29,12
1,1,11,29,12
1,1,11,29,12
0,2,11,29,12
1,3,11,29,12
1,2,11,29,12
1,3,11,29,12
1,3,11,29,12
1,2,11,29,12
1,1,11,29,12
0,3,11,29,12
0,2,11,29,12
1,2,11,29,12
0,3,11,29,12
1,1,11,29,12
0,1,11,29,12
1,2,11,29,12
1,3,11,29,12
1,1,11,29,12
1,1,11.6,53,12
0,3,11.6,53,12
1,1,11.6,53,12
1,2,11.6,53,12
1,1,11.6,53,12
1,2,11.6,53,12
1,3,11.6,53,12
1,3,11.6,53,12
1,3,11.6,53,12
1,2,11.6,53,12
1,2,11.6,53,12
1,3,11.6,53,12
0,1,11.6,53,12
1,1,11.6,53,12
1,2,11.6,53,12
0,3,11.6,53,12
1,2,11.6,53,12
1,1,11.6,53,12
1,3,11.6,53,12
1,2,11.6,53,12
1,1,11.6,53,12
1,3,11.6,53,12
1,2,11.6,53,12
1,2,11.6,53,12
0,3,11.6,53,12
1,1,11.6,53,12
0,1,11.6,53,12
1,2,11.6,53,12
0,3,11.6,53,12
1,1,11.6,53,12
1,1,11.3,66,12
1,2,11.3,66,12
1,1,11.3,66,12
1,2,11.3,66,12
1,1,11.3,66,12
0,3,11.3,66,12
0,3,11.3,66,12
1,1,11.3,66,12
1,3,11.3,66,12
1,2,11.3,66,12
1,2,11.3,66,12
1,3,11.3,66,12
1,1,11.3,66,12
1,1,11.3,66,12
1,2,11.3,66,12
1,3,11.3,66,12
1,2,11.3,66,12
1,3,11.3,66,12
0,3,11.3,66,12
1,2,11.3,66,12
1,1,11.3,66,12
0,3,11.3,66,12
1,2,11.3,66,12
1,2,11.3,66,12
1,3,11.3,66,12
0,1,11.3,66,12
1,1,11.3,66,12
1,2,11.3,66,12
0,3,11.3,66,12
0,1,11.3,66,12
1,1,12.1,74,12
1,2,12.1,74,12
1,3,12.1,74,12
0,2,12.1,74,12
1,1,12.1,74,12
0,3,12.1,74,12
0,3,12.1,74,12
0,1,12.1,74,12
0,3,12.1,74,12
1,2,12.1,74,12
1,2,12.1,74,12
1,3,12.1,74,12
1,1,12.1,74,12
1,1,12.1,74,12
1,2,12.1,74,12
1,2,12.1,74,12
1,3,12.1,74,12
1,1,12.1,74,12
1,1,12.1,74,12
1,2,12.1,74,12
0,3,12.1,74,12
0,3,12.1,74,12
1,2,12.1,74,12
1,2,12.1,74,12
0,3,12.1,74,12
1,1,12.1,74,12
1,1,12.1,74,12
0,2,12.1,74,12
1,3,12.1,74,12
1,1,12.1,74,12
0,3,11.2,83,12
1,1,11.2,83,12
0,2,11.2,83,12
0,2,11.2,83,12
1,1,11.2,83,12
1,1,11.2,83,12
0,3,11.2,83,12
1,1,11.2,83,12
0,3,11.2,83,12
0,2,11.2,83,12
1,2,11.2,83,12
1,3,11.2,83,12
0,1,11.2,83,12
1,2,11.2,83,12
1,1,11.2,83,12
1,3,11.2,83,12
1,2,11.2,83,12
1,1,11.2,83,12
1,3,11.2,83,12
0,3,11.2,83,12
1,1,11.2,83,12
1,3,11.2,83,12
1,2,11.2,83,12
1,2,11.2,83,12
0,2,11.2,83,12
1,1,11.2,83,12
0,1,11.2,83,12
1,2,11.2,83,12
1,3,11.2,83,12
1,3,11.2,83,12
0,2,11.8,86,12
0,2,11.8,86,12
1,1,11.8,86,12
1,2,11.8,86,12
1,1,11.8,86,12
0,3,11.8,86,12
0,3,11.8,86,12
0,1,11.8,86,12
0,3,11.8,86,12
1,2,11.8,86,12
0,3,11.8,86,12
0,3,11.8,86,12
1,1,11.8,86,12
1,1,11.8,86,12
1,2,11.8,86,12
0,3,11.8,86,12
1,2,11.8,86,12
0,1,11.8,86,12
0,3,11.8,86,12
1,2,11.8,86,12
1,1,11.8,86,12
1,3,11.8,86,12
1,2,11.8,86,12
1,2,11.8,86,12
1,3,11.8,86,12
1,1,11.8,86,12
0,1,11.8,86,12
1,2,11.8,86,12
0,3,11.8,86,12
0,1,11.8,86,12
1,1,11.3,128,12
1,2,11.3,128,12
1,1,11.3,128,12
1,2,11.3,128,12
1,1,11.3,128,12
0,3,11.3,128,12
0,3,11.3,128,12
1,1,11.3,128,12
1,3,11.3,128,12
1,2,11.3,128,12
1,2,11.3,128,12
0,3,11.3,128,12
1,1,11.3,128,12
0,1,11.3,128,12
0,2,11.3,128,12
0,3,11.3,128,12
0,2,11.3,128,12
1,1,11.3,128,12
1,3,11.3,128,12
1,2,11.3,128,12
0,3,11.3,128,12
0,3,11.3,128,12
0,2,11.3,128,12
1,2,11.3,128,12
1,1,11.3,128,12
1,1,11.3,128,12
0,1,11.3,128,12
1,2,11.3,128,12
1,3,11.3,128,12
0,3,11.3,128,12
1,1,11.7,199,12
1,2,11.7,199,12
1,1,11.7,199,12
1,2,11.7,199,12
0,1,11.7,199,12
0,3,11.7,199,12
1,3,11.7,199,12
1,1,11.7,199,12
1,3,11.7,199,12
0,2,11.7,199,12
1,2,11.7,199,12
0,3,11.7,199,12
1,1,11.7,199,12
1,1,11.7,199,12
0,2,11.7,199,12
1,3,11.7,199,12
1,2,11.7,199,12
1,1,11.7,199,12
1,3,11.7,199,12
0,2,11.7,199,12
1,3,11.7,199,12
1,3,11.7,199,12
1,2,11.7,199,12
1,2,11.7,199,12
1,1,11.7,199,12
1,1,11.7,199,12
1,1,11.7,199,12
1,2,11.7,199,12
0,3,11.7,199,12
1,3,11.7,199,12
1,3,11.9,203,12
1,1,11.9,203,12
1,2,11.9,203,12
0,2,11.9,203,12
1,1,11.9,203,12
0,1,11.9,203,12
0,3,11.9,203,12
1,1,11.9,203,12
1,3,11.9,203,12
0,2,11.9,203,12
0,2,11.9,203,12
1,3,11.9,203,12
0,1,11.9,203,12
0,2,11.9,203,12
0,1,11.9,203,12
0,3,11.9,203,12
1,2,11.9,203,12
0,1,11.9,203,12
0,3,11.9,203,12
0,2,11.9,203,12
0,1,11.9,203,12
0,3,11.9,203,12
0,2,11.9,203,12
1,2,11.9,203,12
1,2,11.9,203,12
0,1,11.9,203,12
0,1,11.9,203,12
0,2,11.9,203,12
1,3,11.9,203,12
1,1,11.9,203,12
1,1,12.4,207,12
1,2,12.4,207,12
1,1,12.4,207,12
1,2,12.4,207,12
1,1,12.4,207,12
0,3,12.4,207,12
1,3,12.4,207,12
1,1,12.4,207,12
1,3,12.4,207,12
1,2,12.4,207,12
1,2,12.4,207,12
1,3,12.4,207,12
1,1,12.4,207,12
1,1,12.4,207,12
0,2,12.4,207,12
1,3,12.4,207,12
1,2,12.4,207,12
0,3,12.4,207,12
1,3,12.4,207,12
1,2,12.4,207,12
1,1,12.4,207,12
0,3,12.4,207,12
0,2,12.4,207,12
1,2,12.4,207,12
1,3,12.4,207,12
0,1,12.4,207,12
1,1,12.4,207,12
1,2,12.4,207,12
1,3,12.4,207,12
1,1,12.4,207,12
1,1,12.3,248,12
1,2,12.3,248,12
1,1,12.3,248,12
1,2,12.3,248,12
1,1,12.3,248,12
1,3,12.3,248,12
1,3,12.3,248,12
1,1,12.3,248,12
1,3,12.3,248,12
1,2,12.3,248,12
1,2,12.3,248,12
0,3,12.3,248,12
0,1,12.3,248,12
1,1,12.3,248,12
1,2,12.3,248,12
1,3,12.3,248,12
1,2,12.3,248,12
0,1,12.3,248,12
1,3,12.3,248,12
1,2,12.3,248,12
0,3,12.3,248,12
1,3,12.3,248,12
1,2,12.3,248,12
1,2,12.3,248,12
1,1,12.3,248,12
1,1,12.3,248,12
0,1,12.3,248,12
1,2,12.3,248,12
1,3,12.3,248,12
0,3,12.3,248,12
1,2,11.9,250,12
1,2,11.9,250,12
1,1,11.9,250,12
1,2,11.9,250,12
0,3,11.9,250,12
1,3,11.9,250,12
0,1,11.9,250,12
1,1,11.9,250,12
0,3,11.9,250,12
1,2,11.9,250,12
1,2,11.9,250,12
1,3,11.9,250,12
1,1,11.9,250,12
0,1,11.9,250,12
1,2,11.9,250,12
1,3,11.9,250,12
1,2,11.9,250,12
1,1,11.9,250,12
1,3,11.9,250,12
1,3,11.9,250,12
0,1,11.9,250,12
1,3,11.9,250,12
1,2,11.9,250,12
1,2,11.9,250,12
0,3,11.9,250,12
0,1,11.9,250,12
1,1,11.9,250,12
1,2,11.9,250,12
1,3,11.9,250,12
1,1,11.9,250,12
1,1,12.8,265,12
1,2,12.8,265,12
1,3,12.8,265,12
1,2,12.8,265,12
1,1,12.8,265,12
1,3,12.8,265,12
1,3,12.8,265,12
1,1,12.8,265,12
1,3,12.8,265,12
1,2,12.8,265,12
0,2,12.8,265,12
1,3,12.8,265,12
1,1,12.8,265,12
0,1,12.8,265,12
1,2,12.8,265,12
1,2,12.8,265,12
1,3,12.8,265,12
1,1,12.8,265,12
1,1,12.8,265,12
1,2,12.8,265,12
0,3,12.8,265,12
1,3,12.8,265,12
1,2,12.8,265,12
1,2,12.8,265,12
1,3,12.8,265,12
1,1,12.8,265,12
1,1,12.8,265,12
1,2,12.8,265,12
1,3,12.8,265,12
1,1,12.8,265,12
1,1,11.5,303,12
1,2,11.5,303,12
1,3,11.5,303,12
1,2,11.5,303,12
1,1,11.5,303,12
1,3,11.5,303,12
1,3,11.5,303,12
0,1,11.5,303,12
1,3,11.5,303,12
0,2,11.5,303,12
1,2,11.5,303,12
1,3,11.5,303,12
1,1,11.5,303,12
1,1,11.5,303,12
1,2,11.5,303,12
1,2,11.5,303,12
1,3,11.5,303,12
1,1,11.5,303,12
0,1,11.5,303,12
1,2,11.5,303,12
1,3,11.5,303,12
1,3,11.5,303,12
1,2,11.5,303,12
1,2,11.5,303,12
0,3,11.5,303,12
1,1,11.5,303,12
1,1,11.5,303,12
1,2,11.5,303,12
1,3,11.5,303,12
1,1,11.5,303,12
1,1,11.3,309,12
1,2,11.3,309,12
0,1,11.3,309,12
1,2,11.3,309,12
1,1,11.3,309,12
0,3,11.3,309,12
0,3,11.3,309,12
0,1,11.3,309,12
1,3,11.3,309,12
1,2,11.3,309,12
1,2,11.3,309,12
0,3,11.3,309,12
1,1,11.3,309,12
0,1,11.3,309,12
0,2,11.3,309,12
0,3,11.3,309,12
1,2,11.3,309,12
1,1,11.3,309,12
1,3,11.3,309,12
1,2,11.3,309,12
1,3,11.3,309,12
0,3,11.3,309,12
0,2,11.3,309,12
1,2,11.3,309,12
0,1,11.3,309,12
1,1,11.3,309,12
1,1,11.3,309,12
1,2,11.3,309,12
1,3,11.3,309,12
0,3,11.3,309,12
0,2,11.3,311,12
0,2,11.3,311,12
0,1,11.3,311,12
0,2,11.3,311,12
1,1,11.3,311,12
0,3,11.3,311,12
1,3,11.3,311,12
1,1,11.3,311,12
0,3,11.3,311,12
0,2,11.3,311,12
1,3,11.3,311,12
0,3,11.3,311,12
1,1,11.3,311,12
1,1,11.3,311,12
1,2,11.3,311,12
1,3,11.3,311,12
0,2,11.3,311,12
1,1,11.3,311,12
0,3,11.3,311,12
1,2,11.3,311,12
1,1,11.3,311,12
0,3,11.3,311,12
0,2,11.3,311,12
1,2,11.3,311,12
1,3,11.3,311,12
1,1,11.3,311,12
0,1,11.3,311,12
1,2,11.3,311,12
1,3,11.3,311,12
1,1,11.3,311,12
1,2,12.5,328,12
1,1,12.5,328,12
1,2,12.5,328,12
1,2,12.5,328,12
1,1,12.5,328,12
1,3,12.5,328,12
1,3,12.5,328,12
0,1,12.5,328,12
0,3,12.5,328,12
1,2,12.5,328,12
1,2,12.5,328,12
0,3,12.5,328,12
1,1,12.5,328,12
1,1,12.5,328,12
0,3,12.5,328,12
1,3,12.5,328,12
1,2,12.5,328,12
1,1,12.5,328,12
1,3,12.5,328,12
1,2,12.5,328,12
1,1,12.5,328,12
1,3,12.5,328,12
1,2,12.5,328,12
1,2,12.5,328,12
1,3,12.5,328,12
1,1,12.5,328,12
1,1,12.5,328,12
1,2,12.5,328,12
1,3,12.5,328,12
1,1,12.5,328,12
1,3,12.5,329,12
1,2,12.5,329,12
1,1,12.5,329,12
1,3,12.5,329,12
1,1,12.5,329,12
0,2,12.5,329,12
1,3,12.5,329,12
1,1,12.5,329,12
1,3,12.5,329,12
1,2,12.5,329,12
0,2,12.5,329,12
1,3,12.5,329,12
0,1,12.5,329,12
1,1,12.5,329,12
1,2,12.5,329,12
1,3,12.5,329,12
1,2,12.5,329,12
1,1,12.5,329,12
1,3,12.5,329,12
1,2,12.5,329,12
0,1,12.5,329,12
1,3,12.5,329,12
1,2,12.5,329,12
1,2,12.5,329,12
1,3,12.5,329,12
1,1,12.5,329,12
1,1,12.5,329,12
1,2,12.5,329,12
1,3,12.5,329,12
1,1,12.5,329,12
1,2,11.7,331,12
0,2,11.7,331,12
0,1,11.7,331,12
1,2,11.7,331,12
1,3,11.7,331,12
1,3,11.7,331,12
0,1,11.7,331,12
0,1,11.7,331,12
1,3,11.7,331,12
1,2,11.7,331,12
1,2,11.7,331,12
1,3,11.7,331,12
1,1,11.7,331,12
0,1,11.7,331,12
1,2,11.7,331,12
0,3,11.7,331,12
0,2,11.7,331,12
1,1,11.7,331,12
0,3,11.7,331,12
0,3,11.7,331,12
1,1,11.7,331,12
0,3,11.7,331,12
1,2,11.7,331,12
1,2,11.7,331,12
1,3,11.7,331,12
1,1,11.7,331,12
1,1,11.7,331,12
1,2,11.7,331,12
0,3,11.7,331,12
0,1,11.7,331,12
1,2,12,341,12
0,2,12,341,12
1,3,12,341,12
1,2,12,341,12
1,1,12,341,12
1,1,12,341,12
0,3,12,341,12
1,1,12,341,12
1,3,12,341,12
1,2,12,341,12
1,2,12,341,12
1,3,12,341,12
1,1,12,341,12
1,1,12,341,12
1,2,12,341,12
1,3,12,341,12
1,2,12,341,12
1,1,12,341,12
1,3,12,341,12
0,2,12,341,12
1,1,12,341,12
1,3,12,341,12
1,2,12,341,12
1,2,12,341,12
1,3,12,341,12
1,1,12,341,12
1,1,12,341,12
1,3,12,341,12
1,3,12,341,12
1,1,12,341,12
1,1,12.1,357,12
1,2,12.1,357,12
0,1,12.1,357,12
1,2,12.1,357,12
1,1,12.1,357,12
0,3,12.1,357,12
1,3,12.1,357,12
1,1,12.1,357,12
0,3,12.1,357,12
1,2,12.1,357,12
0,2,12.1,357,12
1,3,12.1,357,12
1,1,12.1,357,12
1,1,12.1,357,12
1,2,12.1,357,12
1,3,12.1,357,12
1,2,12.1,357,12
1,1,12.1,357,12
1,3,12.1,357,12
1,2,12.1,357,12
1,3,12.1,357,12
1,3,12.1,357,12
0,2,12.1,357,12
1,2,12.1,357,12
1,1,12.1,357,12
1,1,12.1,357,12
1,1,12.1,357,12
1,2,12.1,357,12
1,3,12.1,357,12
1,3,12.1,357,12
0,1,12.2,369,12
1,2,12.2,369,12
1,1,12.2,369,12
1,2,12.2,369,12
1,1,12.2,369,12
0,3,12.2,369,12
1,3,12.2,369,12
1,1,12.2,369,12
0,3,12.2,369,12
0,2,12.2,369,12
0,2,12.2,369,12
0,3,12.2,369,12
0,1,12.2,369,12
1,1,12.2,369,12
0,2,12.2,369,12
0,3,12.2,369,12
0,2,12.2,369,12
0,1,12.2,369,12
0,3,12.2,369,12
0,2,12.2,369,12
0,3,12.2,369,12
0,3,12.2,369,12
0,2,12.2,369,12
0,2,12.2,369,12
0,1,12.2,369,12
0,1,12.2,369,12
0,1,12.2,369,12
0,2,12.2,369,12
1,3,12.2,369,12
0,3,12.2,369,12
0,2,12.6,375,12
1,2,12.6,375,12
0,3,12.6,375,12
0,2,12.6,375,12
1,1,12.6,375,12
1,1,12.6,375,12
1,3,12.6,375,12
1,1,12.6,375,12
0,3,12.6,375,12
1,2,12.6,375,12
1,2,12.6,375,12
1,3,12.6,375,12
1,1,12.6,375,12
1,1,12.6,375,12
1,2,12.6,375,12
1,3,12.6,375,12
1,2,12.6,375,12
1,1,12.6,375,12
0,3,12.6,375,12
1,2,12.6,375,12
0,1,12.6,375,12
0,3,12.6,375,12
1,2,12.6,375,12
1,2,12.6,375,12
1,3,12.6,375,12
1,1,12.6,375,12
0,1,12.6,375,12
1,3,12.6,375,12
1,3,12.6,375,12
1,1,12.6,375,12
0,3,12,385,12
1,1,12,385,12
0,2,12,385,12
1,2,12,385,12
0,1,12,385,12
1,1,12,385,12
0,3,12,385,12
0,1,12,385,12
0,3,12,385,12
0,2,12,385,12
0,2,12,385,12
0,3,12,385,12
0,1,12,385,12
1,2,12,385,12
1,1,12,385,12
1,3,12,385,12
1,2,12,385,12
1,1,12,385,12
0,3,12,385,12
1,3,12,385,12
0,1,12,385,12
0,3,12,385,12
1,2,12,385,12
0,2,12,385,12
1,2,12,385,12
0,1,12,385,12
1,1,12,385,12
1,2,12,385,12
0,3,12,385,12
1,3,12,385,12
0,3,12.5,386,12
0,2,12.5,386,12
0,1,12.5,386,12
0,3,12.5,386,12
1,1,12.5,386,12
1,2,12.5,386,12
1,3,12.5,386,12
0,1,12.5,386,12
0,3,12.5,386,12
0,2,12.5,386,12
1,2,12.5,386,12
1,3,12.5,386,12
0,1,12.5,386,12
1,1,12.5,386,12
1,2,12.5,386,12
1,3,12.5,386,12
1,2,12.5,386,12
1,1,12.5,386,12
0,3,12.5,386,12
1,2,12.5,386,12
1,1,12.5,386,12
0,3,12.5,386,12
1,2,12.5,386,12
1,2,12.5,386,12
1,3,12.5,386,12
1,1,12.5,386,12
1,1,12.5,386,12
1,2,12.5,386,12
1,3,12.5,386,12
1,1,12.5,386,12
0,3,11.9,423,12
0,2,11.9,423,12
1,1,11.9,423,12
0,3,11.9,423,12
1,1,11.9,423,12
1,2,11.9,423,12
0,3,11.9,423,12
1,1,11.9,423,12
1,3,11.9,423,12
0,2,11.9,423,12
0,2,11.9,423,12
0,3,11.9,423,12
1,1,11.9,423,12
1,1,11.9,423,12
1,2,11.9,423,12
1,3,11.9,423,12
1,2,11.9,423,12
1,1,11.9,423,12
0,3,11.9,423,12
1,2,11.9,423,12
1,1,11.9,423,12
1,3,11.9,423,12
1,2,11.9,423,12
1,2,11.9,423,12
1,3,11.9,423,12
0,1,11.9,423,12
1,1,11.9,423,12
1,2,11.9,423,12
0,3,11.9,423,12
1,1,11.9,423,12
1,2,12.9,428,12
1,2,12.9,428,12
1,1,12.9,428,12
1,2,12.9,428,12
1,1,12.9,428,12
1,3,12.9,428,12
0,3,12.9,428,12
1,1,12.9,428,12
1,3,12.9,428,12
1,2,12.9,428,12
1,3,12.9,428,12
1,3,12.9,428,12
1,1,12.9,428,12
1,1,12.9,428,12
1,2,12.9,428,12
1,3,12.9,428,12
0,2,12.9,428,12
1,1,12.9,428,12
1,3,12.9,428,12
1,2,12.9,428,12
1,1,12.9,428,12
1,3,12.9,428,12
1,2,12.9,428,12
0,2,12.9,428,12
0,3,12.9,428,12
1,1,12.9,428,12
1,1,12.9,428,12
1,2,12.9,428,12
0,3,12.9,428,12
1,1,12.9,428,12
0,3,12.4,436,12
1,1,12.4,436,12
1,2,12.4,436,12
1,2,12.4,436,12
1,1,12.4,436,12
1,1,12.4,436,12
0,3,12.4,436,12
1,1,12.4,436,12
1,3,12.4,436,12
1,2,12.4,436,12
1,2,12.4,436,12
1,3,12.4,436,12
0,1,12.4,436,12
0,2,12.4,436,12
0,1,12.4,436,12
1,3,12.4,436,12
1,2,12.4,436,12
1,1,12.4,436,12
1,3,12.4,436,12
0,3,12.4,436,12
1,1,12.4,436,12
1,3,12.4,436,12
0,2,12.4,436,12
1,2,12.4,436,12
0,2,12.4,436,12
1,1,12.4,436,12
1,1,12.4,436,12
1,2,12.4,436,12
1,3,12.4,436,12
1,3,12.4,436,12
0,1,11.2,440,12
1,2,11.2,440,12
0,1,11.2,440,12
1,2,11.2,440,12
1,1,11.2,440,12
1,3,11.2,440,12
1,3,11.2,440,12
0,1,11.2,440,12
1,3,11.2,440,12
1,2,11.2,440,12
1,2,11.2,440,12
1,3,11.2,440,12
1,1,11.2,440,12
1,1,11.2,440,12
0,2,11.2,440,12
1,3,11.2,440,12
1,2,11.2,440,12
1,3,11.2,440,12
1,3,11.2,440,12
1,2,11.2,440,12
1,1,11.2,440,12
1,3,11.2,440,12
1,2,11.2,440,12
1,2,11.2,440,12
1,3,11.2,440,12
1,1,11.2,440,12
1,1,11.2,440,12
1,2,11.2,440,12
1,3,11.2,440,12
1,1,11.2,440,12
1,1,13.1,32,14
0,2,13.1,32,14
1,1,13.1,32,14
0,2,13.1,32,14
1,1,13.1,32,14
1,3,13.1,32,14
0,3,13.1,32,14
1,1,13.1,32,14
0,3,13.1,32,14
1,2,13.1,32,14
1,2,13.1,32,14
1,3,13.1,32,14
1,1,13.1,32,14
1,1,13.1,32,14
1,2,13.1,32,14
1,3,13.1,32,14
0,2,13.1,32,14
1,3,13.1,32,14
1,3,13.1,32,14
0,2,13.1,32,14
1,1,13.1,32,14
1,3,13.1,32,14
1,2,13.1,32,14
1,2,13.1,32,14
1,3,13.1,32,14
1,1,13.1,32,14
1,1,13.1,32,14
1,2,13.1,32,14
1,3,13.1,32,14
1,1,13.1,32,14
1,1,13.5,97,14
1,2,13.5,97,14
0,1,13.5,97,14
0,2,13.5,97,14
0,1,13.5,97,14
0,3,13.5,97,14
0,3,13.5,97,14
1,1,13.5,97,14
0,3,13.5,97,14
1,2,13.5,97,14
1,2,13.5,97,14
0,3,13.5,97,14
1,1,13.5,97,14
0,1,13.5,97,14
0,2,13.5,97,14
0,3,13.5,97,14
1,2,13.5,97,14
0,3,13.5,97,14
1,3,13.5,97,14
1,2,13.5,97,14
0,1,13.5,97,14
0,3,13.5,97,14
1,2,13.5,97,14
1,2,13.5,97,14
0,3,13.5,97,14
0,1,13.5,97,14
1,1,13.5,97,14
1,2,13.5,97,14
1,3,13.5,97,14
0,1,13.5,97,14
1,2,14.9,170,14
1,2,14.9,170,14
1,1,14.9,170,14
0,2,14.9,170,14
1,3,14.9,170,14
1,3,14.9,170,14
1,1,14.9,170,14
0,1,14.9,170,14
0,3,14.9,170,14
1,2,14.9,170,14
0,2,14.9,170,14
1,3,14.9,170,14
1,1,14.9,170,14
1,1,14.9,170,14
1,2,14.9,170,14
1,3,14.9,170,14
1,2,14.9,170,14
1,1,14.9,170,14
1,3,14.9,170,14
1,3,14.9,170,14
1,1,14.9,170,14
0,3,14.9,170,14
1,2,14.9,170,14
1,2,14.9,170,14
1,3,14.9,170,14
1,1,14.9,170,14
0,1,14.9,170,14
1,2,14.9,170,14
1,3,14.9,170,14
1,1,14.9,170,14
1,1,14.8,204,14
1,3,14.8,204,14
0,1,14.8,204,14
1,2,14.8,204,14
1,1,14.8,204,14
1,2,14.8,204,14
1,3,14.8,204,14
1,3,14.8,204,14
1,3,14.8,204,14
0,2,14.8,204,14
1,2,14.8,204,14
1,3,14.8,204,14
0,1,14.8,204,14
1,1,14.8,204,14
1,2,14.8,204,14
1,3,14.8,204,14
1,2,14.8,204,14
0,1,14.8,204,14
1,3,14.8,204,14
1,2,14.8,204,14
1,1,14.8,204,14
1,3,14.8,204,14
1,2,14.8,204,14
1,2,14.8,204,14
1,3,14.8,204,14
1,1,14.8,204,14
1,1,14.8,204,14
1,2,14.8,204,14
1,3,14.8,204,14
0,1,14.8,204,14
1,2,13.1,238,14
0,2,13.1,238,14
0,1,13.1,238,14
1,2,13.1,238,14
1,1,13.1,238,14
1,3,13.1,238,14
1,3,13.1,238,14
1,1,13.1,238,14
0,3,13.1,238,14
1,2,13.1,238,14
1,3,13.1,238,14
1,3,13.1,238,14
1,1,13.1,238,14
1,1,13.1,238,14
1,2,13.1,238,14
1,3,13.1,238,14
1,2,13.1,238,14
1,1,13.1,238,14
1,3,13.1,238,14
1,2,13.1,238,14
1,1,13.1,238,14
1,3,13.1,238,14
1,2,13.1,238,14
0,2,13.1,238,14
1,3,13.1,238,14
1,1,13.1,238,14
1,1,13.1,238,14
0,2,13.1,238,14
1,3,13.1,238,14
1,1,13.1,238,14
0,2,14.4,264,14
1,1,14.4,264,14
1,2,14.4,264,14
0,2,14.4,264,14
1,1,14.4,264,14
1,3,14.4,264,14
0,3,14.4,264,14
1,1,14.4,264,14
0,3,14.4,264,14
0,2,14.4,264,14
1,2,14.4,264,14
1,3,14.4,264,14
1,1,14.4,264,14
1,1,14.4,264,14
0,3,14.4,264,14
1,3,14.4,264,14
1,2,14.4,264,14
1,1,14.4,264,14
0,3,14.4,264,14
1,2,14.4,264,14
1,1,14.4,264,14
1,3,14.4,264,14
1,2,14.4,264,14
0,2,14.4,264,14
1,3,14.4,264,14
0,1,14.4,264,14
1,1,14.4,264,14
1,2,14.4,264,14
1,3,14.4,264,14
0,1,14.4,264,14
1,1,13.1,278,14
0,3,13.1,278,14
1,1,13.1,278,14
1,2,13.1,278,14
1,1,13.1,278,14
1,2,13.1,278,14
1,3,13.1,278,14
0,3,13.1,278,14
1,3,13.1,278,14
0,2,13.1,278,14
1,2,13.1,278,14
0,3,13.1,278,14
0,1,13.1,278,14
1,1,13.1,278,14
0,2,13.1,278,14
0,3,13.1,278,14
0,2,13.1,278,14
1,1,13.1,278,14
1,3,13.1,278,14
1,2,13.1,278,14
0,1,13.1,278,14
1,3,13.1,278,14
1,2,13.1,278,14
0,2,13.1,278,14
1,3,13.1,278,14
0,1,13.1,278,14
1,1,13.1,278,14
1,2,13.1,278,14
1,3,13.1,278,14
1,1,13.1,278,14
1,3,13.8,302,14
1,1,13.8,302,14
1,2,13.8,302,14
0,2,13.8,302,14
0,1,13.8,302,14
1,1,13.8,302,14
1,3,13.8,302,14
1,1,13.8,302,14
1,3,13.8,302,14
1,2,13.8,302,14
1,2,13.8,302,14
1,3,13.8,302,14
1,1,13.8,302,14
1,2,13.8,302,14
1,1,13.8,302,14
1,3,13.8,302,14
1,2,13.8,302,14
1,1,13.8,302,14
0,3,13.8,302,14
1,3,13.8,302,14
1,1,13.8,302,14
1,3,13.8,302,14
1,2,13.8,302,14
1,2,13.8,302,14
1,2,13.8,302,14
0,1,13.8,302,14
1,1,13.8,302,14
1,2,13.8,302,14
1,3,13.8,302,14
0,3,13.8,302,14
1,1,13.9,358,14
1,3,13.9,358,14
0,1,13.9,358,14
1,2,13.9,358,14
1,1,13.9,358,14
1,2,13.9,358,14
1,3,13.9,358,14
1,3,13.9,358,14
1,3,13.9,358,14
0,2,13.9,358,14
1,2,13.9,358,14
1,3,13.9,358,14
1,1,13.9,358,14
1,1,13.9,358,14
1,2,13.9,358,14
1,3,13.9,358,14
1,2,13.9,358,14
1,1,13.9,358,14
1,3,13.9,358,14
1,2,13.9,358,14
1,1,13.9,358,14
1,3,13.9,358,14
0,2,13.9,358,14
1,2,13.9,358,14
1,3,13.9,358,14
1,1,13.9,358,14
1,1,13.9,358,14
0,2,13.9,358,14
1,3,13.9,358,14
1,1,13.9,358,14
0,3,13.9,412,14
1,2,13.9,412,14
0,1,13.9,412,14
1,3,13.9,412,14
1,1,13.9,412,14
0,2,13.9,412,14
0,3,13.9,412,14
1,1,13.9,412,14
1,3,13.9,412,14
1,2,13.9,412,14
0,2,13.9,412,14
1,3,13.9,412,14
1,1,13.9,412,14
1,1,13.9,412,14
1,2,13.9,412,14
1,3,13.9,412,14
0,2,13.9,412,14
0,1,13.9,412,14
1,3,13.9,412,14
1,2,13.9,412,14
1,1,13.9,412,14
1,3,13.9,412,14
1,2,13.9,412,14
0,2,13.9,412,14
1,3,13.9,412,14
1,1,13.9,412,14
1,1,13.9,412,14
1,2,13.9,412,14
1,3,13.9,412,14
1,1,13.9,412,14
0,2,14.2,419,14
1,2,14.2,419,14
1,1,14.2,419,14
1,2,14.2,419,14
1,3,14.2,419,14
1,3,14.2,419,14
0,1,14.2,419,14
1,1,14.2,419,14
1,3,14.2,419,14
1,2,14.2,419,14
1,2,14.2,419,14
1,3,14.2,419,14
1,1,14.2,419,14
1,1,14.2,419,14
1,2,14.2,419,14
1,3,14.2,419,14
1,2,14.2,419,14
0,1,14.2,419,14
0,3,14.2,419,14
1,3,14.2,419,14
0,1,14.2,419,14
0,3,14.2,419,14
1,2,14.2,419,14
1,2,14.2,419,14
1,3,14.2,419,14
1,1,14.2,419,14
1,1,14.2,419,14
1,2,14.2,419,14
1,3,14.2,419,14
1,1,14.2,419,14
0,3,14.8,430,14
0,2,14.8,430,14
0,1,14.8,430,14
1,3,14.8,430,14
0,1,14.8,430,14
1,2,14.8,430,14
1,3,14.8,430,14
1,1,14.8,430,14
0,3,14.8,430,14
1,2,14.8,430,14
1,2,14.8,430,14
1,3,14.8,430,14
1,1,14.8,430,14
1,1,14.8,430,14
1,2,14.8,430,14
1,3,14.8,430,14
1,2,14.8,430,14
0,1,14.8,430,14
0,3,14.8,430,14
1,2,14.8,430,14
1,1,14.8,430,14
1,3,14.8,430,14
1,2,14.8,430,14
1,2,14.8,430,14
1,3,14.8,430,14
1,1,14.8,430,14
1,1,14.8,430,14
1,2,14.8,430,14
1,3,14.8,430,14
1,1,14.8,430,14
0,3,16.3,19,16
1,2,16.3,19,16
1,1,16.3,19,16
1,3,16.3,19,16
0,1,16.3,19,16
0,2,16.3,19,16
0,3,16.3,19,16
1,1,16.3,19,16
0,3,16.3,19,16
0,2,16.3,19,16
1,2,16.3,19,16
1,3,16.3,19,16
1,1,16.3,19,16
0,1,16.3,19,16
1,2,16.3,19,16
1,3,16.3,19,16
0,2,16.3,19,16
0,1,16.3,19,16
1,3,16.3,19,16
0,2,16.3,19,16
1,1,16.3,19,16
0,3,16.3,19,16
1,2,16.3,19,16
0,2,16.3,19,16
0,3,16.3,19,16
0,1,16.3,19,16
1,1,16.3,19,16
0,2,16.3,19,16
0,3,16.3,19,16
1,1,16.3,19,16
1,2,15,71,16
1,2,15,71,16
1,3,15,71,16
0,2,15,71,16
0,1,15,71,16
1,1,15,71,16
1,3,15,71,16
1,1,15,71,16
1,3,15,71,16
1,2,15,71,16
1,2,15,71,16
1,3,15,71,16
1,1,15,71,16
1,1,15,71,16
1,2,15,71,16
1,3,15,71,16
1,2,15,71,16
1,1,15,71,16
1,3,15,71,16
1,2,15,71,16
1,1,15,71,16
0,3,15,71,16
1,2,15,71,16
1,2,15,71,16
1,3,15,71,16
1,1,15,71,16
1,1,15,71,16
1,3,15,71,16
1,3,15,71,16
1,1,15,71,16
0,3,15,72,16
1,2,15,72,16
1,1,15,72,16
1,3,15,72,16
0,1,15,72,16
1,2,15,72,16
1,3,15,72,16
1,1,15,72,16
0,3,15,72,16
1,2,15,72,16
1,2,15,72,16
1,3,15,72,16
1,1,15,72,16
1,1,15,72,16
1,2,15,72,16
1,3,15,72,16
1,2,15,72,16
1,1,15,72,16
1,3,15,72,16
1,2,15,72,16
1,1,15,72,16
1,3,15,72,16
1,2,15,72,16
1,2,15,72,16
1,3,15,72,16
1,1,15,72,16
1,1,15,72,16
1,2,15,72,16
1,3,15,72,16
1,1,15,72,16
0,2,15.2,227,16
1,1,15.2,227,16
1,2,15.2,227,16
1,2,15.2,227,16
1,1,15.2,227,16
0,3,15.2,227,16
0,3,15.2,227,16
1,1,15.2,227,16
0,3,15.2,227,16
1,2,15.2,227,16
0,2,15.2,227,16
0,3,15.2,227,16
1,1,15.2,227,16
1,1,15.2,227,16
0,3,15.2,227,16
1,3,15.2,227,16
0,2,15.2,227,16
1,1,15.2,227,16
1,3,15.2,227,16
1,2,15.2,227,16
1,1,15.2,227,16
0,3,15.2,227,16
0,2,15.2,227,16
1,2,15.2,227,16
1,3,15.2,227,16
1,1,15.2,227,16
1,1,15.2,227,16
1,2,15.2,227,16
1,3,15.2,227,16
0,1,15.2,227,16
1,1,15.5,335,16
1,2,15.5,335,16
1,1,15.5,335,16
1,2,15.5,335,16
1,1,15.5,335,16
1,3,15.5,335,16
0,3,15.5,335,16
1,1,15.5,335,16
1,3,15.5,335,16
1,2,15.5,335,16
1,2,15.5,335,16
1,3,15.5,335,16
1,1,15.5,335,16
1,1,15.5,335,16
1,2,15.5,335,16
1,3,15.5,335,16
1,2,15.5,335,16
1,3,15.5,335,16
1,3,15.5,335,16
1,2,15.5,335,16
1,1,15.5,335,16
1,3,15.5,335,16
1,2,15.5,335,16
1,2,15.5,335,16
1,3,15.5,335,16
1,1,15.5,335,16
0,1,15.5,335,16
1,2,15.5,335,16
1,3,15.5,335,16
1,1,15.5,335,16
1,1,16,378,16
1,2,16,378,16
1,1,16,378,16
1,2,16,378,16
1,1,16,378,16
0,3,16,378,16
0,3,16,378,16
1,1,16,378,16
0,3,16,378,16
1,2,16,378,16
1,2,16,378,16
1,3,16,378,16
1,1,16,378,16
1,1,16,378,16
1,2,16,378,16
1,3,16,378,16
1,2,16,378,16
1,1,16,378,16
0,3,16,378,16
0,2,16,378,16
0,3,16,378,16
1,3,16,378,16
1,2,16,378,16
0,2,16,378,16
1,1,16,378,16
0,1,16,378,16
1,1,16,378,16
1,2,16,378,16
0,3,16,378,16
1,3,16,378,16
0,1,21.5,78,0
1,2,21.5,78,0
0,1,21.5,78,0
1,2,21.5,78,0
0,1,21.5,78,0
0,3,21.5,78,0
0,3,21.5,78,0
0,1,21.5,78,0
0,3,21.5,78,0
1,2,21.5,78,0
0,2,21.5,78,0
1,3,21.5,78,0
0,1,21.5,78,0
0,1,21.5,78,0
1,2,21.5,78,0
1,3,21.5,78,0
0,2,21.5,78,0
0,1,21.5,78,0
0,3,21.5,78,0
0,2,21.5,78,0
0,1,21.5,78,0
0,3,21.5,78,0
0,2,21.5,78,0
1,2,21.5,78,0
0,3,21.5,78,0
1,1,21.5,78,0
0,1,21.5,78,0
1,2,21.5,78,0
1,3,21.5,78,0
0,1,21.5,78,0
1,2,19.9,99,0
0,2,19.9,99,0
1,3,19.9,99,0
0,2,19.9,99,0
0,1,19.9,99,0
0,1,19.9,99,0
0,3,19.9,99,0
0,1,19.9,99,0
0,3,19.9,99,0
0,2,19.9,99,0
1,2,19.9,99,0
1,3,19.9,99,0
0,1,19.9,99,0
1,1,19.9,99,0
1,2,19.9,99,0
1,3,19.9,99,0
0,2,19.9,99,0
1,1,19.9,99,0
1,3,19.9,99,0
1,2,19.9,99,0
1,1,19.9,99,0
1,3,19.9,99,0
1,2,19.9,99,0
1,2,19.9,99,0
1,3,19.9,99,0
1,1,19.9,99,0
1,1,19.9,99,0
1,3,19.9,99,0
0,3,19.9,99,0
1,1,19.9,99,0
1,1,18.6,100,0
1,2,18.6,100,0
1,1,18.6,100,0
0,2,18.6,100,0
1,1,18.6,100,0
0,3,18.6,100,0
0,3,18.6,100,0
1,1,18.6,100,0
0,3,18.6,100,0
0,2,18.6,100,0
0,2,18.6,100,0
0,3,18.6,100,0
1,1,18.6,100,0
1,1,18.6,100,0
1,2,18.6,100,0
0,3,18.6,100,0
0,2,18.6,100,0
1,1,18.6,100,0
1,3,18.6,100,0
0,2,18.6,100,0
0,3,18.6,100,0
0,3,18.6,100,0
0,2,18.6,100,0
1,2,18.6,100,0
1,1,18.6,100,0
1,1,18.6,100,0
0,1,18.6,100,0
1,2,18.6,100,0
0,3,18.6,100,0
1,3,18.6,100,0
1,1,18.6,101,0
0,2,18.6,101,0
0,3,18.6,101,0
0,2,18.6,101,0
1,1,18.6,101,0
0,3,18.6,101,0
1,3,18.6,101,0
1,1,18.6,101,0
1,3,18.6,101,0
1,2,18.6,101,0
0,2,18.6,101,0
1,3,18.6,101,0
1,1,18.6,101,0
0,1,18.6,101,0
0,2,18.6,101,0
1,2,18.6,101,0
0,3,18.6,101,0
1,1,18.6,101,0
1,1,18.6,101,0
0,2,18.6,101,0
1,3,18.6,101,0
0,3,18.6,101,0
0,2,18.6,101,0
0,2,18.6,101,0
1,3,18.6,101,0
1,1,18.6,101,0
1,1,18.6,101,0
1,2,18.6,101,0
1,3,18.6,101,0
1,1,18.6,101,0
1,2,18.3,102,0
0,2,18.3,102,0
0,1,18.3,102,0
1,2,18.3,102,0
1,1,18.3,102,0
0,3,18.3,102,0
1,3,18.3,102,0
1,1,18.3,102,0
1,3,18.3,102,0
0,2,18.3,102,0
1,3,18.3,102,0
1,3,18.3,102,0
1,1,18.3,102,0
1,1,18.3,102,0
1,2,18.3,102,0
1,3,18.3,102,0
1,2,18.3,102,0
1,1,18.3,102,0
1,3,18.3,102,0
1,2,18.3,102,0
0,1,18.3,102,0
1,3,18.3,102,0
1,2,18.3,102,0
1,2,18.3,102,0
1,3,18.3,102,0
0,1,18.3,102,0
0,1,18.3,102,0
1,2,18.3,102,0
1,3,18.3,102,0
0,1,18.3,102,0
0,1,18.9,103,0
0,3,18.9,103,0
0,1,18.9,103,0
1,2,18.9,103,0
1,1,18.9,103,0
1,2,18.9,103,0
1,3,18.9,103,0
0,3,18.9,103,0
1,3,18.9,103,0
1,2,18.9,103,0
1,2,18.9,103,0
1,3,18.9,103,0
1,1,18.9,103,0
1,1,18.9,103,0
1,2,18.9,103,0
1,3,18.9,103,0
1,2,18.9,103,0
1,1,18.9,103,0
1,3,18.9,103,0
1,2,18.9,103,0
1,1,18.9,103,0
1,3,18.9,103,0
1,2,18.9,103,0
0,2,18.9,103,0
1,3,18.9,103,0
1,1,18.9,103,0
1,1,18.9,103,0
1,2,18.9,103,0
1,3,18.9,103,0
1,1,18.9,103,0
1,2,18,104,0
0,2,18,104,0
1,1,18,104,0
1,2,18,104,0
1,3,18,104,0
1,3,18,104,0
1,1,18,104,0
1,1,18,104,0
0,3,18,104,0
1,2,18,104,0
0,2,18,104,0
1,3,18,104,0
1,1,18,104,0
1,1,18,104,0
1,2,18,104,0
0,3,18,104,0
1,2,18,104,0
0,1,18,104,0
1,3,18,104,0
1,3,18,104,0
1,1,18,104,0
1,3,18,104,0
1,2,18,104,0
1,2,18,104,0
1,3,18,104,0
1,1,18,104,0
1,1,18,104,0
1,2,18,104,0
1,3,18,104,0
1,1,18,104,0
1,1,19,105,0
1,3,19,105,0
1,1,19,105,0
1,2,19,105,0
1,1,19,105,0
1,2,19,105,0
1,3,19,105,0
1,3,19,105,0
0,3,19,105,0
1,2,19,105,0
1,2,19,105,0
1,3,19,105,0
1,1,19,105,0
1,1,19,105,0
1,2,19,105,0
1,3,19,105,0
1,2,19,105,0
1,1,19,105,0
1,3,19,105,0
1,2,19,105,0
1,1,19,105,0
1,3,19,105,0
1,2,19,105,0
1,2,19,105,0
1,3,19,105,0
0,1,19,105,0
1,1,19,105,0
1,2,19,105,0
1,3,19,105,0
1,1,19,105,0
1,1,19.3,107,0
0,3,19.3,107,0
1,1,19.3,107,0
1,2,19.3,107,0
1,1,19.3,107,0
1,2,19.3,107,0
1,3,19.3,107,0
0,3,19.3,107,0
0,3,19.3,107,0
0,2,19.3,107,0
1,2,19.3,107,0
0,3,19.3,107,0
0,1,19.3,107,0
1,1,19.3,107,0
1,2,19.3,107,0
1,3,19.3,107,0
1,2,19.3,107,0
1,1,19.3,107,0
1,3,19.3,107,0
1,2,19.3,107,0
1,1,19.3,107,0
0,3,19.3,107,0
1,2,19.3,107,0
1,2,19.3,107,0
1,3,19.3,107,0
1,1,19.3,107,0
0,1,19.3,107,0
1,2,19.3,107,0
0,3,19.3,107,0
0,1,19.3,107,0
1,2,18.7,108,0
1,2,18.7,108,0
0,3,18.7,108,0
0,2,18.7,108,0
1,1,18.7,108,0
1,1,18.7,108,0
0,3,18.7,108,0
0,1,18.7,108,0
0,3,18.7,108,0
1,2,18.7,108,0
0,2,18.7,108,0
1,3,18.7,108,0
0,1,18.7,108,0
1,1,18.7,108,0
1,2,18.7,108,0
0,3,18.7,108,0
1,2,18.7,108,0
0,1,18.7,108,0
0,3,18.7,108,0
1,2,18.7,108,0
1,1,18.7,108,0
0,3,18.7,108,0
1,2,18.7,108,0
1,2,18.7,108,0
0,3,18.7,108,0
1,1,18.7,108,0
1,1,18.7,108,0
0,3,18.7,108,0
0,3,18.7,108,0
1,1,18.7,108,0
1,3,18.7,109,0
1,1,18.7,109,0
0,2,18.7,109,0
1,2,18.7,109,0
0,1,18.7,109,0
1,1,18.7,109,0
1,3,18.7,109,0
1,1,18.7,109,0
1,3,18.7,109,0
1,2,18.7,109,0
1,2,18.7,109,0
0,3,18.7,109,0
0,1,18.7,109,0
0,2,18.7,109,0
0,1,18.7,109,0
1,3,18.7,109,0
1,2,18.7,109,0
1,1,18.7,109,0
1,3,18.7,109,0
1,3,18.7,109,0
1,1,18.7,109,0
1,3,18.7,109,0
0,2,18.7,109,0
1,2,18.7,109,0
1,2,18.7,109,0
1,1,18.7,109,0
1,1,18.7,109,0
0,2,18.7,109,0
0,3,18.7,109,0
1,3,18.7,109,0
1,3,19.7,110,0
1,2,19.7,110,0
1,1,19.7,110,0
1,3,19.7,110,0
0,1,19.7,110,0
1,2,19.7,110,0
1,3,19.7,110,0
1,1,19.7,110,0
1,3,19.7,110,0
1,2,19.7,110,0
1,2,19.7,110,0
1,3,19.7,110,0
0,1,19.7,110,0
1,1,19.7,110,0
1,2,19.7,110,0
1,3,19.7,110,0
1,2,19.7,110,0
1,1,19.7,110,0
1,3,19.7,110,0
1,2,19.7,110,0
1,1,19.7,110,0
1,3,19.7,110,0
1,2,19.7,110,0
0,2,19.7,110,0
1,3,19.7,110,0
1,1,19.7,110,0
1,1,19.7,110,0
1,2,19.7,110,0
1,3,19.7,110,0
1,1,19.7,110,0
1,1,18.2,111,0
1,2,18.2,111,0
0,3,18.2,111,0
1,2,18.2,111,0
1,1,18.2,111,0
0,3,18.2,111,0
0,3,18.2,111,0
1,1,18.2,111,0
0,3,18.2,111,0
1,2,18.2,111,0
0,2,18.2,111,0
0,3,18.2,111,0
1,1,18.2,111,0
0,1,18.2,111,0
0,2,18.2,111,0
1,2,18.2,111,0
1,3,18.2,111,0
0,1,18.2,111,0
1,1,18.2,111,0
1,2,18.2,111,0
0,3,18.2,111,0
1,3,18.2,111,0
1,2,18.2,111,0
1,2,18.2,111,0
1,3,18.2,111,0
1,1,18.2,111,0
1,1,18.2,111,0
1,2,18.2,111,0
1,3,18.2,111,0
0,1,18.2,111,0
1,1,19.3,112,0
1,2,19.3,112,0
1,3,19.3,112,0
1,2,19.3,112,0
1,1,19.3,112,0
1,3,19.3,112,0
1,3,19.3,112,0
1,1,19.3,112,0
1,3,19.3,112,0
1,2,19.3,112,0
1,2,19.3,112,0
1,3,19.3,112,0
0,1,19.3,112,0
1,1,19.3,112,0
1,2,19.3,112,0
1,2,19.3,112,0
1,3,19.3,112,0
1,1,19.3,112,0
1,1,19.3,112,0
1,2,19.3,112,0
1,3,19.3,112,0
1,3,19.3,112,0
1,2,19.3,112,0
1,2,19.3,112,0
1,3,19.3,112,0
0,1,19.3,112,0
1,1,19.3,112,0
1,2,19.3,112,0
0,3,19.3,112,0
1,1,19.3,112,0
0,2,18.4,113,0
0,2,18.4,113,0
1,1,18.4,113,0
1,2,18.4,113,0
0,1,18.4,113,0
1,3,18.4,113,0
1,3,18.4,113,0
0,1,18.4,113,0
0,3,18.4,113,0
1,2,18.4,113,0
1,3,18.4,113,0
1,3,18.4,113,0
1,1,18.4,113,0
1,1,18.4,113,0
1,2,18.4,113,0
1,3,18.4,113,0
1,2,18.4,113,0
0,1,18.4,113,0
1,3,18.4,113,0
1,2,18.4,113,0
1,1,18.4,113,0
1,3,18.4,113,0
1,2,18.4,113,0
1,2,18.4,113,0
1,3,18.4,113,0
1,1,18.4,113,0
1,1,18.4,113,0
1,2,18.4,113,0
1,3,18.4,113,0
1,1,18.4,113,0
1,3,18.2,114,0
1,1,18.2,114,0
0,2,18.2,114,0
1,2,18.2,114,0
1,1,18.2,114,0
1,1,18.2,114,0
0,3,18.2,114,0
1,1,18.2,114,0
1,3,18.2,114,0
1,2,18.2,114,0
1,2,18.2,114,0
1,3,18.2,114,0
0,1,18.2,114,0
1,2,18.2,114,0
0,1,18.2,114,0
1,3,18.2,114,0
1,2,18.2,114,0
0,1,18.2,114,0
1,3,18.2,114,0
1,3,18.2,114,0
0,1,18.2,114,0
0,3,18.2,114,0
1,2,18.2,114,0
0,2,18.2,114,0
1,2,18.2,114,0
1,1,18.2,114,0
1,1,18.2,114,0
1,2,18.2,114,0
1,3,18.2,114,0
1,3,18.2,114,0
1,1,18.5,115,0
1,2,18.5,115,0
1,1,18.5,115,0
0,2,18.5,115,0
1,1,18.5,115,0
1,3,18.5,115,0
1,3,18.5,115,0
1,1,18.5,115,0
1,3,18.5,115,0
1,2,18.5,115,0
1,2,18.5,115,0
1,3,18.5,115,0
1,1,18.5,115,0
1,1,18.5,115,0
1,2,18.5,115,0
1,3,18.5,115,0
1,2,18.5,115,0
1,1,18.5,115,0
1,3,18.5,115,0
1,2,18.5,115,0
1,3,18.5,115,0
1,3,18.5,115,0
1,2,18.5,115,0
1,2,18.5,115,0
1,1,18.5,115,0
1,1,18.5,115,0
1,1,18.5,115,0
1,2,18.5,115,0
1,3,18.5,115,0
1,3,18.5,115,0
1,2,18.5,116,0
1,2,18.5,116,0
1,3,18.5,116,0
1,2,18.5,116,0
1,1,18.5,116,0
1,1,18.5,116,0
1,3,18.5,116,0
1,1,18.5,116,0
1,3,18.5,116,0
0,2,18.5,116,0
1,2,18.5,116,0
1,3,18.5,116,0
1,1,18.5,116,0
1,1,18.5,116,0
1,2,18.5,116,0
1,3,18.5,116,0
1,2,18.5,116,0
0,1,18.5,116,0
1,3,18.5,116,0
1,2,18.5,116,0
1,1,18.5,116,0
1,3,18.5,116,0
0,2,18.5,116,0
1,2,18.5,116,0
1,3,18.5,116,0
0,1,18.5,116,0
1,1,18.5,116,0
1,3,18.5,116,0
0,3,18.5,116,0
1,1,18.5,116,0
1,3,21.3,157,0
1,2,21.3,157,0
0,1,21.3,157,0
1,3,21.3,157,0
0,1,21.3,157,0
1,2,21.3,157,0
1,3,21.3,157,0
1,1,21.3,157,0
0,3,21.3,157,0
1,2,21.3,157,0
1,2,21.3,157,0
1,3,21.3,157,0
1,1,21.3,157,0
1,1,21.3,157,0
1,2,21.3,157,0
0,3,21.3,157,0
1,2,21.3,157,0
0,1,21.3,157,0
1,3,21.3,157,0
1,2,21.3,157,0
1,1,21.3,157,0
1,3,21.3,157,0
1,2,21.3,157,0
1,2,21.3,157,0
1,3,21.3,157,0
1,1,21.3,157,0
0,1,21.3,157,0
1,2,21.3,157,0
0,3,21.3,157,0
1,1,21.3,157,0
1,3,20.4,158,0
1,2,20.4,158,0
1,1,20.4,158,0
1,3,20.4,158,0
1,1,20.4,158,0
1,2,20.4,158,0
1,3,20.4,158,0
1,1,20.4,158,0
1,3,20.4,158,0
1,2,20.4,158,0
0,2,20.4,158,0
1,3,20.4,158,0
1,1,20.4,158,0
0,1,20.4,158,0
1,2,20.4,158,0
1,3,20.4,158,0
1,2,20.4,158,0
1,1,20.4,158,0
1,3,20.4,158,0
1,2,20.4,158,0
1,1,20.4,158,0
1,3,20.4,158,0
1,2,20.4,158,0
0,2,20.4,158,0
1,3,20.4,158,0
1,1,20.4,158,0
1,1,20.4,158,0
1,2,20.4,158,0
1,3,20.4,158,0
1,1,20.4,158,0
1,1,20.6,181,0
1,2,20.6,181,0
1,1,20.6,181,0
0,2,20.6,181,0
1,1,20.6,181,0
0,3,20.6,181,0
0,3,20.6,181,0
1,1,20.6,181,0
1,3,20.6,181,0
1,2,20.6,181,0
0,2,20.6,181,0
1,3,20.6,181,0
0,1,20.6,181,0
1,1,20.6,181,0
1,2,20.6,181,0
1,3,20.6,181,0
1,2,20.6,181,0
1,1,20.6,181,0
1,3,20.6,181,0
1,2,20.6,181,0
1,3,20.6,181,0
0,3,20.6,181,0
1,2,20.6,181,0
0,2,20.6,181,0
1,1,20.6,181,0
0,1,20.6,181,0
1,1,20.6,181,0
1,2,20.6,181,0
1,3,20.6,181,0
1,3,20.6,181,0
1,2,21.8,189,0
1,2,21.8,189,0
1,1,21.8,189,0
1,2,21.8,189,0
1,3,21.8,189,0
1,3,21.8,189,0
1,1,21.8,189,0
0,1,21.8,189,0
1,3,21.8,189,0
1,2,21.8,189,0
1,2,21.8,189,0
1,3,21.8,189,0
1,1,21.8,189,0
1,1,21.8,189,0
1,2,21.8,189,0
1,3,21.8,189,0
1,2,21.8,189,0
1,1,21.8,189,0
1,3,21.8,189,0
1,3,21.8,189,0
1,1,21.8,189,0
1,3,21.8,189,0
1,2,21.8,189,0
1,2,21.8,189,0
1,3,21.8,189,0
1,1,21.8,189,0
1,1,21.8,189,0
1,2,21.8,189,0
1,3,21.8,189,0
1,1,21.8,189,0
0,2,21.2,190,0
1,2,21.2,190,0
1,1,21.2,190,0
1,2,21.2,190,0
1,1,21.2,190,0
0,3,21.2,190,0
0,3,21.2,190,0
1,1,21.2,190,0
1,3,21.2,190,0
1,2,21.2,190,0
0,3,21.2,190,0
1,3,21.2,190,0
0,1,21.2,190,0
1,1,21.2,190,0
1,2,21.2,190,0
1,3,21.2,190,0
1,2,21.2,190,0
1,1,21.2,190,0
1,3,21.2,190,0
1,2,21.2,190,0
0,1,21.2,190,0
1,3,21.2,190,0
1,2,21.2,190,0
1,2,21.2,190,0
1,3,21.2,190,0
0,1,21.2,190,0
1,1,21.2,190,0
1,2,21.2,190,0
1,3,21.2,190,0
0,1,21.2,190,0
1,3,20,201,0
1,1,20,201,0
0,2,20,201,0
1,2,20,201,0
1,1,20,201,0
1,1,20,201,0
1,3,20,201,0
1,1,20,201,0
0,3,20,201,0
1,2,20,201,0
1,2,20,201,0
1,3,20,201,0
1,1,20,201,0
1,2,20,201,0
1,1,20,201,0
1,3,20,201,0
0,2,20,201,0
1,1,20,201,0
1,3,20,201,0
0,3,20,201,0
1,1,20,201,0
1,3,20,201,0
1,2,20,201,0
1,2,20,201,0
0,2,20,201,0
1,1,20,201,0
1,1,20,201,0
1,2,20,201,0
1,3,20,201,0
0,3,20,201,0
1,2,21.9,241,0
1,2,21.9,241,0
1,3,21.9,241,0
1,2,21.9,241,0
1,1,21.9,241,0
1,1,21.9,241,0
1,3,21.9,241,0
1,1,21.9,241,0
0,3,21.9,241,0
0,2,21.9,241,0
1,2,21.9,241,0
0,3,21.9,241,0
1,1,21.9,241,0
1,1,21.9,241,0
0,2,21.9,241,0
0,3,21.9,241,0
1,2,21.9,241,0
0,1,21.9,241,0
0,3,21.9,241,0
1,2,21.9,241,0
1,1,21.9,241,0
1,3,21.9,241,0
0,2,21.9,241,0
1,2,21.9,241,0
1,3,21.9,241,0
0,1,21.9,241,0
1,1,21.9,241,0
1,3,21.9,241,0
1,3,21.9,241,0
0,1,21.9,241,0
0,2,19.5,242,0
0,2,19.5,242,0
1,3,19.5,242,0
0,2,19.5,242,0
1,1,19.5,242,0
1,1,19.5,242,0
1,3,19.5,242,0
1,1,19.5,242,0
0,3,19.5,242,0
0,2,19.5,242,0
1,2,19.5,242,0
0,3,19.5,242,0
1,1,19.5,242,0
1,1,19.5,242,0
1,2,19.5,242,0
1,3,19.5,242,0
1,2,19.5,242,0
1,1,19.5,242,0
1,3,19.5,242,0
1,2,19.5,242,0
1,1,19.5,242,0
1,3,19.5,242,0
1,2,19.5,242,0
0,2,19.5,242,0
0,3,19.5,242,0
1,1,19.5,242,0
1,1,19.5,242,0
0,3,19.5,242,0
0,3,19.5,242,0
1,1,19.5,242,0
1,1,20.5,246,0
0,3,20.5,246,0
1,1,20.5,246,0
0,2,20.5,246,0
1,1,20.5,246,0
1,2,20.5,246,0
1,3,20.5,246,0
0,3,20.5,246,0
0,3,20.5,246,0
1,2,20.5,246,0
0,2,20.5,246,0
0,3,20.5,246,0
1,1,20.5,246,0
1,1,20.5,246,0
1,2,20.5,246,0
1,3,20.5,246,0
1,2,20.5,246,0
1,1,20.5,246,0
1,3,20.5,246,0
1,2,20.5,246,0
1,1,20.5,246,0
1,3,20.5,246,0
1,2,20.5,246,0
0,2,20.5,246,0
1,3,20.5,246,0
1,1,20.5,246,0
1,1,20.5,246,0
1,2,20.5,246,0
1,3,20.5,246,0
1,1,20.5,246,0
1,3,20.7,251,0
0,2,20.7,251,0
1,1,20.7,251,0
1,3,20.7,251,0
0,1,20.7,251,0
1,2,20.7,251,0
1,3,20.7,251,0
1,1,20.7,251,0
0,3,20.7,251,0
1,2,20.7,251,0
0,2,20.7,251,0
1,3,20.7,251,0
1,1,20.7,251,0
1,1,20.7,251,0
1,2,20.7,251,0
1,3,20.7,251,0
1,2,20.7,251,0
1,1,20.7,251,0
1,3,20.7,251,0
1,2,20.7,251,0
1,1,20.7,251,0
1,3,20.7,251,0
1,2,20.7,251,0
0,2,20.7,251,0
1,3,20.7,251,0
1,1,20.7,251,0
1,1,20.7,251,0
1,2,20.7,251,0
1,3,20.7,251,0
1,1,20.7,251,0
1,2,20.3,252,0
0,2,20.3,252,0
0,1,20.3,252,0
0,2,20.3,252,0
1,3,20.3,252,0
1,3,20.3,252,0
1,1,20.3,252,0
0,1,20.3,252,0
1,3,20.3,252,0
1,2,20.3,252,0
1,2,20.3,252,0
1,3,20.3,252,0
1,1,20.3,252,0
0,1,20.3,252,0
1,2,20.3,252,0
1,3,20.3,252,0
0,2,20.3,252,0
1,1,20.3,252,0
1,3,20.3,252,0
1,3,20.3,252,0
1,1,20.3,252,0
1,3,20.3,252,0
1,2,20.3,252,0
1,2,20.3,252,0
1,3,20.3,252,0
1,1,20.3,252,0
1,1,20.3,252,0
1,2,20.3,252,0
1,3,20.3,252,0
1,1,20.3,252,0
0,3,18.6,266,0
1,1,18.6,266,0
0,2,18.6,266,0
1,2,18.6,266,0
1,1,18.6,266,0
1,1,18.6,266,0
1,3,18.6,266,0
1,1,18.6,266,0
0,3,18.6,266,0
1,2,18.6,266,0
0,2,18.6,266,0
0,3,18.6,266,0
1,1,18.6,266,0
0,2,18.6,266,0
1,1,18.6,266,0
1,3,18.6,266,0
0,2,18.6,266,0
1,1,18.6,266,0
1,3,18.6,266,0
1,3,18.6,266,0
1,1,18.6,266,0
0,3,18.6,266,0
0,2,18.6,266,0
0,2,18.6,266,0
0,2,18.6,266,0
1,1,18.6,266,0
1,1,18.6,266,0
0,2,18.6,266,0
1,3,18.6,266,0
1,3,18.6,266,0
1,1,18.3,276,0
1,2,18.3,276,0
0,3,18.3,276,0
1,2,18.3,276,0
1,1,18.3,276,0
1,3,18.3,276,0
1,3,18.3,276,0
1,1,18.3,276,0
0,3,18.3,276,0
1,2,18.3,276,0
1,2,18.3,276,0
1,3,18.3,276,0
0,1,18.3,276,0
0,1,18.3,276,0
1,2,18.3,276,0
0,2,18.3,276,0
1,3,18.3,276,0
0,1,18.3,276,0
1,1,18.3,276,0
0,2,18.3,276,0
1,3,18.3,276,0
1,3,18.3,276,0
1,2,18.3,276,0
1,2,18.3,276,0
1,3,18.3,276,0
1,1,18.3,276,0
1,1,18.3,276,0
1,2,18.3,276,0
1,3,18.3,276,0
1,1,18.3,276,0
1,2,18.2,277,0
1,1,18.2,277,0
1,2,18.2,277,0
1,2,18.2,277,0
1,1,18.2,277,0
1,3,18.2,277,0
0,3,18.2,277,0
1,1,18.2,277,0
0,3,18.2,277,0
1,2,18.2,277,0
1,2,18.2,277,0
1,3,18.2,277,0
1,1,18.2,277,0
1,1,18.2,277,0
1,3,18.2,277,0
1,3,18.2,277,0
1,2,18.2,277,0
1,1,18.2,277,0
1,3,18.2,277,0
1,2,18.2,277,0
1,1,18.2,277,0
1,3,18.2,277,0
1,2,18.2,277,0
0,2,18.2,277,0
1,3,18.2,277,0
0,1,18.2,277,0
0,1,18.2,277,0
1,2,18.2,277,0
1,3,18.2,277,0
1,1,18.2,277,0
1,2,20.2,306,0
0,2,20.2,306,0
1,1,20.2,306,0
1,2,20.2,306,0
1,1,20.2,306,0
1,3,20.2,306,0
1,3,20.2,306,0
1,1,20.2,306,0
1,3,20.2,306,0
1,2,20.2,306,0
1,3,20.2,306,0
1,3,20.2,306,0
1,1,20.2,306,0
1,1,20.2,306,0
1,2,20.2,306,0
1,3,20.2,306,0
1,2,20.2,306,0
1,1,20.2,306,0
1,3,20.2,306,0
1,2,20.2,306,0
1,1,20.2,306,0
1,3,20.2,306,0
1,2,20.2,306,0
0,2,20.2,306,0
1,3,20.2,306,0
1,1,20.2,306,0
1,1,20.2,306,0
1,2,20.2,306,0
1,3,20.2,306,0
1,1,20.2,306,0
1,3,19.3,339,0
0,1,19.3,339,0
0,2,19.3,339,0
1,2,19.3,339,0
1,1,19.3,339,0
0,1,19.3,339,0
1,3,19.3,339,0
1,1,19.3,339,0
1,3,19.3,339,0
1,2,19.3,339,0
1,2,19.3,339,0
1,3,19.3,339,0
1,1,19.3,339,0
1,2,19.3,339,0
1,1,19.3,339,0
1,3,19.3,339,0
1,2,19.3,339,0
1,1,19.3,339,0
1,3,19.3,339,0
1,3,19.3,339,0
0,1,19.3,339,0
1,3,19.3,339,0
1,2,19.3,339,0
1,2,19.3,339,0
1,2,19.3,339,0
0,1,19.3,339,0
1,1,19.3,339,0
1,2,19.3,339,0
1,3,19.3,339,0
1,3,19.3,339,0
1,3,19.7,340,0
0,1,19.7,340,0
1,2,19.7,340,0
1,2,19.7,340,0
1,1,19.7,340,0
1,1,19.7,340,0
1,3,19.7,340,0
0,1,19.7,340,0
1,3,19.7,340,0
1,2,19.7,340,0
1,2,19.7,340,0
1,3,19.7,340,0
1,1,19.7,340,0
1,2,19.7,340,0
1,1,19.7,340,0
1,3,19.7,340,0
1,2,19.7,340,0
1,1,19.7,340,0
1,3,19.7,340,0
1,3,19.7,340,0
1,1,19.7,340,0
1,3,19.7,340,0
1,2,19.7,340,0
0,2,19.7,340,0
1,2,19.7,340,0
1,1,19.7,340,0
0,1,19.7,340,0
1,2,19.7,340,0
1,3,19.7,340,0
1,3,19.7,340,0
0,2,20.8,368,0
0,1,20.8,368,0
0,2,20.8,368,0
0,2,20.8,368,0
0,1,20.8,368,0
0,3,20.8,368,0
0,3,20.8,368,0
0,1,20.8,368,0
0,3,20.8,368,0
1,2,20.8,368,0
0,2,20.8,368,0
1,3,20.8,368,0
1,1,20.8,368,0
0,1,20.8,368,0
0,3,20.8,368,0
0,3,20.8,368,0
1,2,20.8,368,0
1,1,20.8,368,0
0,3,20.8,368,0
1,2,20.8,368,0
1,1,20.8,368,0
1,3,20.8,368,0
0,2,20.8,368,0
0,2,20.8,368,0
1,3,20.8,368,0
1,1,20.8,368,0
0,1,20.8,368,0
1,2,20.8,368,0
0,3,20.8,368,0
0,1,20.8,368,0
0,2,21.3,417,0
0,2,21.3,417,0
1,1,21.3,417,0
1,2,21.3,417,0
1,3,21.3,417,0
0,3,21.3,417,0
1,1,21.3,417,0
1,1,21.3,417,0
0,3,21.3,417,0
0,2,21.3,417,0
1,2,21.3,417,0
0,3,21.3,417,0
1,1,21.3,417,0
1,1,21.3,417,0
1,2,21.3,417,0
1,3,21.3,417,0
1,2,21.3,417,0
1,1,21.3,417,0
0,3,21.3,417,0
1,3,21.3,417,0
1,1,21.3,417,0
0,3,21.3,417,0
1,2,21.3,417,0
1,2,21.3,417,0
1,3,21.3,417,0
1,1,21.3,417,0
1,1,21.3,417,0
1,2,21.3,417,0
1,3,21.3,417,0
1,1,21.3,417,0
1,1,19.5,418,0
1,2,19.5,418,0
1,1,19.5,418,0
1,2,19.5,418,0
1,1,19.5,418,0
1,3,19.5,418,0
1,3,19.5,418,0
1,1,19.5,418,0
1,3,19.5,418,0
1,2,19.5,418,0
1,2,19.5,418,0
1,3,19.5,418,0
1,1,19.5,418,0
1,1,19.5,418,0
0,2,19.5,418,0
1,3,19.5,418,0
1,2,19.5,418,0
1,1,19.5,418,0
1,3,19.5,418,0
1,2,19.5,418,0
1,3,19.5,418,0
1,3,19.5,418,0
1,2,19.5,418,0
1,2,19.5,418,0
1,1,19.5,418,0
0,1,19.5,418,0
0,1,19.5,418,0
1,2,19.5,418,0
1,3,19.5,418,0
1,3,19.5,418,0
